solid Created by Gmsh
facet normal 0 -1 0
  outer loop
    vertex 12.04436808031595 0 3.63450352388575
    vertex 17.12264901787722 0 4.333683218247669
    vertex 13.97484359577211 0 9.041286645977452
  endloop
endfacet
facet normal 0 -1 0
  outer loop
    vertex -19.57331520608717 0 -4.227350082935791
    vertex -14.7890905480842 0 -7.759907911337052
    vertex -13.51202456907467 0 -2.903984754313075
  endloop
endfacet
facet normal 0 -1 0
  outer loop
    vertex -3.925686993327021 0 13.64658292467816
    vertex 1.736186223887055 0 15.71204650982082
    vertex -2.760913276552516 0 19.42770047552149
  endloop
endfacet
facet normal -0 -1 0
  outer loop
    vertex 6.185858139238963 0 19.38260742058229
    vertex 2.071784671403495 0 20.79520888485395
    vertex 1.736186223887055 0 15.71204650982082
  endloop
endfacet
facet normal 0 -1 0
  outer loop
    vertex 1.736186223887055 0 15.71204650982082
    vertex 6.273230249121013 0 15.13801738429224
    vertex 6.185858139238963 0 19.38260742058229
  endloop
endfacet
facet normal 0 -1 0
  outer loop
    vertex 13.97484359577211 0 9.041286645977452
    vertex 17.12264901787722 0 4.333683218247669
    vertex 19.27097174860599 0 8.339168298771366
  endloop
endfacet
facet normal 0 -1 0
  outer loop
    vertex -2.760913276552516 0 19.42770047552149
    vertex -6.597958189489529 0 16.8446577974728
    vertex -3.925686993327021 0 13.64658292467816
  endloop
endfacet
facet normal 0 -1 -0
  outer loop
    vertex -14.7890905480842 0 -7.759907911337052
    vertex -16.69314891907171 0 -12.21465816281919
    vertex -11.24509784167577 0 -11.22293058700953
  endloop
endfacet
facet normal -0 -1 0
  outer loop
    vertex -13.51202456907467 0 -2.903984754313075
    vertex -17.08667752847805 0 0.914164469360371
    vertex -19.57331520608717 0 -4.227350082935791
  endloop
endfacet
facet normal 0 -1 -0
  outer loop
    vertex -15.54754769422667 0 6.370757413074529
    vertex -17.08667752847805 0 0.914164469360371
    vertex -11.9078467186014 0 2.095421607072105
  endloop
endfacet
facet normal 0 -1 0
  outer loop
    vertex 7.494377262423143 0 -11.29027770872325
    vertex 9.418570893007896 0 -15.2700768153714
    vertex 12.76905701784971 0 -10.59646669673925
  endloop
endfacet
facet normal 0 -1 -0
  outer loop
    vertex 12.76905701784971 0 -10.59646669673925
    vertex 9.418570893007896 0 -15.2700768153714
    vertex 13.8735713173618 0 -15.71162782700003
  endloop
endfacet
facet normal 0 -1 0
  outer loop
    vertex 1.736186223887055 0 15.71204650982082
    vertex 2.071784671403495 0 20.79520888485395
    vertex -2.760913276552516 0 19.42770047552149
  endloop
endfacet
facet normal -0 -1 0
  outer loop
    vertex 18.26697254489832 0 -7.870030635253174
    vertex 13.92188529339717 0 -4.770789696070475
    vertex 12.76905701784971 0 -10.59646669673925
  endloop
endfacet
facet normal 0 -1 0
  outer loop
    vertex -11.24509784167577 0 -11.22293058700953
    vertex -16.69314891907171 0 -12.21465816281919
    vertex -13.45564152676981 0 -15.33702267920092
  endloop
endfacet
facet normal 0 -1 -0
  outer loop
    vertex 13.60799683048381 0 15.11321158169139
    vertex 9.558316663969251 0 12.74651399399515
    vertex 13.97484359577211 0 9.041286645977452
  endloop
endfacet
facet normal -0 -1 0
  outer loop
    vertex -7.694960505759962 0 -15.1495159647303
    vertex -11.24509784167577 0 -11.22293058700953
    vertex -13.45564152676981 0 -15.33702267920092
  endloop
endfacet
facet normal 0 -1 0
  outer loop
    vertex -20.38888447474614 0 4.150142633264527
    vertex -17.08667752847805 0 0.914164469360371
    vertex -15.54754769422667 0 6.370757413074529
  endloop
endfacet
facet normal 0 -1 0
  outer loop
    vertex 13.97484359577211 0 9.041286645977452
    vertex 17.41661358128152 0 12.34438633708236
    vertex 13.60799683048381 0 15.11321158169139
  endloop
endfacet
facet normal 0 -1 0
  outer loop
    vertex 10.23904446637868 0 17.81494336523309
    vertex 6.273230249121013 0 15.13801738429224
    vertex 9.558316663969251 0 12.74651399399515
  endloop
endfacet
facet normal 0 -1 -0
  outer loop
    vertex -10.2402036927771 0 17.99021367616013
    vertex -13.67228167168437 0 15.05385095955767
    vertex -9.069436268590858 0 12.92010885099568
  endloop
endfacet
facet normal 0 -1 0
  outer loop
    vertex -19.57331520608717 0 -4.227350082935791
    vertex -19.28325868745523 0 -8.835406342421532
    vertex -14.7890905480842 0 -7.759907911337052
  endloop
endfacet
facet normal 0 -1 0
  outer loop
    vertex -11.9078467186014 0 2.095421607072105
    vertex -17.08667752847805 0 0.914164469360371
    vertex -13.51202456907467 0 -2.903984754313075
  endloop
endfacet
facet normal 0 -1 0
  outer loop
    vertex -15.54754769422667 0 6.370757413074529
    vertex -12.72828806549503 0 10.63254533583561
    vertex -16.7225100589965 0 11.82654787600951
  endloop
endfacet
facet normal 0 -1 -0
  outer loop
    vertex -16.7225100589965 0 11.82654787600951
    vertex -19.61719804599183 0 8.514574556344431
    vertex -15.54754769422667 0 6.370757413074529
  endloop
endfacet
facet normal 0 -1 0
  outer loop
    vertex -13.45564152676981 0 -15.33702267920092
    vertex -10.51224498291293 0 -18.75870157797439
    vertex -7.694960505759962 0 -15.1495159647303
  endloop
endfacet
facet normal 0 -1 0
  outer loop
    vertex 18.26697254489832 0 -7.870030635253174
    vertex 12.76905701784971 0 -10.59646669673925
    vertex 17.13858394914068 0 -12.53314463341574
  endloop
endfacet
facet normal -0 -1 0
  outer loop
    vertex 13.60799683048381 0 15.11321158169139
    vertex 10.23904446637868 0 17.81494336523309
    vertex 9.558316663969251 0 12.74651399399515
  endloop
endfacet
facet normal 0 -1 0
  outer loop
    vertex -13.67228167168437 0 15.05385095955767
    vertex -12.72828806549503 0 10.63254533583561
    vertex -9.069436268590858 0 12.92010885099568
  endloop
endfacet
facet normal 0 -1 0
  outer loop
    vertex 13.92188529339717 0 -4.770789696070475
    vertex 9.079931314456529 0 -6.306825750697674
    vertex 12.76905701784971 0 -10.59646669673925
  endloop
endfacet
facet normal 0 -1 0
  outer loop
    vertex 15.35274051646686 0 0.1945575876669114
    vertex 17.12264901787722 0 4.333683218247669
    vertex 12.04436808031595 0 3.63450352388575
  endloop
endfacet
facet normal -0 -1 0
  outer loop
    vertex 13.92188529339717 0 -4.770789696070475
    vertex 10.44941000037425 0 -1.174202477020728
    vertex 9.079931314456529 0 -6.306825750697674
  endloop
endfacet
facet normal 0 -1 -0
  outer loop
    vertex 9.079931314456529 0 -6.306825750697674
    vertex 7.494377262423143 0 -11.29027770872325
    vertex 12.76905701784971 0 -10.59646669673925
  endloop
endfacet
facet normal 0 -1 0
  outer loop
    vertex 10.44941000037425 0 -1.174202477020728
    vertex 5.465940730082441 0 -2.514926430129022
    vertex 9.079931314456529 0 -6.306825750697674
  endloop
endfacet
facet normal -0 -1 0
  outer loop
    vertex 10.44941000037425 0 -1.174202477020728
    vertex 6.865388755707638 0 2.524757937137593
    vertex 5.465940730082441 0 -2.514926430129022
  endloop
endfacet
facet normal 0 -1 0
  outer loop
    vertex 10.44941000037425 0 -1.174202477020728
    vertex 12.04436808031595 0 3.63450352388575
    vertex 6.865388755707638 0 2.524757937137593
  endloop
endfacet
facet normal 0 -1 0
  outer loop
    vertex 6.865388755707638 0 2.524757937137593
    vertex 1.833189517959934 0 1.20078537175683
    vertex 5.465940730082441 0 -2.514926430129022
  endloop
endfacet
facet normal 0 -1 -0
  outer loop
    vertex 1.833189517959934 0 1.20078537175683
    vertex 0.4361049370235542 0 -3.825569301428843
    vertex 5.465940730082441 0 -2.514926430129022
  endloop
endfacet
facet normal -0 -1 0
  outer loop
    vertex 12.04436808031595 0 3.63450352388575
    vertex 8.253582048637664 0 7.490597632805725
    vertex 6.865388755707638 0 2.524757937137593
  endloop
endfacet
facet normal 0 -1 0
  outer loop
    vertex 1.833189517959934 0 1.20078537175683
    vertex -3.226006423733516 0 -0.1146211322625631
    vertex 0.4361049370235542 0 -3.825569301428843
  endloop
endfacet
facet normal 0 -1 0
  outer loop
    vertex 12.04436808031595 0 3.63450352388575
    vertex 13.97484359577211 0 9.041286645977452
    vertex 8.253582048637664 0 7.490597632805725
  endloop
endfacet
facet normal 0 -1 -0
  outer loop
    vertex -3.226006423733516 0 -0.1146211322625631
    vertex -4.612823298356533 0 -5.15484988754627
    vertex 0.4361049370235542 0 -3.825569301428843
  endloop
endfacet
facet normal -0 -1 0
  outer loop
    vertex 1.833189517959934 0 1.20078537175683
    vertex -1.836612496442895 0 4.9220877267991
    vertex -3.226006423733516 0 -0.1146211322625631
  endloop
endfacet
facet normal 0 -1 0
  outer loop
    vertex -4.612823298356533 0 -5.15484988754627
    vertex -0.961183642332212 0 -8.859275528097491
    vertex 0.4361049370235542 0 -3.825569301428843
  endloop
endfacet
facet normal 0 -1 0
  outer loop
    vertex -1.836612496442895 0 4.9220877267991
    vertex -6.894512679708784 0 3.604958477000555
    vertex -3.226006423733516 0 -0.1146211322625631
  endloop
endfacet
facet normal 0 -1 -0
  outer loop
    vertex -4.612823298356533 0 -5.15484988754627
    vertex -5.950981614478453 0 -10.13949980121442
    vertex -0.961183642332212 0 -8.859275528097491
  endloop
endfacet
facet normal -0 -1 0
  outer loop
    vertex -1.836612496442895 0 4.9220877267991
    vertex -5.506447091910291 0 8.643453584601019
    vertex -6.894512679708784 0 3.604958477000555
  endloop
endfacet
facet normal 0 -1 0
  outer loop
    vertex -4.612823298356533 0 -5.15484988754627
    vertex -9.609407968882785 0 -6.411960170142572
    vertex -5.950981614478453 0 -10.13949980121442
  endloop
endfacet
facet normal 0 -1 0
  outer loop
    vertex -5.950981614478453 0 -10.13949980121442
    vertex -2.414862767283813 0 -13.60705405845513
    vertex -0.961183642332212 0 -8.859275528097491
  endloop
endfacet
facet normal 0 -1 0
  outer loop
    vertex -1.836612496442895 0 4.9220877267991
    vertex -0.4492272510321351 0 9.96080553356272
    vertex -5.506447091910291 0 8.643453584601019
  endloop
endfacet
facet normal 0 -1 0
  outer loop
    vertex -5.506447091910291 0 8.643453584601019
    vertex -10.25508749248813 0 7.240873083869457
    vertex -6.894512679708784 0 3.604958477000555
  endloop
endfacet
facet normal 0 -1 -0
  outer loop
    vertex -5.950981614478453 0 -10.13949980121442
    vertex -7.694960505759962 0 -15.1495159647303
    vertex -2.414862767283813 0 -13.60705405845513
  endloop
endfacet
facet normal 0 -1 -0
  outer loop
    vertex -10.25508749248813 0 7.240873083869457
    vertex -11.9078467186014 0 2.095421607072105
    vertex -6.894512679708784 0 3.604958477000555
  endloop
endfacet
facet normal -0 -1 0
  outer loop
    vertex -0.4492272510321351 0 9.96080553356272
    vertex -3.925686993327021 0 13.64658292467816
    vertex -5.506447091910291 0 8.643453584601019
  endloop
endfacet
facet normal 0 -1 0
  outer loop
    vertex -0.4492272510321351 0 9.96080553356272
    vertex 1.736186223887055 0 15.71204650982082
    vertex -3.925686993327021 0 13.64658292467816
  endloop
endfacet
facet normal -0 -1 0
  outer loop
    vertex 10.16841607689503 0 -22.83863644106501
    vertex 6.270267905764048 0 -19.39249211927021
    vertex 5.197792270443988 0 -24.45369001834514
  endloop
endfacet
facet normal 0 -1 0
  outer loop
    vertex -21.65063509461098 0 12.49999999999997
    vertex -16.7225100589965 0 11.82654787600951
    vertex -18.57862063693487 0 16.72826515897144
  endloop
endfacet
facet normal 0 -1 0
  outer loop
    vertex -24.86304738420684 0 2.613211581691265
    vertex -20.38888447474614 0 4.150142633264527
    vertex -23.77641290737886 0 7.725424859373634
  endloop
endfacet
facet normal 0 -1 0
  outer loop
    vertex -23.77641290737881 0 -7.72542485937378
    vertex -19.57331520608717 0 -4.227350082935791
    vertex -24.86304738420682 0 -2.613211581691433
  endloop
endfacet
facet normal 0 -1 0
  outer loop
    vertex 23.77641290737886 0 -7.725424859373627
    vertex 18.26697254489832 0 -7.870030635253174
    vertex 21.65063509461099 0 -12.49999999999995
  endloop
endfacet
facet normal -0 -1 0
  outer loop
    vertex 18.57862063693487 0 -16.72826515897144
    vertex 13.8735713173618 0 -15.71162782700003
    vertex 14.69463130731184 0 -20.22542485937367
  endloop
endfacet
facet normal 0 -1 0
  outer loop
    vertex -5.197792270443991 0 24.45369001834514
    vertex -2.760913276552516 0 19.42770047552149
    vertex 0 0 25
  endloop
endfacet
facet normal 0 -1 0
  outer loop
    vertex 3.06151588455594e-15 0 -25
    vertex -2.091669943218885 0 -20.83493697487186
    vertex -5.197792270443972 0 -24.45369001834514
  endloop
endfacet
facet normal 0 -1 -0
  outer loop
    vertex 24.86304738420682 0 2.613211581691435
    vertex 20.42184360754219 0 0.1862431043809782
    vertex 24.86304738420684 0 -2.613211581691246
  endloop
endfacet
facet normal 0 -1 0
  outer loop
    vertex -14.69463130731184 0 20.22542485937367
    vertex -10.2402036927771 0 17.99021367616013
    vertex -10.16841607689502 0 22.83863644106502
  endloop
endfacet
facet normal 0 -1 -0
  outer loop
    vertex 21.65063509461092 0 12.50000000000008
    vertex 19.27097174860599 0 8.339168298771366
    vertex 23.77641290737881 0 7.725424859373787
  endloop
endfacet
facet normal 0 -1 0
  outer loop
    vertex 5.197792270443975 0 24.45369001834514
    vertex 6.185858139238963 0 19.38260742058229
    vertex 10.16841607689498 0 22.83863644106503
  endloop
endfacet
facet normal 0 -1 0
  outer loop
    vertex -14.69463130731178 0 -20.22542485937372
    vertex -13.45564152676981 0 -15.33702267920092
    vertex -18.5786206369348 0 -16.72826515897151
  endloop
endfacet
facet normal 0 -1 -0
  outer loop
    vertex 14.69463130731178 0 20.22542485937372
    vertex 13.60799683048381 0 15.11321158169139
    vertex 18.5786206369348 0 16.72826515897151
  endloop
endfacet
facet normal -0 -1 0
  outer loop
    vertex -5.506447091910291 0 8.643453584601019
    vertex -9.069436268590858 0 12.92010885099568
    vertex -10.25508749248813 0 7.240873083869457
  endloop
endfacet
facet normal 0 -1 0
  outer loop
    vertex -3.925686993327021 0 13.64658292467816
    vertex -9.069436268590858 0 12.92010885099568
    vertex -5.506447091910291 0 8.643453584601019
  endloop
endfacet
facet normal 0 -1 0
  outer loop
    vertex -3.226006423733516 0 -0.1146211322625631
    vertex -8.265045786728965 0 -1.455440449086151
    vertex -4.612823298356533 0 -5.15484988754627
  endloop
endfacet
facet normal 0 -1 -0
  outer loop
    vertex -6.894512679708784 0 3.604958477000555
    vertex -8.265045786728965 0 -1.455440449086151
    vertex -3.226006423733516 0 -0.1146211322625631
  endloop
endfacet
facet normal 0 -1 0
  outer loop
    vertex -11.9078467186014 0 2.095421607072105
    vertex -8.265045786728965 0 -1.455440449086151
    vertex -6.894512679708784 0 3.604958477000555
  endloop
endfacet
facet normal -0 -1 0
  outer loop
    vertex -4.612823298356533 0 -5.15484988754627
    vertex -8.265045786728965 0 -1.455440449086151
    vertex -9.609407968882785 0 -6.411960170142572
  endloop
endfacet
facet normal 0 -1 -0
  outer loop
    vertex -13.51202456907467 0 -2.903984754313075
    vertex -14.7890905480842 0 -7.759907911337052
    vertex -9.609407968882785 0 -6.411960170142572
  endloop
endfacet
facet normal 0 -1 -0
  outer loop
    vertex -11.9078467186014 0 2.095421607072105
    vertex -13.51202456907467 0 -2.903984754313075
    vertex -8.265045786728965 0 -1.455440449086151
  endloop
endfacet
facet normal 0 -1 0
  outer loop
    vertex -8.265045786728965 0 -1.455440449086151
    vertex -13.51202456907467 0 -2.903984754313075
    vertex -9.609407968882785 0 -6.411960170142572
  endloop
endfacet
facet normal 0 -1 0
  outer loop
    vertex 3.212238788371773 0 6.229645779450022
    vertex 4.607112155400436 0 11.27884047463817
    vertex -0.4492272510321351 0 9.96080553356272
  endloop
endfacet
facet normal 0 -1 0
  outer loop
    vertex -1.836612496442895 0 4.9220877267991
    vertex 3.212238788371773 0 6.229645779450022
    vertex -0.4492272510321351 0 9.96080553356272
  endloop
endfacet
facet normal -0 -1 0
  outer loop
    vertex 6.865388755707638 0 2.524757937137593
    vertex 3.212238788371773 0 6.229645779450022
    vertex 1.833189517959934 0 1.20078537175683
  endloop
endfacet
facet normal -0 -1 0
  outer loop
    vertex 8.253582048637664 0 7.490597632805725
    vertex 4.607112155400436 0 11.27884047463817
    vertex 3.212238788371773 0 6.229645779450022
  endloop
endfacet
facet normal 0 -1 0
  outer loop
    vertex 8.253582048637664 0 7.490597632805725
    vertex 3.212238788371773 0 6.229645779450022
    vertex 6.865388755707638 0 2.524757937137593
  endloop
endfacet
facet normal 0 -1 0
  outer loop
    vertex 1.833189517959934 0 1.20078537175683
    vertex 3.212238788371773 0 6.229645779450022
    vertex -1.836612496442895 0 4.9220877267991
  endloop
endfacet
facet normal 0 -1 0
  outer loop
    vertex -0.4492272510321351 0 9.96080553356272
    vertex 4.607112155400436 0 11.27884047463817
    vertex 1.736186223887055 0 15.71204650982082
  endloop
endfacet
facet normal 0 -1 0
  outer loop
    vertex -0.961183642332212 0 -8.859275528097491
    vertex 2.403810244850876 0 -12.31405751446665
    vertex 4.026437286442544 0 -7.561998367627126
  endloop
endfacet
facet normal 0 -1 0
  outer loop
    vertex 9.079931314456529 0 -6.306825750697674
    vertex 4.026437286442544 0 -7.561998367627126
    vertex 7.494377262423143 0 -11.29027770872325
  endloop
endfacet
facet normal 0 -1 0
  outer loop
    vertex -0.961183642332212 0 -8.859275528097491
    vertex 4.026437286442544 0 -7.561998367627126
    vertex 0.4361049370235542 0 -3.825569301428843
  endloop
endfacet
facet normal 0 -1 -0
  outer loop
    vertex 5.465940730082441 0 -2.514926430129022
    vertex 4.026437286442544 0 -7.561998367627126
    vertex 9.079931314456529 0 -6.306825750697674
  endloop
endfacet
facet normal 0 -1 -0
  outer loop
    vertex 4.026437286442544 0 -7.561998367627126
    vertex 2.403810244850876 0 -12.31405751446665
    vertex 7.494377262423143 0 -11.29027770872325
  endloop
endfacet
facet normal 0 -1 0
  outer loop
    vertex 0.4361049370235542 0 -3.825569301428843
    vertex 4.026437286442544 0 -7.561998367627126
    vertex 5.465940730082441 0 -2.514926430129022
  endloop
endfacet
facet normal 0 -1 0
  outer loop
    vertex -2.414862767283813 0 -13.60705405845513
    vertex 2.403810244850876 0 -12.31405751446665
    vertex -0.961183642332212 0 -8.859275528097491
  endloop
endfacet
facet normal 0 -1 0
  outer loop
    vertex 13.92188529339717 0 -4.770789696070475
    vertex 15.35274051646686 0 0.1945575876669114
    vertex 10.44941000037425 0 -1.174202477020728
  endloop
endfacet
facet normal -0 -1 0
  outer loop
    vertex 13.97484359577211 0 9.041286645977452
    vertex 9.558316663969251 0 12.74651399399515
    vertex 8.253582048637664 0 7.490597632805725
  endloop
endfacet
facet normal 0 -1 0
  outer loop
    vertex -5.950981614478453 0 -10.13949980121442
    vertex -11.24509784167577 0 -11.22293058700953
    vertex -7.694960505759962 0 -15.1495159647303
  endloop
endfacet
facet normal 0 -1 0
  outer loop
    vertex -14.7890905480842 0 -7.759907911337052
    vertex -11.24509784167577 0 -11.22293058700953
    vertex -9.609407968882785 0 -6.411960170142572
  endloop
endfacet
facet normal 0 -1 0
  outer loop
    vertex 10.44941000037425 0 -1.174202477020728
    vertex 15.35274051646686 0 0.1945575876669114
    vertex 12.04436808031595 0 3.63450352388575
  endloop
endfacet
facet normal 0 -1 0
  outer loop
    vertex 8.253582048637664 0 7.490597632805725
    vertex 9.558316663969251 0 12.74651399399515
    vertex 4.607112155400436 0 11.27884047463817
  endloop
endfacet
facet normal 0 -1 0
  outer loop
    vertex -6.993550716200147 0 20.23868306000853
    vertex -6.597958189489529 0 16.8446577974728
    vertex -2.760913276552516 0 19.42770047552149
  endloop
endfacet
facet normal 0 -1 0
  outer loop
    vertex 19.27097174860599 0 8.339168298771366
    vertex 17.41661358128152 0 12.34438633708236
    vertex 13.97484359577211 0 9.041286645977452
  endloop
endfacet
facet normal 0 -1 0
  outer loop
    vertex 18.26697254489832 0 -7.870030635253174
    vertex 17.5001232077537 0 -3.013305689675062
    vertex 13.92188529339717 0 -4.770789696070475
  endloop
endfacet
facet normal 0 -1 0
  outer loop
    vertex -10.25508749248813 0 7.240873083869457
    vertex -15.54754769422667 0 6.370757413074529
    vertex -11.9078467186014 0 2.095421607072105
  endloop
endfacet
facet normal 0 -1 0
  outer loop
    vertex 4.607112155400436 0 11.27884047463817
    vertex 6.273230249121013 0 15.13801738429224
    vertex 1.736186223887055 0 15.71204650982082
  endloop
endfacet
facet normal 0 -1 -0
  outer loop
    vertex -9.609407968882785 0 -6.411960170142572
    vertex -11.24509784167577 0 -11.22293058700953
    vertex -5.950981614478453 0 -10.13949980121442
  endloop
endfacet
facet normal 0 -1 0
  outer loop
    vertex 1.157748303884421 0 -16.96065437119264
    vertex 2.106827707374713 0 -21.32835469673597
    vertex 6.270267905764048 0 -19.39249211927021
  endloop
endfacet
facet normal 0 -1 0
  outer loop
    vertex 6.270267905764048 0 -19.39249211927021
    vertex 5.348954921986078 0 -15.04551170580483
    vertex 1.157748303884421 0 -16.96065437119264
  endloop
endfacet
facet normal -0 -1 0
  outer loop
    vertex 17.13858394914068 0 -12.53314463341574
    vertex 12.76905701784971 0 -10.59646669673925
    vertex 13.8735713173618 0 -15.71162782700003
  endloop
endfacet
facet normal 0 -1 0
  outer loop
    vertex -21.65063509461092 0 -12.50000000000008
    vertex -19.28325868745523 0 -8.835406342421532
    vertex -23.77641290737881 0 -7.72542485937378
  endloop
endfacet
facet normal 0 -1 0
  outer loop
    vertex -23.77641290737881 0 -7.72542485937378
    vertex -19.28325868745523 0 -8.835406342421532
    vertex -19.57331520608717 0 -4.227350082935791
  endloop
endfacet
facet normal 0 -1 0
  outer loop
    vertex -19.28325868745523 0 -8.835406342421532
    vertex -16.69314891907171 0 -12.21465816281919
    vertex -14.7890905480842 0 -7.759907911337052
  endloop
endfacet
facet normal -0 -1 0
  outer loop
    vertex -10.25508749248813 0 7.240873083869457
    vertex -12.72828806549503 0 10.63254533583561
    vertex -15.54754769422667 0 6.370757413074529
  endloop
endfacet
facet normal 0 -1 0
  outer loop
    vertex 6.185858139238963 0 19.38260742058229
    vertex 6.273230249121013 0 15.13801738429224
    vertex 10.23904446637868 0 17.81494336523309
  endloop
endfacet
facet normal 0 -1 0
  outer loop
    vertex -2.414862767283813 0 -13.60705405845513
    vertex 1.157748303884421 0 -16.96065437119264
    vertex 2.403810244850876 0 -12.31405751446665
  endloop
endfacet
facet normal -0 -1 0
  outer loop
    vertex -15.54754769422667 0 6.370757413074529
    vertex -19.61719804599183 0 8.514574556344431
    vertex -20.38888447474614 0 4.150142633264527
  endloop
endfacet
facet normal 0 -1 0
  outer loop
    vertex -10.16841607689497 0 -22.83863644106504
    vertex -10.51224498291293 0 -18.75870157797439
    vertex -14.69463130731178 0 -20.22542485937372
  endloop
endfacet
facet normal 0 -1 0
  outer loop
    vertex -14.69463130731178 0 -20.22542485937372
    vertex -10.51224498291293 0 -18.75870157797439
    vertex -13.45564152676981 0 -15.33702267920092
  endloop
endfacet
facet normal -0 -1 0
  outer loop
    vertex 20.80155118129552 0 -4.421506196499093
    vertex 17.5001232077537 0 -3.013305689675062
    vertex 18.26697254489832 0 -7.870030635253174
  endloop
endfacet
facet normal 0 -1 0
  outer loop
    vertex -9.069436268590858 0 12.92010885099568
    vertex -6.597958189489529 0 16.8446577974728
    vertex -10.2402036927771 0 17.99021367616013
  endloop
endfacet
facet normal 0 -1 0
  outer loop
    vertex 2.403810244850876 0 -12.31405751446665
    vertex 5.348954921986078 0 -15.04551170580483
    vertex 7.494377262423143 0 -11.29027770872325
  endloop
endfacet
facet normal 0 -1 0
  outer loop
    vertex 24.86304738420684 0 -2.613211581691246
    vertex 20.80155118129552 0 -4.421506196499093
    vertex 23.77641290737886 0 -7.725424859373627
  endloop
endfacet
facet normal 0 -1 0
  outer loop
    vertex 21.65063509461099 0 -12.49999999999995
    vertex 17.13858394914068 0 -12.53314463341574
    vertex 18.57862063693487 0 -16.72826515897144
  endloop
endfacet
facet normal 0 -1 0
  outer loop
    vertex -21.65063509461098 0 12.49999999999997
    vertex -19.61719804599183 0 8.514574556344431
    vertex -16.7225100589965 0 11.82654787600951
  endloop
endfacet
facet normal 0 -1 0
  outer loop
    vertex -20.38888447474614 0 4.150142633264527
    vertex -19.61719804599183 0 8.514574556344431
    vertex -23.77641290737886 0 7.725424859373634
  endloop
endfacet
facet normal -0 -1 0
  outer loop
    vertex 23.77641290737886 0 -7.725424859373627
    vertex 20.80155118129552 0 -4.421506196499093
    vertex 18.26697254489832 0 -7.870030635253174
  endloop
endfacet
facet normal 0 -1 0
  outer loop
    vertex -10.16841607689502 0 22.83863644106502
    vertex -6.993550716200147 0 20.23868306000853
    vertex -5.197792270443991 0 24.45369001834514
  endloop
endfacet
facet normal 0 -1 0
  outer loop
    vertex 18.57862063693487 0 -16.72826515897144
    vertex 17.13858394914068 0 -12.53314463341574
    vertex 13.8735713173618 0 -15.71162782700003
  endloop
endfacet
facet normal 0 -1 0
  outer loop
    vertex -10.2402036927771 0 17.99021367616013
    vertex -6.993550716200147 0 20.23868306000853
    vertex -10.16841607689502 0 22.83863644106502
  endloop
endfacet
facet normal 0 -1 0
  outer loop
    vertex -23.77641290737886 0 7.725424859373634
    vertex -19.61719804599183 0 8.514574556344431
    vertex -21.65063509461098 0 12.49999999999997
  endloop
endfacet
facet normal 0 -1 0
  outer loop
    vertex 10.16841607689498 0 22.83863644106503
    vertex 10.23904446637868 0 17.81494336523309
    vertex 14.69463130731178 0 20.22542485937372
  endloop
endfacet
facet normal 0 -1 -0
  outer loop
    vertex 18.26697254489832 0 -7.870030635253174
    vertex 17.13858394914068 0 -12.53314463341574
    vertex 21.65063509461099 0 -12.49999999999995
  endloop
endfacet
facet normal 0 -1 0
  outer loop
    vertex -16.7225100589965 0 11.82654787600951
    vertex -13.67228167168437 0 15.05385095955767
    vertex -18.57862063693487 0 16.72826515897144
  endloop
endfacet
facet normal 0 -1 0
  outer loop
    vertex 0 0 25
    vertex 2.071784671403495 0 20.79520888485395
    vertex 5.197792270443975 0 24.45369001834514
  endloop
endfacet
facet normal 0 -1 0
  outer loop
    vertex 20.42184360754219 0 0.1862431043809782
    vertex 20.80155118129552 0 -4.421506196499093
    vertex 24.86304738420684 0 -2.613211581691246
  endloop
endfacet
facet normal 0 -1 0
  outer loop
    vertex -14.69463130731184 0 20.22542485937367
    vertex -13.67228167168437 0 15.05385095955767
    vertex -10.2402036927771 0 17.99021367616013
  endloop
endfacet
facet normal 0 -1 0
  outer loop
    vertex -2.760913276552516 0 19.42770047552149
    vertex 2.071784671403495 0 20.79520888485395
    vertex 0 0 25
  endloop
endfacet
facet normal 0 -1 0
  outer loop
    vertex -18.57862063693487 0 16.72826515897144
    vertex -13.67228167168437 0 15.05385095955767
    vertex -14.69463130731184 0 20.22542485937367
  endloop
endfacet
facet normal 0 -1 -0
  outer loop
    vertex 18.5786206369348 0 16.72826515897151
    vertex 17.41661358128152 0 12.34438633708236
    vertex 21.65063509461092 0 12.50000000000008
  endloop
endfacet
facet normal 0 -1 0
  outer loop
    vertex 13.60799683048381 0 15.11321158169139
    vertex 17.41661358128152 0 12.34438633708236
    vertex 18.5786206369348 0 16.72826515897151
  endloop
endfacet
facet normal 0 -1 0
  outer loop
    vertex 6.185858139238963 0 19.38260742058229
    vertex 10.23904446637868 0 17.81494336523309
    vertex 10.16841607689498 0 22.83863644106503
  endloop
endfacet
facet normal 0 -1 0
  outer loop
    vertex 14.69463130731178 0 20.22542485937372
    vertex 10.23904446637868 0 17.81494336523309
    vertex 13.60799683048381 0 15.11321158169139
  endloop
endfacet
facet normal 0 -1 0
  outer loop
    vertex 21.65063509461092 0 12.50000000000008
    vertex 17.41661358128152 0 12.34438633708236
    vertex 19.27097174860599 0 8.339168298771366
  endloop
endfacet
facet normal 0 -1 -0
  outer loop
    vertex -5.197792270443991 0 24.45369001834514
    vertex -6.993550716200147 0 20.23868306000853
    vertex -2.760913276552516 0 19.42770047552149
  endloop
endfacet
facet normal 0 -1 -0
  outer loop
    vertex 5.197792270443975 0 24.45369001834514
    vertex 2.071784671403495 0 20.79520888485395
    vertex 6.185858139238963 0 19.38260742058229
  endloop
endfacet
facet normal 0 -1 0
  outer loop
    vertex -5.197792270443972 0 -24.45369001834514
    vertex -6.642933090053637 0 -19.86162128900151
    vertex -10.16841607689497 0 -22.83863644106504
  endloop
endfacet
facet normal 0 -1 0
  outer loop
    vertex 6.270267905764048 0 -19.39249211927021
    vertex 2.106827707374713 0 -21.32835469673597
    vertex 5.197792270443988 0 -24.45369001834514
  endloop
endfacet
facet normal 0 -1 0
  outer loop
    vertex 3.06151588455594e-15 0 -25
    vertex 2.106827707374713 0 -21.32835469673597
    vertex -2.091669943218885 0 -20.83493697487186
  endloop
endfacet
facet normal 0 -1 0
  outer loop
    vertex -18.5786206369348 0 -16.72826515897151
    vertex -16.69314891907171 0 -12.21465816281919
    vertex -21.65063509461092 0 -12.50000000000008
  endloop
endfacet
facet normal -0 -1 0
  outer loop
    vertex -2.091669943218885 0 -20.83493697487186
    vertex -6.642933090053637 0 -19.86162128900151
    vertex -5.197792270443972 0 -24.45369001834514
  endloop
endfacet
facet normal 0 -1 0
  outer loop
    vertex -16.7225100589965 0 11.82654787600951
    vertex -12.72828806549503 0 10.63254533583561
    vertex -13.67228167168437 0 15.05385095955767
  endloop
endfacet
facet normal -0 -1 0
  outer loop
    vertex 5.197792270443988 0 -24.45369001834514
    vertex 2.106827707374713 0 -21.32835469673597
    vertex 3.06151588455594e-15 0 -25
  endloop
endfacet
facet normal 0 -1 0
  outer loop
    vertex -24.86304738420684 0 2.613211581691265
    vertex -21.47031787926121 0 0.08540377751924499
    vertex -20.38888447474614 0 4.150142633264527
  endloop
endfacet
facet normal 0 -1 0
  outer loop
    vertex -19.57331520608717 0 -4.227350082935791
    vertex -21.47031787926121 0 0.08540377751924499
    vertex -24.86304738420682 0 -2.613211581691433
  endloop
endfacet
facet normal 0 -1 0
  outer loop
    vertex 1.157748303884421 0 -16.96065437119264
    vertex -4.021966249896619 0 -17.17290506986804
    vertex -2.091669943218885 0 -20.83493697487186
  endloop
endfacet
facet normal 0 -1 -0
  outer loop
    vertex -2.414862767283813 0 -13.60705405845513
    vertex -4.021966249896619 0 -17.17290506986804
    vertex 1.157748303884421 0 -16.96065437119264
  endloop
endfacet
facet normal -0 -1 0
  outer loop
    vertex -13.45564152676981 0 -15.33702267920092
    vertex -16.69314891907171 0 -12.21465816281919
    vertex -18.5786206369348 0 -16.72826515897151
  endloop
endfacet
facet normal -0 -1 0
  outer loop
    vertex -3.925686993327021 0 13.64658292467816
    vertex -6.597958189489529 0 16.8446577974728
    vertex -9.069436268590858 0 12.92010885099568
  endloop
endfacet
facet normal 0 -1 0
  outer loop
    vertex 10.16841607689503 0 -22.83863644106501
    vertex 10.95811041868963 0 -18.93682409832467
    vertex 6.270267905764048 0 -19.39249211927021
  endloop
endfacet
facet normal 0 -1 -0
  outer loop
    vertex 13.8735713173618 0 -15.71162782700003
    vertex 10.95811041868963 0 -18.93682409832467
    vertex 14.69463130731184 0 -20.22542485937367
  endloop
endfacet
facet normal -0 -1 0
  outer loop
    vertex 24.86304738420682 0 2.613211581691435
    vertex 21.25673968324736 0 4.630058765724623
    vertex 20.42184360754219 0 0.1862431043809782
  endloop
endfacet
facet normal 0 -1 0
  outer loop
    vertex 19.27097174860599 0 8.339168298771366
    vertex 21.25673968324736 0 4.630058765724623
    vertex 23.77641290737881 0 7.725424859373787
  endloop
endfacet
facet normal 0 -1 0
  outer loop
    vertex -10.51224498291293 0 -18.75870157797439
    vertex -6.642933090053637 0 -19.86162128900151
    vertex -7.694960505759962 0 -15.1495159647303
  endloop
endfacet
facet normal 0 -1 0
  outer loop
    vertex 20.42184360754219 0 0.1862431043809782
    vertex 17.12264901787722 0 4.333683218247669
    vertex 15.35274051646686 0 0.1945575876669114
  endloop
endfacet
facet normal 0 -1 0
  outer loop
    vertex -24.86304738420682 0 -2.613211581691433
    vertex -21.47031787926121 0 0.08540377751924499
    vertex -24.86304738420684 0 2.613211581691265
  endloop
endfacet
facet normal 0 -1 0
  outer loop
    vertex -17.08667752847805 0 0.914164469360371
    vertex -21.47031787926121 0 0.08540377751924499
    vertex -19.57331520608717 0 -4.227350082935791
  endloop
endfacet
facet normal 0 -1 -0
  outer loop
    vertex -20.38888447474614 0 4.150142633264527
    vertex -21.47031787926121 0 0.08540377751924499
    vertex -17.08667752847805 0 0.914164469360371
  endloop
endfacet
facet normal 0 -1 -0
  outer loop
    vertex 7.494377262423143 0 -11.29027770872325
    vertex 5.348954921986078 0 -15.04551170580483
    vertex 9.418570893007896 0 -15.2700768153714
  endloop
endfacet
facet normal 0 -1 0
  outer loop
    vertex -9.069436268590858 0 12.92010885099568
    vertex -12.72828806549503 0 10.63254533583561
    vertex -10.25508749248813 0 7.240873083869457
  endloop
endfacet
facet normal -0 -1 0
  outer loop
    vertex 14.69463130731184 0 -20.22542485937367
    vertex 10.95811041868963 0 -18.93682409832467
    vertex 10.16841607689503 0 -22.83863644106501
  endloop
endfacet
facet normal 0 -1 -0
  outer loop
    vertex 23.77641290737881 0 7.725424859373787
    vertex 21.25673968324736 0 4.630058765724623
    vertex 24.86304738420682 0 2.613211581691435
  endloop
endfacet
facet normal 0 -1 0
  outer loop
    vertex -7.694960505759962 0 -15.1495159647303
    vertex -4.021966249896619 0 -17.17290506986804
    vertex -2.414862767283813 0 -13.60705405845513
  endloop
endfacet
facet normal -0 -1 0
  outer loop
    vertex 9.558316663969251 0 12.74651399399515
    vertex 6.273230249121013 0 15.13801738429224
    vertex 4.607112155400436 0 11.27884047463817
  endloop
endfacet
facet normal 0 -1 0
  outer loop
    vertex 13.92188529339717 0 -4.770789696070475
    vertex 17.5001232077537 0 -3.013305689675062
    vertex 15.35274051646686 0 0.1945575876669114
  endloop
endfacet
facet normal 0 -1 0
  outer loop
    vertex -2.091669943218885 0 -20.83493697487186
    vertex 2.106827707374713 0 -21.32835469673597
    vertex 1.157748303884421 0 -16.96065437119264
  endloop
endfacet
facet normal 0 -1 0
  outer loop
    vertex -21.65063509461092 0 -12.50000000000008
    vertex -16.69314891907171 0 -12.21465816281919
    vertex -19.28325868745523 0 -8.835406342421532
  endloop
endfacet
facet normal 0 -1 0
  outer loop
    vertex -10.16841607689497 0 -22.83863644106504
    vertex -6.642933090053637 0 -19.86162128900151
    vertex -10.51224498291293 0 -18.75870157797439
  endloop
endfacet
facet normal 0 -1 0
  outer loop
    vertex 6.270267905764048 0 -19.39249211927021
    vertex 10.95811041868963 0 -18.93682409832467
    vertex 9.418570893007896 0 -15.2700768153714
  endloop
endfacet
facet normal 0 -1 0
  outer loop
    vertex 9.418570893007896 0 -15.2700768153714
    vertex 10.95811041868963 0 -18.93682409832467
    vertex 13.8735713173618 0 -15.71162782700003
  endloop
endfacet
facet normal 0 -1 0
  outer loop
    vertex -6.642933090053637 0 -19.86162128900151
    vertex -4.021966249896619 0 -17.17290506986804
    vertex -7.694960505759962 0 -15.1495159647303
  endloop
endfacet
facet normal 0 -1 0
  outer loop
    vertex 20.42184360754219 0 0.1862431043809782
    vertex 21.25673968324736 0 4.630058765724623
    vertex 17.12264901787722 0 4.333683218247669
  endloop
endfacet
facet normal 0 -1 0
  outer loop
    vertex 17.12264901787722 0 4.333683218247669
    vertex 21.25673968324736 0 4.630058765724623
    vertex 19.27097174860599 0 8.339168298771366
  endloop
endfacet
facet normal 0 -1 0
  outer loop
    vertex 15.35274051646686 0 0.1945575876669114
    vertex 17.5001232077537 0 -3.013305689675062
    vertex 20.42184360754219 0 0.1862431043809782
  endloop
endfacet
facet normal 0 -1 0
  outer loop
    vertex 1.157748303884421 0 -16.96065437119264
    vertex 5.348954921986078 0 -15.04551170580483
    vertex 2.403810244850876 0 -12.31405751446665
  endloop
endfacet
facet normal -0 -1 0
  outer loop
    vertex 9.418570893007896 0 -15.2700768153714
    vertex 5.348954921986078 0 -15.04551170580483
    vertex 6.270267905764048 0 -19.39249211927021
  endloop
endfacet
facet normal 0 -1 -0
  outer loop
    vertex 20.42184360754219 0 0.1862431043809782
    vertex 17.5001232077537 0 -3.013305689675062
    vertex 20.80155118129552 0 -4.421506196499093
  endloop
endfacet
facet normal 0 -1 0
  outer loop
    vertex -2.091669943218885 0 -20.83493697487186
    vertex -4.021966249896619 0 -17.17290506986804
    vertex -6.642933090053637 0 -19.86162128900151
  endloop
endfacet
facet normal 0 -1 0
  outer loop
    vertex -10.2402036927771 0 17.99021367616013
    vertex -6.597958189489529 0 16.8446577974728
    vertex -6.993550716200147 0 20.23868306000853
  endloop
endfacet
facet normal 0 1 0
  outer loop
    vertex -12.04436808031595 100 3.63450352388575
    vertex -17.12264901787722 100 4.333683218247669
    vertex -13.97484359577211 100 9.041286645977452
  endloop
endfacet
facet normal 0 1 0
  outer loop
    vertex 19.57331520608717 100 -4.227350082935791
    vertex 14.7890905480842 100 -7.759907911337054
    vertex 13.51202456907468 100 -2.903984754313077
  endloop
endfacet
facet normal 0 1 0
  outer loop
    vertex 3.925686993327021 100 13.64658292467816
    vertex -1.736186223887055 100 15.71204650982082
    vertex 2.760913276552516 100 19.42770047552149
  endloop
endfacet
facet normal -0 1 0
  outer loop
    vertex -6.185858139238963 100 19.38260742058229
    vertex -2.071784671403495 100 20.79520888485395
    vertex -1.736186223887055 100 15.71204650982082
  endloop
endfacet
facet normal 0 1 0
  outer loop
    vertex -1.736186223887055 100 15.71204650982082
    vertex -6.273230249121013 100 15.13801738429224
    vertex -6.185858139238963 100 19.38260742058229
  endloop
endfacet
facet normal 0 1 0
  outer loop
    vertex -13.97484359577211 100 9.041286645977452
    vertex -17.12264901787722 100 4.333683218247669
    vertex -19.27097174860599 100 8.339168298771366
  endloop
endfacet
facet normal 0 1 0
  outer loop
    vertex 2.760913276552516 100 19.42770047552149
    vertex 6.597958189489529 100 16.8446577974728
    vertex 3.925686993327021 100 13.64658292467816
  endloop
endfacet
facet normal 0 1 0
  outer loop
    vertex 14.7890905480842 100 -7.759907911337054
    vertex 16.69314891907171 100 -12.21465816281919
    vertex 11.24509784167577 100 -11.22293058700954
  endloop
endfacet
facet normal -0 1 0
  outer loop
    vertex 13.51202456907468 100 -2.903984754313077
    vertex 17.08667752847805 100 0.9141644693603705
    vertex 19.57331520608717 100 -4.227350082935791
  endloop
endfacet
facet normal 0 1 0
  outer loop
    vertex 15.54754769422667 100 6.370757413074529
    vertex 17.08667752847805 100 0.9141644693603705
    vertex 11.9078467186014 100 2.095421607072105
  endloop
endfacet
facet normal 0 1 0
  outer loop
    vertex -7.494377262423141 100 -11.29027770872324
    vertex -9.418570893007894 100 -15.27007681537139
    vertex -12.76905701784971 100 -10.59646669673925
  endloop
endfacet
facet normal 0 1 0
  outer loop
    vertex -12.76905701784971 100 -10.59646669673925
    vertex -9.418570893007894 100 -15.27007681537139
    vertex -13.8735713173618 100 -15.71162782700003
  endloop
endfacet
facet normal 0 1 -0
  outer loop
    vertex -1.736186223887055 100 15.71204650982082
    vertex -2.071784671403495 100 20.79520888485395
    vertex 2.760913276552516 100 19.42770047552149
  endloop
endfacet
facet normal -0 1 0
  outer loop
    vertex -18.26697254489832 100 -7.870030635253174
    vertex -13.92188529339717 100 -4.770789696070475
    vertex -12.76905701784971 100 -10.59646669673925
  endloop
endfacet
facet normal 0 1 0
  outer loop
    vertex 11.24509784167577 100 -11.22293058700954
    vertex 16.69314891907171 100 -12.21465816281919
    vertex 13.45564152676981 100 -15.33702267920092
  endloop
endfacet
facet normal 0 1 0
  outer loop
    vertex -13.60799683048381 100 15.11321158169139
    vertex -9.558316663969251 100 12.74651399399515
    vertex -13.97484359577211 100 9.041286645977452
  endloop
endfacet
facet normal -0 1 0
  outer loop
    vertex 7.694960505759961 100 -15.1495159647303
    vertex 11.24509784167577 100 -11.22293058700954
    vertex 13.45564152676981 100 -15.33702267920092
  endloop
endfacet
facet normal 0 1 0
  outer loop
    vertex 20.38888447474614 100 4.150142633264527
    vertex 17.08667752847805 100 0.9141644693603705
    vertex 15.54754769422667 100 6.370757413074529
  endloop
endfacet
facet normal 0 1 -0
  outer loop
    vertex -13.97484359577211 100 9.041286645977452
    vertex -17.41661358128152 100 12.34438633708236
    vertex -13.60799683048381 100 15.11321158169139
  endloop
endfacet
facet normal 0 1 0
  outer loop
    vertex -10.23904446637868 100 17.81494336523309
    vertex -6.273230249121013 100 15.13801738429224
    vertex -9.558316663969251 100 12.74651399399515
  endloop
endfacet
facet normal 0 1 0
  outer loop
    vertex 10.2402036927771 100 17.99021367616013
    vertex 13.67228167168437 100 15.05385095955767
    vertex 9.069436268590858 100 12.92010885099568
  endloop
endfacet
facet normal 0 1 0
  outer loop
    vertex 19.57331520608717 100 -4.227350082935791
    vertex 19.28325868745523 100 -8.835406342421532
    vertex 14.7890905480842 100 -7.759907911337054
  endloop
endfacet
facet normal 0 1 0
  outer loop
    vertex 11.9078467186014 100 2.095421607072105
    vertex 17.08667752847805 100 0.9141644693603705
    vertex 13.51202456907468 100 -2.903984754313077
  endloop
endfacet
facet normal 0 1 -0
  outer loop
    vertex 15.54754769422667 100 6.370757413074529
    vertex 12.72828806549503 100 10.63254533583561
    vertex 16.7225100589965 100 11.82654787600951
  endloop
endfacet
facet normal 0 1 0
  outer loop
    vertex 16.7225100589965 100 11.82654787600951
    vertex 19.61719804599183 100 8.514574556344431
    vertex 15.54754769422667 100 6.370757413074529
  endloop
endfacet
facet normal 0 1 0
  outer loop
    vertex 13.45564152676981 100 -15.33702267920092
    vertex 10.51224498291293 100 -18.75870157797439
    vertex 7.694960505759961 100 -15.1495159647303
  endloop
endfacet
facet normal 0 1 0
  outer loop
    vertex -18.26697254489832 100 -7.870030635253174
    vertex -12.76905701784971 100 -10.59646669673925
    vertex -17.13858394914068 100 -12.53314463341574
  endloop
endfacet
facet normal -0 1 0
  outer loop
    vertex -13.60799683048381 100 15.11321158169139
    vertex -10.23904446637868 100 17.81494336523309
    vertex -9.558316663969251 100 12.74651399399515
  endloop
endfacet
facet normal 0 1 0
  outer loop
    vertex 13.67228167168437 100 15.05385095955767
    vertex 12.72828806549503 100 10.63254533583561
    vertex 9.069436268590858 100 12.92010885099568
  endloop
endfacet
facet normal 0 1 0
  outer loop
    vertex -13.92188529339717 100 -4.770789696070475
    vertex -9.079931314456527 100 -6.306825750697674
    vertex -12.76905701784971 100 -10.59646669673925
  endloop
endfacet
facet normal 0 1 -0
  outer loop
    vertex -15.35274051646686 100 0.1945575876669114
    vertex -17.12264901787722 100 4.333683218247669
    vertex -12.04436808031595 100 3.63450352388575
  endloop
endfacet
facet normal -0 1 0
  outer loop
    vertex -13.92188529339717 100 -4.770789696070475
    vertex -10.44941000037425 100 -1.174202477020728
    vertex -9.079931314456527 100 -6.306825750697674
  endloop
endfacet
facet normal 0 1 0
  outer loop
    vertex -9.079931314456527 100 -6.306825750697674
    vertex -7.494377262423141 100 -11.29027770872324
    vertex -12.76905701784971 100 -10.59646669673925
  endloop
endfacet
facet normal 0 1 0
  outer loop
    vertex -10.44941000037425 100 -1.174202477020728
    vertex -5.465940730082441 100 -2.514926430129022
    vertex -9.079931314456527 100 -6.306825750697674
  endloop
endfacet
facet normal -0 1 0
  outer loop
    vertex -10.44941000037425 100 -1.174202477020728
    vertex -6.865388755707638 100 2.524757937137593
    vertex -5.465940730082441 100 -2.514926430129022
  endloop
endfacet
facet normal 0 1 -0
  outer loop
    vertex -10.44941000037425 100 -1.174202477020728
    vertex -12.04436808031595 100 3.63450352388575
    vertex -6.865388755707638 100 2.524757937137593
  endloop
endfacet
facet normal 0 1 0
  outer loop
    vertex -6.865388755707638 100 2.524757937137593
    vertex -1.833189517959934 100 1.20078537175683
    vertex -5.465940730082441 100 -2.514926430129022
  endloop
endfacet
facet normal 0 1 0
  outer loop
    vertex -1.833189517959934 100 1.20078537175683
    vertex -0.4361049370235542 100 -3.825569301428843
    vertex -5.465940730082441 100 -2.514926430129022
  endloop
endfacet
facet normal -0 1 0
  outer loop
    vertex -12.04436808031595 100 3.63450352388575
    vertex -8.253582048637664 100 7.490597632805725
    vertex -6.865388755707638 100 2.524757937137593
  endloop
endfacet
facet normal 0 1 0
  outer loop
    vertex -1.833189517959934 100 1.20078537175683
    vertex 3.226006423733517 100 -0.1146211322625631
    vertex -0.4361049370235542 100 -3.825569301428843
  endloop
endfacet
facet normal 0 1 -0
  outer loop
    vertex -12.04436808031595 100 3.63450352388575
    vertex -13.97484359577211 100 9.041286645977452
    vertex -8.253582048637664 100 7.490597632805725
  endloop
endfacet
facet normal 0 1 0
  outer loop
    vertex 3.226006423733517 100 -0.1146211322625631
    vertex 4.612823298356533 100 -5.15484988754627
    vertex -0.4361049370235542 100 -3.825569301428843
  endloop
endfacet
facet normal -0 1 0
  outer loop
    vertex -1.833189517959934 100 1.20078537175683
    vertex 1.836612496442895 100 4.9220877267991
    vertex 3.226006423733517 100 -0.1146211322625631
  endloop
endfacet
facet normal 0 1 0
  outer loop
    vertex 4.612823298356533 100 -5.15484988754627
    vertex 0.9611836423322125 100 -8.859275528097491
    vertex -0.4361049370235542 100 -3.825569301428843
  endloop
endfacet
facet normal 0 1 0
  outer loop
    vertex 1.836612496442895 100 4.9220877267991
    vertex 6.894512679708784 100 3.604958477000555
    vertex 3.226006423733517 100 -0.1146211322625631
  endloop
endfacet
facet normal 0 1 0
  outer loop
    vertex 4.612823298356533 100 -5.15484988754627
    vertex 5.950981614478453 100 -10.13949980121442
    vertex 0.9611836423322125 100 -8.859275528097491
  endloop
endfacet
facet normal -0 1 0
  outer loop
    vertex 1.836612496442895 100 4.9220877267991
    vertex 5.506447091910291 100 8.643453584601019
    vertex 6.894512679708784 100 3.604958477000555
  endloop
endfacet
facet normal 0 1 0
  outer loop
    vertex 4.612823298356533 100 -5.15484988754627
    vertex 9.609407968882788 100 -6.411960170142573
    vertex 5.950981614478453 100 -10.13949980121442
  endloop
endfacet
facet normal 0 1 -0
  outer loop
    vertex 1.836612496442895 100 4.9220877267991
    vertex 0.4492272510321351 100 9.96080553356272
    vertex 5.506447091910291 100 8.643453584601019
  endloop
endfacet
facet normal 0 1 0
  outer loop
    vertex 5.950981614478453 100 -10.13949980121442
    vertex 2.414862767283813 100 -13.60705405845512
    vertex 0.9611836423322125 100 -8.859275528097491
  endloop
endfacet
facet normal 0 1 0
  outer loop
    vertex 5.506447091910291 100 8.643453584601019
    vertex 10.25508749248813 100 7.240873083869457
    vertex 6.894512679708784 100 3.604958477000555
  endloop
endfacet
facet normal 0 1 0
  outer loop
    vertex 5.950981614478453 100 -10.13949980121442
    vertex 7.694960505759961 100 -15.1495159647303
    vertex 2.414862767283813 100 -13.60705405845512
  endloop
endfacet
facet normal 0 1 0
  outer loop
    vertex 10.25508749248813 100 7.240873083869457
    vertex 11.9078467186014 100 2.095421607072105
    vertex 6.894512679708784 100 3.604958477000555
  endloop
endfacet
facet normal -0 1 0
  outer loop
    vertex 0.4492272510321351 100 9.96080553356272
    vertex 3.925686993327021 100 13.64658292467816
    vertex 5.506447091910291 100 8.643453584601019
  endloop
endfacet
facet normal 0 1 -0
  outer loop
    vertex 0.4492272510321351 100 9.96080553356272
    vertex -1.736186223887055 100 15.71204650982082
    vertex 3.925686993327021 100 13.64658292467816
  endloop
endfacet
facet normal -0 1 0
  outer loop
    vertex -10.16841607689503 100 -22.83863644106501
    vertex -6.270267905764047 100 -19.39249211927021
    vertex -5.197792270443988 100 -24.45369001834514
  endloop
endfacet
facet normal 0 1 0
  outer loop
    vertex 21.65063509461098 100 12.49999999999997
    vertex 16.7225100589965 100 11.82654787600951
    vertex 18.57862063693487 100 16.72826515897144
  endloop
endfacet
facet normal 0 1 0
  outer loop
    vertex 24.86304738420684 100 2.613211581691265
    vertex 20.38888447474614 100 4.150142633264527
    vertex 23.77641290737886 100 7.725424859373634
  endloop
endfacet
facet normal 0 1 0
  outer loop
    vertex 3.06151588455594e-15 100 -25
    vertex 2.091669943218884 100 -20.83493697487185
    vertex 5.197792270443972 100 -24.45369001834514
  endloop
endfacet
facet normal 0 1 -0
  outer loop
    vertex 23.77641290737881 100 -7.72542485937378
    vertex 19.57331520608717 100 -4.227350082935791
    vertex 24.86304738420682 100 -2.613211581691433
  endloop
endfacet
facet normal 0 1 0
  outer loop
    vertex -23.77641290737886 100 -7.725424859373627
    vertex -18.26697254489832 100 -7.870030635253174
    vertex -21.65063509461099 100 -12.49999999999995
  endloop
endfacet
facet normal -0 1 0
  outer loop
    vertex -18.57862063693487 100 -16.72826515897144
    vertex -13.8735713173618 100 -15.71162782700003
    vertex -14.69463130731184 100 -20.22542485937367
  endloop
endfacet
facet normal 0 1 0
  outer loop
    vertex 5.197792270443991 100 24.45369001834514
    vertex 2.760913276552516 100 19.42770047552149
    vertex 0 100 25
  endloop
endfacet
facet normal 0 1 0
  outer loop
    vertex -24.86304738420682 100 2.613211581691435
    vertex -20.42184360754219 100 0.1862431043809782
    vertex -24.86304738420684 100 -2.613211581691246
  endloop
endfacet
facet normal 0 1 0
  outer loop
    vertex 14.69463130731184 100 20.22542485937367
    vertex 10.2402036927771 100 17.99021367616013
    vertex 10.16841607689502 100 22.83863644106502
  endloop
endfacet
facet normal 0 1 0
  outer loop
    vertex -21.65063509461092 100 12.50000000000008
    vertex -19.27097174860599 100 8.339168298771366
    vertex -23.77641290737881 100 7.725424859373787
  endloop
endfacet
facet normal 0 1 0
  outer loop
    vertex -5.197792270443975 100 24.45369001834514
    vertex -6.185858139238963 100 19.38260742058229
    vertex -10.16841607689498 100 22.83863644106503
  endloop
endfacet
facet normal 0 1 -0
  outer loop
    vertex 14.69463130731178 100 -20.22542485937372
    vertex 13.45564152676981 100 -15.33702267920092
    vertex 18.5786206369348 100 -16.72826515897151
  endloop
endfacet
facet normal 0 1 0
  outer loop
    vertex -14.69463130731178 100 20.22542485937372
    vertex -13.60799683048381 100 15.11321158169139
    vertex -18.5786206369348 100 16.72826515897151
  endloop
endfacet
facet normal -0 1 0
  outer loop
    vertex 5.506447091910291 100 8.643453584601019
    vertex 9.069436268590858 100 12.92010885099568
    vertex 10.25508749248813 100 7.240873083869457
  endloop
endfacet
facet normal 0 1 0
  outer loop
    vertex 3.925686993327021 100 13.64658292467816
    vertex 9.069436268590858 100 12.92010885099568
    vertex 5.506447091910291 100 8.643453584601019
  endloop
endfacet
facet normal 0 1 0
  outer loop
    vertex 3.226006423733517 100 -0.1146211322625631
    vertex 8.265045786728965 100 -1.455440449086152
    vertex 4.612823298356533 100 -5.15484988754627
  endloop
endfacet
facet normal 0 1 0
  outer loop
    vertex 6.894512679708784 100 3.604958477000555
    vertex 8.265045786728965 100 -1.455440449086152
    vertex 3.226006423733517 100 -0.1146211322625631
  endloop
endfacet
facet normal 0 1 0
  outer loop
    vertex 11.9078467186014 100 2.095421607072105
    vertex 8.265045786728965 100 -1.455440449086152
    vertex 6.894512679708784 100 3.604958477000555
  endloop
endfacet
facet normal -0 1 0
  outer loop
    vertex 4.612823298356533 100 -5.15484988754627
    vertex 8.265045786728965 100 -1.455440449086152
    vertex 9.609407968882788 100 -6.411960170142573
  endloop
endfacet
facet normal 0 1 0
  outer loop
    vertex 13.51202456907468 100 -2.903984754313077
    vertex 14.7890905480842 100 -7.759907911337054
    vertex 9.609407968882788 100 -6.411960170142573
  endloop
endfacet
facet normal 0 1 0
  outer loop
    vertex 11.9078467186014 100 2.095421607072105
    vertex 13.51202456907468 100 -2.903984754313077
    vertex 8.265045786728965 100 -1.455440449086152
  endloop
endfacet
facet normal 0 1 0
  outer loop
    vertex 8.265045786728965 100 -1.455440449086152
    vertex 13.51202456907468 100 -2.903984754313077
    vertex 9.609407968882788 100 -6.411960170142573
  endloop
endfacet
facet normal 0 1 -0
  outer loop
    vertex -3.212238788371773 100 6.229645779450022
    vertex -4.607112155400436 100 11.27884047463817
    vertex 0.4492272510321351 100 9.96080553356272
  endloop
endfacet
facet normal 0 1 0
  outer loop
    vertex 1.836612496442895 100 4.9220877267991
    vertex -3.212238788371773 100 6.229645779450022
    vertex 0.4492272510321351 100 9.96080553356272
  endloop
endfacet
facet normal -0 1 0
  outer loop
    vertex -6.865388755707638 100 2.524757937137593
    vertex -3.212238788371773 100 6.229645779450022
    vertex -1.833189517959934 100 1.20078537175683
  endloop
endfacet
facet normal -0 1 0
  outer loop
    vertex -8.253582048637664 100 7.490597632805725
    vertex -4.607112155400436 100 11.27884047463817
    vertex -3.212238788371773 100 6.229645779450022
  endloop
endfacet
facet normal 0 1 0
  outer loop
    vertex -8.253582048637664 100 7.490597632805725
    vertex -3.212238788371773 100 6.229645779450022
    vertex -6.865388755707638 100 2.524757937137593
  endloop
endfacet
facet normal 0 1 -0
  outer loop
    vertex -1.833189517959934 100 1.20078537175683
    vertex -3.212238788371773 100 6.229645779450022
    vertex 1.836612496442895 100 4.9220877267991
  endloop
endfacet
facet normal 0 1 0
  outer loop
    vertex 0.4492272510321351 100 9.96080553356272
    vertex -4.607112155400436 100 11.27884047463817
    vertex -1.736186223887055 100 15.71204650982082
  endloop
endfacet
facet normal 0 1 0
  outer loop
    vertex 0.9611836423322125 100 -8.859275528097491
    vertex -2.403810244850876 100 -12.31405751446665
    vertex -4.026437286442544 100 -7.561998367627126
  endloop
endfacet
facet normal 0 1 0
  outer loop
    vertex -9.079931314456527 100 -6.306825750697674
    vertex -4.026437286442544 100 -7.561998367627126
    vertex -7.494377262423141 100 -11.29027770872324
  endloop
endfacet
facet normal 0 1 0
  outer loop
    vertex 0.9611836423322125 100 -8.859275528097491
    vertex -4.026437286442544 100 -7.561998367627126
    vertex -0.4361049370235542 100 -3.825569301428843
  endloop
endfacet
facet normal 0 1 0
  outer loop
    vertex -5.465940730082441 100 -2.514926430129022
    vertex -4.026437286442544 100 -7.561998367627126
    vertex -9.079931314456527 100 -6.306825750697674
  endloop
endfacet
facet normal 0 1 0
  outer loop
    vertex -4.026437286442544 100 -7.561998367627126
    vertex -2.403810244850876 100 -12.31405751446665
    vertex -7.494377262423141 100 -11.29027770872324
  endloop
endfacet
facet normal 0 1 0
  outer loop
    vertex -0.4361049370235542 100 -3.825569301428843
    vertex -4.026437286442544 100 -7.561998367627126
    vertex -5.465940730082441 100 -2.514926430129022
  endloop
endfacet
facet normal 0 1 0
  outer loop
    vertex 2.414862767283813 100 -13.60705405845512
    vertex -2.403810244850876 100 -12.31405751446665
    vertex 0.9611836423322125 100 -8.859275528097491
  endloop
endfacet
facet normal 0 1 -0
  outer loop
    vertex -13.92188529339717 100 -4.770789696070475
    vertex -15.35274051646686 100 0.1945575876669114
    vertex -10.44941000037425 100 -1.174202477020728
  endloop
endfacet
facet normal -0 1 0
  outer loop
    vertex -13.97484359577211 100 9.041286645977452
    vertex -9.558316663969251 100 12.74651399399515
    vertex -8.253582048637664 100 7.490597632805725
  endloop
endfacet
facet normal 0 1 0
  outer loop
    vertex 5.950981614478453 100 -10.13949980121442
    vertex 11.24509784167577 100 -11.22293058700954
    vertex 7.694960505759961 100 -15.1495159647303
  endloop
endfacet
facet normal 0 1 0
  outer loop
    vertex 14.7890905480842 100 -7.759907911337054
    vertex 11.24509784167577 100 -11.22293058700954
    vertex 9.609407968882788 100 -6.411960170142573
  endloop
endfacet
facet normal 0 1 0
  outer loop
    vertex -10.44941000037425 100 -1.174202477020728
    vertex -15.35274051646686 100 0.1945575876669114
    vertex -12.04436808031595 100 3.63450352388575
  endloop
endfacet
facet normal 0 1 -0
  outer loop
    vertex -8.253582048637664 100 7.490597632805725
    vertex -9.558316663969251 100 12.74651399399515
    vertex -4.607112155400436 100 11.27884047463817
  endloop
endfacet
facet normal 0 1 0
  outer loop
    vertex 6.993550716200147 100 20.23868306000853
    vertex 6.597958189489529 100 16.8446577974728
    vertex 2.760913276552516 100 19.42770047552149
  endloop
endfacet
facet normal 0 1 0
  outer loop
    vertex -19.27097174860599 100 8.339168298771366
    vertex -17.41661358128152 100 12.34438633708236
    vertex -13.97484359577211 100 9.041286645977452
  endloop
endfacet
facet normal 0 1 0
  outer loop
    vertex -18.26697254489832 100 -7.870030635253174
    vertex -17.5001232077537 100 -3.013305689675062
    vertex -13.92188529339717 100 -4.770789696070475
  endloop
endfacet
facet normal 0 1 0
  outer loop
    vertex 10.25508749248813 100 7.240873083869457
    vertex 15.54754769422667 100 6.370757413074529
    vertex 11.9078467186014 100 2.095421607072105
  endloop
endfacet
facet normal 0 1 -0
  outer loop
    vertex -4.607112155400436 100 11.27884047463817
    vertex -6.273230249121013 100 15.13801738429224
    vertex -1.736186223887055 100 15.71204650982082
  endloop
endfacet
facet normal 0 1 0
  outer loop
    vertex 9.609407968882788 100 -6.411960170142573
    vertex 11.24509784167577 100 -11.22293058700954
    vertex 5.950981614478453 100 -10.13949980121442
  endloop
endfacet
facet normal 0 1 0
  outer loop
    vertex -1.157748303884423 100 -16.96065437119264
    vertex -2.106827707374714 100 -21.32835469673597
    vertex -6.270267905764047 100 -19.39249211927021
  endloop
endfacet
facet normal 0 1 0
  outer loop
    vertex -6.270267905764047 100 -19.39249211927021
    vertex -5.348954921986077 100 -15.04551170580483
    vertex -1.157748303884423 100 -16.96065437119264
  endloop
endfacet
facet normal -0 1 0
  outer loop
    vertex -17.13858394914068 100 -12.53314463341574
    vertex -12.76905701784971 100 -10.59646669673925
    vertex -13.8735713173618 100 -15.71162782700003
  endloop
endfacet
facet normal 0 1 -0
  outer loop
    vertex 21.65063509461092 100 -12.50000000000008
    vertex 19.28325868745523 100 -8.835406342421532
    vertex 23.77641290737881 100 -7.72542485937378
  endloop
endfacet
facet normal 0 1 0
  outer loop
    vertex 23.77641290737881 100 -7.72542485937378
    vertex 19.28325868745523 100 -8.835406342421532
    vertex 19.57331520608717 100 -4.227350082935791
  endloop
endfacet
facet normal 0 1 0
  outer loop
    vertex 19.28325868745523 100 -8.835406342421532
    vertex 16.69314891907171 100 -12.21465816281919
    vertex 14.7890905480842 100 -7.759907911337054
  endloop
endfacet
facet normal -0 1 0
  outer loop
    vertex 10.25508749248813 100 7.240873083869457
    vertex 12.72828806549503 100 10.63254533583561
    vertex 15.54754769422667 100 6.370757413074529
  endloop
endfacet
facet normal 0 1 0
  outer loop
    vertex -6.185858139238963 100 19.38260742058229
    vertex -6.273230249121013 100 15.13801738429224
    vertex -10.23904446637868 100 17.81494336523309
  endloop
endfacet
facet normal 0 1 0
  outer loop
    vertex 2.414862767283813 100 -13.60705405845512
    vertex -1.157748303884423 100 -16.96065437119264
    vertex -2.403810244850876 100 -12.31405751446665
  endloop
endfacet
facet normal -0 1 0
  outer loop
    vertex 15.54754769422667 100 6.370757413074529
    vertex 19.61719804599183 100 8.514574556344431
    vertex 20.38888447474614 100 4.150142633264527
  endloop
endfacet
facet normal 0 1 0
  outer loop
    vertex 10.16841607689497 100 -22.83863644106504
    vertex 10.51224498291293 100 -18.75870157797439
    vertex 14.69463130731178 100 -20.22542485937372
  endloop
endfacet
facet normal 0 1 0
  outer loop
    vertex 14.69463130731178 100 -20.22542485937372
    vertex 10.51224498291293 100 -18.75870157797439
    vertex 13.45564152676981 100 -15.33702267920092
  endloop
endfacet
facet normal -0 1 0
  outer loop
    vertex -20.80155118129552 100 -4.421506196499093
    vertex -17.5001232077537 100 -3.013305689675062
    vertex -18.26697254489832 100 -7.870030635253174
  endloop
endfacet
facet normal 0 1 -0
  outer loop
    vertex 9.069436268590858 100 12.92010885099568
    vertex 6.597958189489529 100 16.8446577974728
    vertex 10.2402036927771 100 17.99021367616013
  endloop
endfacet
facet normal 0 1 0
  outer loop
    vertex -2.403810244850876 100 -12.31405751446665
    vertex -5.348954921986077 100 -15.04551170580483
    vertex -7.494377262423141 100 -11.29027770872324
  endloop
endfacet
facet normal 0 1 0
  outer loop
    vertex -24.86304738420684 100 -2.613211581691246
    vertex -20.80155118129552 100 -4.421506196499093
    vertex -23.77641290737886 100 -7.725424859373627
  endloop
endfacet
facet normal 0 1 0
  outer loop
    vertex -21.65063509461099 100 -12.49999999999995
    vertex -17.13858394914068 100 -12.53314463341574
    vertex -18.57862063693487 100 -16.72826515897144
  endloop
endfacet
facet normal 0 1 0
  outer loop
    vertex 21.65063509461098 100 12.49999999999997
    vertex 19.61719804599183 100 8.514574556344431
    vertex 16.7225100589965 100 11.82654787600951
  endloop
endfacet
facet normal 0 1 -0
  outer loop
    vertex 20.38888447474614 100 4.150142633264527
    vertex 19.61719804599183 100 8.514574556344431
    vertex 23.77641290737886 100 7.725424859373634
  endloop
endfacet
facet normal -0 1 0
  outer loop
    vertex -23.77641290737886 100 -7.725424859373627
    vertex -20.80155118129552 100 -4.421506196499093
    vertex -18.26697254489832 100 -7.870030635253174
  endloop
endfacet
facet normal 0 1 0
  outer loop
    vertex 10.16841607689502 100 22.83863644106502
    vertex 6.993550716200147 100 20.23868306000853
    vertex 5.197792270443991 100 24.45369001834514
  endloop
endfacet
facet normal 0 1 0
  outer loop
    vertex -18.57862063693487 100 -16.72826515897144
    vertex -17.13858394914068 100 -12.53314463341574
    vertex -13.8735713173618 100 -15.71162782700003
  endloop
endfacet
facet normal 0 1 0
  outer loop
    vertex 10.2402036927771 100 17.99021367616013
    vertex 6.993550716200147 100 20.23868306000853
    vertex 10.16841607689502 100 22.83863644106502
  endloop
endfacet
facet normal 0 1 0
  outer loop
    vertex 23.77641290737886 100 7.725424859373634
    vertex 19.61719804599183 100 8.514574556344431
    vertex 21.65063509461098 100 12.49999999999997
  endloop
endfacet
facet normal 0 1 0
  outer loop
    vertex -10.16841607689498 100 22.83863644106503
    vertex -10.23904446637868 100 17.81494336523309
    vertex -14.69463130731178 100 20.22542485937372
  endloop
endfacet
facet normal 0 1 0
  outer loop
    vertex -18.26697254489832 100 -7.870030635253174
    vertex -17.13858394914068 100 -12.53314463341574
    vertex -21.65063509461099 100 -12.49999999999995
  endloop
endfacet
facet normal 0 1 -0
  outer loop
    vertex 16.7225100589965 100 11.82654787600951
    vertex 13.67228167168437 100 15.05385095955767
    vertex 18.57862063693487 100 16.72826515897144
  endloop
endfacet
facet normal 0 1 0
  outer loop
    vertex 0 100 25
    vertex -2.071784671403495 100 20.79520888485395
    vertex -5.197792270443975 100 24.45369001834514
  endloop
endfacet
facet normal 0 1 0
  outer loop
    vertex -20.42184360754219 100 0.1862431043809782
    vertex -20.80155118129552 100 -4.421506196499093
    vertex -24.86304738420684 100 -2.613211581691246
  endloop
endfacet
facet normal 0 1 0
  outer loop
    vertex 14.69463130731184 100 20.22542485937367
    vertex 13.67228167168437 100 15.05385095955767
    vertex 10.2402036927771 100 17.99021367616013
  endloop
endfacet
facet normal 0 1 0
  outer loop
    vertex 2.760913276552516 100 19.42770047552149
    vertex -2.071784671403495 100 20.79520888485395
    vertex 0 100 25
  endloop
endfacet
facet normal 0 1 0
  outer loop
    vertex 18.57862063693487 100 16.72826515897144
    vertex 13.67228167168437 100 15.05385095955767
    vertex 14.69463130731184 100 20.22542485937367
  endloop
endfacet
facet normal 0 1 0
  outer loop
    vertex -18.5786206369348 100 16.72826515897151
    vertex -17.41661358128152 100 12.34438633708236
    vertex -21.65063509461092 100 12.50000000000008
  endloop
endfacet
facet normal 0 1 0
  outer loop
    vertex -13.60799683048381 100 15.11321158169139
    vertex -17.41661358128152 100 12.34438633708236
    vertex -18.5786206369348 100 16.72826515897151
  endloop
endfacet
facet normal 0 1 0
  outer loop
    vertex -6.185858139238963 100 19.38260742058229
    vertex -10.23904446637868 100 17.81494336523309
    vertex -10.16841607689498 100 22.83863644106503
  endloop
endfacet
facet normal 0 1 0
  outer loop
    vertex -14.69463130731178 100 20.22542485937372
    vertex -10.23904446637868 100 17.81494336523309
    vertex -13.60799683048381 100 15.11321158169139
  endloop
endfacet
facet normal 0 1 0
  outer loop
    vertex -21.65063509461092 100 12.50000000000008
    vertex -17.41661358128152 100 12.34438633708236
    vertex -19.27097174860599 100 8.339168298771366
  endloop
endfacet
facet normal 0 1 0
  outer loop
    vertex 5.197792270443991 100 24.45369001834514
    vertex 6.993550716200147 100 20.23868306000853
    vertex 2.760913276552516 100 19.42770047552149
  endloop
endfacet
facet normal 0 1 0
  outer loop
    vertex -5.197792270443975 100 24.45369001834514
    vertex -2.071784671403495 100 20.79520888485395
    vertex -6.185858139238963 100 19.38260742058229
  endloop
endfacet
facet normal 0 1 0
  outer loop
    vertex 5.197792270443972 100 -24.45369001834514
    vertex 6.642933090053636 100 -19.86162128900151
    vertex 10.16841607689497 100 -22.83863644106504
  endloop
endfacet
facet normal 0 1 0
  outer loop
    vertex -6.270267905764047 100 -19.39249211927021
    vertex -2.106827707374714 100 -21.32835469673597
    vertex -5.197792270443988 100 -24.45369001834514
  endloop
endfacet
facet normal 0 1 -0
  outer loop
    vertex 3.06151588455594e-15 100 -25
    vertex -2.106827707374714 100 -21.32835469673597
    vertex 2.091669943218884 100 -20.83493697487185
  endloop
endfacet
facet normal 0 1 -0
  outer loop
    vertex 18.5786206369348 100 -16.72826515897151
    vertex 16.69314891907171 100 -12.21465816281919
    vertex 21.65063509461092 100 -12.50000000000008
  endloop
endfacet
facet normal -0 1 0
  outer loop
    vertex 2.091669943218884 100 -20.83493697487185
    vertex 6.642933090053636 100 -19.86162128900151
    vertex 5.197792270443972 100 -24.45369001834514
  endloop
endfacet
facet normal 0 1 0
  outer loop
    vertex 16.7225100589965 100 11.82654787600951
    vertex 12.72828806549503 100 10.63254533583561
    vertex 13.67228167168437 100 15.05385095955767
  endloop
endfacet
facet normal -0 1 0
  outer loop
    vertex -5.197792270443988 100 -24.45369001834514
    vertex -2.106827707374714 100 -21.32835469673597
    vertex 3.06151588455594e-15 100 -25
  endloop
endfacet
facet normal 0 1 0
  outer loop
    vertex 24.86304738420684 100 2.613211581691265
    vertex 21.47031787926121 100 0.08540377751924494
    vertex 20.38888447474614 100 4.150142633264527
  endloop
endfacet
facet normal 0 1 0
  outer loop
    vertex 19.57331520608717 100 -4.227350082935791
    vertex 21.47031787926121 100 0.08540377751924494
    vertex 24.86304738420682 100 -2.613211581691433
  endloop
endfacet
facet normal 0 1 0
  outer loop
    vertex -1.157748303884423 100 -16.96065437119264
    vertex 4.021966249896616 100 -17.17290506986804
    vertex 2.091669943218884 100 -20.83493697487185
  endloop
endfacet
facet normal 0 1 0
  outer loop
    vertex 2.414862767283813 100 -13.60705405845512
    vertex 4.021966249896616 100 -17.17290506986804
    vertex -1.157748303884423 100 -16.96065437119264
  endloop
endfacet
facet normal -0 1 0
  outer loop
    vertex 13.45564152676981 100 -15.33702267920092
    vertex 16.69314891907171 100 -12.21465816281919
    vertex 18.5786206369348 100 -16.72826515897151
  endloop
endfacet
facet normal -0 1 0
  outer loop
    vertex 3.925686993327021 100 13.64658292467816
    vertex 6.597958189489529 100 16.8446577974728
    vertex 9.069436268590858 100 12.92010885099568
  endloop
endfacet
facet normal 0 1 -0
  outer loop
    vertex -10.16841607689503 100 -22.83863644106501
    vertex -10.95811041868964 100 -18.93682409832467
    vertex -6.270267905764047 100 -19.39249211927021
  endloop
endfacet
facet normal 0 1 0
  outer loop
    vertex -13.8735713173618 100 -15.71162782700003
    vertex -10.95811041868964 100 -18.93682409832467
    vertex -14.69463130731184 100 -20.22542485937367
  endloop
endfacet
facet normal -0 1 0
  outer loop
    vertex -24.86304738420682 100 2.613211581691435
    vertex -21.25673968324736 100 4.630058765724623
    vertex -20.42184360754219 100 0.1862431043809782
  endloop
endfacet
facet normal 0 1 0
  outer loop
    vertex -19.27097174860599 100 8.339168298771366
    vertex -21.25673968324736 100 4.630058765724623
    vertex -23.77641290737881 100 7.725424859373787
  endloop
endfacet
facet normal 0 1 0
  outer loop
    vertex 10.51224498291293 100 -18.75870157797439
    vertex 6.642933090053636 100 -19.86162128900151
    vertex 7.694960505759961 100 -15.1495159647303
  endloop
endfacet
facet normal 0 1 0
  outer loop
    vertex -20.42184360754219 100 0.1862431043809782
    vertex -17.12264901787722 100 4.333683218247669
    vertex -15.35274051646686 100 0.1945575876669114
  endloop
endfacet
facet normal 0 1 -0
  outer loop
    vertex 24.86304738420682 100 -2.613211581691433
    vertex 21.47031787926121 100 0.08540377751924494
    vertex 24.86304738420684 100 2.613211581691265
  endloop
endfacet
facet normal 0 1 0
  outer loop
    vertex 17.08667752847805 100 0.9141644693603705
    vertex 21.47031787926121 100 0.08540377751924494
    vertex 19.57331520608717 100 -4.227350082935791
  endloop
endfacet
facet normal 0 1 0
  outer loop
    vertex 20.38888447474614 100 4.150142633264527
    vertex 21.47031787926121 100 0.08540377751924494
    vertex 17.08667752847805 100 0.9141644693603705
  endloop
endfacet
facet normal 0 1 0
  outer loop
    vertex -7.494377262423141 100 -11.29027770872324
    vertex -5.348954921986077 100 -15.04551170580483
    vertex -9.418570893007894 100 -15.27007681537139
  endloop
endfacet
facet normal 0 1 0
  outer loop
    vertex 9.069436268590858 100 12.92010885099568
    vertex 12.72828806549503 100 10.63254533583561
    vertex 10.25508749248813 100 7.240873083869457
  endloop
endfacet
facet normal -0 1 0
  outer loop
    vertex -14.69463130731184 100 -20.22542485937367
    vertex -10.95811041868964 100 -18.93682409832467
    vertex -10.16841607689503 100 -22.83863644106501
  endloop
endfacet
facet normal 0 1 0
  outer loop
    vertex -23.77641290737881 100 7.725424859373787
    vertex -21.25673968324736 100 4.630058765724623
    vertex -24.86304738420682 100 2.613211581691435
  endloop
endfacet
facet normal 0 1 0
  outer loop
    vertex 7.694960505759961 100 -15.1495159647303
    vertex 4.021966249896616 100 -17.17290506986804
    vertex 2.414862767283813 100 -13.60705405845512
  endloop
endfacet
facet normal -0 1 0
  outer loop
    vertex -9.558316663969251 100 12.74651399399515
    vertex -6.273230249121013 100 15.13801738429224
    vertex -4.607112155400436 100 11.27884047463817
  endloop
endfacet
facet normal 0 1 0
  outer loop
    vertex -13.92188529339717 100 -4.770789696070475
    vertex -17.5001232077537 100 -3.013305689675062
    vertex -15.35274051646686 100 0.1945575876669114
  endloop
endfacet
facet normal 0 1 0
  outer loop
    vertex 2.091669943218884 100 -20.83493697487185
    vertex -2.106827707374714 100 -21.32835469673597
    vertex -1.157748303884423 100 -16.96065437119264
  endloop
endfacet
facet normal 0 1 0
  outer loop
    vertex 21.65063509461092 100 -12.50000000000008
    vertex 16.69314891907171 100 -12.21465816281919
    vertex 19.28325868745523 100 -8.835406342421532
  endloop
endfacet
facet normal 0 1 -0
  outer loop
    vertex 10.16841607689497 100 -22.83863644106504
    vertex 6.642933090053636 100 -19.86162128900151
    vertex 10.51224498291293 100 -18.75870157797439
  endloop
endfacet
facet normal 0 1 0
  outer loop
    vertex -6.270267905764047 100 -19.39249211927021
    vertex -10.95811041868964 100 -18.93682409832467
    vertex -9.418570893007894 100 -15.27007681537139
  endloop
endfacet
facet normal 0 1 0
  outer loop
    vertex -9.418570893007894 100 -15.27007681537139
    vertex -10.95811041868964 100 -18.93682409832467
    vertex -13.8735713173618 100 -15.71162782700003
  endloop
endfacet
facet normal 0 1 -0
  outer loop
    vertex 6.642933090053636 100 -19.86162128900151
    vertex 4.021966249896616 100 -17.17290506986804
    vertex 7.694960505759961 100 -15.1495159647303
  endloop
endfacet
facet normal 0 1 -0
  outer loop
    vertex -20.42184360754219 100 0.1862431043809782
    vertex -21.25673968324736 100 4.630058765724623
    vertex -17.12264901787722 100 4.333683218247669
  endloop
endfacet
facet normal 0 1 0
  outer loop
    vertex -17.12264901787722 100 4.333683218247669
    vertex -21.25673968324736 100 4.630058765724623
    vertex -19.27097174860599 100 8.339168298771366
  endloop
endfacet
facet normal 0 1 0
  outer loop
    vertex -15.35274051646686 100 0.1945575876669114
    vertex -17.5001232077537 100 -3.013305689675062
    vertex -20.42184360754219 100 0.1862431043809782
  endloop
endfacet
facet normal 0 1 0
  outer loop
    vertex -1.157748303884423 100 -16.96065437119264
    vertex -5.348954921986077 100 -15.04551170580483
    vertex -2.403810244850876 100 -12.31405751446665
  endloop
endfacet
facet normal -0 1 0
  outer loop
    vertex -9.418570893007894 100 -15.27007681537139
    vertex -5.348954921986077 100 -15.04551170580483
    vertex -6.270267905764047 100 -19.39249211927021
  endloop
endfacet
facet normal 0 1 0
  outer loop
    vertex -20.42184360754219 100 0.1862431043809782
    vertex -17.5001232077537 100 -3.013305689675062
    vertex -20.80155118129552 100 -4.421506196499093
  endloop
endfacet
facet normal 0 1 0
  outer loop
    vertex 2.091669943218884 100 -20.83493697487185
    vertex 4.021966249896616 100 -17.17290506986804
    vertex 6.642933090053636 100 -19.86162128900151
  endloop
endfacet
facet normal 0 1 0
  outer loop
    vertex 10.2402036927771 100 17.99021367616013
    vertex 6.597958189489529 100 16.8446577974728
    vertex 6.993550716200147 100 20.23868306000853
  endloop
endfacet
facet normal 0.458413 0.017067 0.888575
  outer loop
    vertex 13.93920703771578 32.27292071429476 20.75327702218845
    vertex 8.930049384003457 31.58605801430789 23.35067917640212
    vertex 13.2132735452381 27.32334662454861 21.22285094464716
  endloop
endfacet
facet normal 0.971849 0.0213087 -0.234639
  outer loop
    vertex 24.34567453766262 5.547859623508053 -5.682264628315554
    vertex 23.53911334671669 12.17828744438717 -8.420816044209968
    vertex 24.75245853316525 10.92162910627358 -3.50938692137744
  endloop
endfacet
facet normal 0.411665 -0.0214842 0.911082
  outer loop
    vertex 9.680908930367629 9.828927585364617 23.04951197491887
    vertex 7.958138933387267 4.384023063526314 23.69953638189797
    vertex 12.49999999999996 4.524142824125299 21.65063509461099
  endloop
endfacet
facet normal 0.939665 -0.0265632 -0.341064
  outer loop
    vertex 24.34567453766262 5.547859623508053 -5.682264628315554
    vertex 22.50365045750718 7.249039301289422 -10.8897068870717
    vertex 23.53911334671669 12.17828744438717 -8.420816044209968
  endloop
endfacet
facet normal 0.75387 0.00502621 0.657004
  outer loop
    vertex 20.4295951000891 10.91281935061923 14.40942899793103
    vertex 17.11326546037189 9.618843038205441 18.22460274691447
    vertex 20.23870503962576 4.655165404729011 14.67633531638695
  endloop
endfacet
facet normal 0.578824 0.0200083 -0.815207
  outer loop
    vertex 12.14333232889111 26.14476244254241 -21.8526767227749
    vertex 16.43539799785877 24.79902715833416 -18.83819770179674
    vertex 13.5132375128982 19.90581346390679 -21.03312653696546
  endloop
endfacet
facet normal 0.321561 0.0438128 0.945875
  outer loop
    vertex 5.115225073151271 81.70492645310522 24.47109463123799
    vertex 8.614845334836021 77.65827564073675 23.46879715402675
    vertex 11.16750927907369 82.70789846201507 22.36709047913481
  endloop
endfacet
facet normal 0.991019 0.0295119 0.130422
  outer loop
    vertex 24.31787444294032 92.74945337210443 5.800084704328916
    vertex 24.90108085168917 88.97897323478591 2.221749854875416
    vertex 25 95.47585717587467 -8.173591834795255e-14
  endloop
endfacet
facet normal 0.334873 -0.0464951 0.941116
  outer loop
    vertex 11.16750927907369 82.70789846201507 22.36709047913481
    vertex 7.805506090862859 86.49031946404496 23.75024367591842
    vertex 5.115225073151271 81.70492645310522 24.47109463123799
  endloop
endfacet
facet normal 0.474916 0.0203788 0.879795
  outer loop
    vertex 12.49999999999996 4.524142824125299 21.65063509461099
    vertex 13.77696295822019 8.841024857087788 20.86133484817855
    vertex 9.680908930367629 9.828927585364617 23.04951197491887
  endloop
endfacet
facet normal 0.478878 0.0210046 -0.87763
  outer loop
    vertex 12.50000000000002 4.52414282412532 -21.65063509461095
    vertex 9.702744601619189 10.23283507987905 -23.04032871284066
    vertex 14.19345378359171 10.63999403809069 -20.58023006900181
  endloop
endfacet
facet normal 0.260734 0.0103417 -0.965355
  outer loop
    vertex 4.313858481686797 67.50000000000003 -24.62499999999957
    vertex 3.806125161262154 72.50000000000004 -24.70856959147589
    vertex 8.78521514950954 68.59899198625834 -23.40555478464093
  endloop
endfacet
facet normal 0.633336 0.0180381 0.773667
  outer loop
    vertex 13.80654650416754 13.46894163541874 20.84176752649014
    vertex 17.11326546037189 9.618843038205441 18.22460274691447
    vertex 17.8469235827112 14.64734379647267 17.50677921928722
  endloop
endfacet
facet normal 0.436908 -0.0221902 -0.899232
  outer loop
    vertex 13.5132375128982 19.90581346390679 -21.03312653696546
    vertex 8.853746056899572 23.2568778104515 -23.37971729426888
    vertex 12.14333232889111 26.14476244254241 -21.8526767227749
  endloop
endfacet
facet normal 0.64784 -0.0370921 0.760873
  outer loop
    vertex 15.42529326627299 83.86205203231614 19.67384882653807
    vertex 13.43129900587215 77.99371421265786 21.08554497789559
    vertex 18.24550442678995 80.13650142836157 17.09097914725743
  endloop
endfacet
facet normal 0.2456 -0.0102969 -0.969317
  outer loop
    vertex 8.78521514950954 68.59899198625834 -23.40555478464093
    vertex 3.806125161262154 72.50000000000004 -24.70856959147589
    vertex 8.281816459208125 73.80224159169016 -23.58837671684911
  endloop
endfacet
facet normal 0.64127 -0.0286582 0.76678
  outer loop
    vertex 13.80654650416754 13.46894163541874 20.84176752649014
    vertex 17.8469235827112 14.64734379647267 17.50677921928722
    vertex 15.42909678058461 18.44723989096629 19.67086608503433
  endloop
endfacet
facet normal 0.741381 -0.012816 0.670963
  outer loop
    vertex 17.11326546037189 9.618843038205441 18.22460274691447
    vertex 16.60389477509035 4.510322073175431 18.68985495657276
    vertex 20.23870503962576 4.655165404729011 14.67633531638695
  endloop
endfacet
facet normal 0.999071 -0.0267613 -0.0337743
  outer loop
    vertex 24.90108085168917 88.97897323478591 2.221749854875416
    vertex 24.76008302795957 90.87976307985515 -3.455182838656826
    vertex 25 95.47585717587467 -8.173591834795255e-14
  endloop
endfacet
facet normal 0.308285 -0.0148048 -0.951179
  outer loop
    vertex 5.360468203870129 82.48996904225464 -24.41854583375713
    vertex 9.280824354296263 86.7024770272356 -23.2134939055865
    vertex 9.998259909422082 82.37669658972118 -22.91363783391112
  endloop
endfacet
facet normal 0.994553 -0.0214955 0.101996
  outer loop
    vertex 24.95154975008245 9.664158940115918 1.5556879729433
    vertex 24.45369001834512 3.9109104052731 5.197792270444084
    vertex 25 4.524142824125327 9.58997655920725e-14
  endloop
endfacet
facet normal 0.275992 0.0180549 -0.96099
  outer loop
    vertex 4.313858481684325 87.50000000000003 -24.625
    vertex 9.280824354296263 86.7024770272356 -23.2134939055865
    vertex 5.360468203870129 82.48996904225464 -24.41854583375713
  endloop
endfacet
facet normal 0.398604 -0.0278411 -0.916701
  outer loop
    vertex 12.50000000000002 4.52414282412532 -21.65063509461095
    vertex 7.4831887700464 5.23841415290336 -23.85376041281231
    vertex 9.702744601619189 10.23283507987905 -23.04032871284066
  endloop
endfacet
facet normal 0.444884 -2.78444e-05 0.895588
  outer loop
    vertex 13.2132735452381 27.32334662454861 21.22285094464716
    vertex 8.930049384003457 31.58605801430789 23.35067917640212
    vertex 8.928612053696721 26.29943291905173 23.35122880695107
  endloop
endfacet
facet normal 0.464119 -0.03827 0.884946
  outer loop
    vertex 11.76738347343806 36.0902464972749 22.05739527208634
    vertex 8.930049384003457 31.58605801430789 23.35067917640212
    vertex 13.93920703771578 32.27292071429476 20.75327702218845
  endloop
endfacet
facet normal 0.979833 0.039242 0.195928
  outer loop
    vertex 23.74943811940055 8.463326281017466 7.807956775800194
    vertex 24.45369001834512 3.9109104052731 5.197792270444084
    vertex 24.95154975008245 9.664158940115918 1.5556879729433
  endloop
endfacet
facet normal 0.28704 -0.00330219 -0.957913
  outer loop
    vertex 9.702744601619189 10.23283507987905 -23.04032871284066
    vertex 4.502835454788337 8.103360790908638 -24.59114622922447
    vertex 4.632324200065963 12.37871631802936 -24.56708310942679
  endloop
endfacet
facet normal 0.977871 -0.0237907 -0.207853
  outer loop
    vertex 23.77641290737886 0 -7.725424859373627
    vertex 24.34567453766262 5.547859623508053 -5.682264628315554
    vertex 24.86304738420684 0 -2.613211581691246
  endloop
endfacet
facet normal 0.590602 -0.0223536 -0.806653
  outer loop
    vertex 14.19345378359171 10.63999403809069 -20.58023006900181
    vertex 16.56738284481902 6.313308710562644 -18.72222811721929
    vertex 12.50000000000002 4.52414282412532 -21.65063509461095
  endloop
endfacet
facet normal 0.993558 0.0326147 -0.108535
  outer loop
    vertex 24.86304738420684 0 -2.613211581691246
    vertex 24.34567453766262 5.547859623508053 -5.682264628315554
    vertex 25 4.524142824125327 9.58997655920725e-14
  endloop
endfacet
facet normal 0.48294 -0.00713025 -0.875625
  outer loop
    vertex 10.1348086073892 35.40670213096307 -22.85356984130904
    vertex 13.579778014815 39.9120579775988 -20.99022698944314
    vertex 13.96459792329068 34.78080659751522 -20.73620034723877
  endloop
endfacet
facet normal 0.63071 0.028643 0.77549
  outer loop
    vertex 18.24550442678995 80.13650142836157 17.09097914725743
    vertex 13.43129900587215 77.99371421265786 21.08554497789559
    vertex 17.33563762457858 75.20277286308635 18.0132081581626
  endloop
endfacet
facet normal 0.622992 0.0284939 -0.781709
  outer loop
    vertex 17.42063760446712 47.09228635187132 -17.93101741267979
    vertex 15.9376033191264 43.02557311509693 -19.26117339214232
    vertex 13.78157781411297 46.3494006932949 -20.85828643377852
  endloop
endfacet
facet normal 0.529782 0.0239332 0.847796
  outer loop
    vertex 11.16750927907369 82.70789846201507 22.36709047913481
    vertex 13.43129900587215 77.99371421265786 21.08554497789559
    vertex 15.42529326627299 83.86205203231614 19.67384882653807
  endloop
endfacet
facet normal 0.985857 -0.0243772 -0.165804
  outer loop
    vertex 24.13036749190726 86.37057602270548 -6.536464235770391
    vertex 24.76008302795957 90.87976307985515 -3.455182838656826
    vertex 24.95912901104347 85.1478759288842 -1.42894331941053
  endloop
endfacet
facet normal 0.629315 -0.0216311 -0.776849
  outer loop
    vertex 13.78157781411297 46.3494006932949 -20.85828643377852
    vertex 14.63470878152318 50.00000000000087 -20.26882578937439
    vertex 17.42063760446712 47.09228635187132 -17.93101741267979
  endloop
endfacet
facet normal 0.469626 0.00603578 -0.882845
  outer loop
    vertex 9.816780630132657 39.90751905997556 -22.99197290490427
    vertex 13.579778014815 39.9120579775988 -20.99022698944314
    vertex 10.1348086073892 35.40670213096307 -22.85356984130904
  endloop
endfacet
facet normal 0.295605 -0.00848777 -0.955272
  outer loop
    vertex 9.816780630132657 39.90751905997556 -22.99197290490427
    vertex 10.1348086073892 35.40670213096307 -22.85356984130904
    vertex 4.683440673691692 37.31048497761478 -24.55738958961254
  endloop
endfacet
facet normal 0.305143 0.0183832 0.952129
  outer loop
    vertex 8.436237712450929 39.87434448163732 23.53359074300011
    vertex 9.799286564623277 44.91487028442933 22.99943440227159
    vertex 5.425805097360136 44.75735039327613 24.4041111095131
  endloop
endfacet
facet normal 0.272182 0.0356518 -0.961585
  outer loop
    vertex 7.4831887700464 5.23841415290336 -23.85376041281231
    vertex 4.502835454788337 8.103360790908638 -24.59114622922447
    vertex 9.702744601619189 10.23283507987905 -23.04032871284066
  endloop
endfacet
facet normal 0.621798 -0.0201386 -0.782919
  outer loop
    vertex 16.43539799785877 24.79902715833416 -18.83819770179674
    vertex 17.41491173691173 19.99060368191304 -17.93657852533682
    vertex 13.5132375128982 19.90581346390679 -21.03312653696546
  endloop
endfacet
facet normal 0.308913 -0.0258884 -0.950738
  outer loop
    vertex 5.197792270443988 0 -24.45369001834514
    vertex 7.4831887700464 5.23841415290336 -23.85376041281231
    vertex 10.16841607689503 0 -22.83863644106501
  endloop
endfacet
facet normal 0.302747 0.0265456 0.952701
  outer loop
    vertex 7.805506090862859 86.49031946404496 23.75024367591842
    vertex 9.948460213764571 91.29795599608903 22.93530334168579
    vertex 4.989744096755333 91.80339384991161 24.49698866899553
  endloop
endfacet
facet normal 0.226268 -0.0169678 0.973917
  outer loop
    vertex 4.989744096755333 91.80339384991161 24.49698866899553
    vertex 3.531827571520783 86.84210526315789 24.74926653468837
    vertex 7.805506090862859 86.49031946404496 23.75024367591842
  endloop
endfacet
facet normal 0.405575 0.0308689 -0.91354
  outer loop
    vertex 10.16841607689503 0 -22.83863644106501
    vertex 7.4831887700464 5.23841415290336 -23.85376041281231
    vertex 12.50000000000002 4.52414282412532 -21.65063509461095
  endloop
endfacet
facet normal 0.856078 -0.00566302 0.516816
  outer loop
    vertex 20.2254248593737 95.47585717587467 14.6946313073118
    vertex 20.03350167173377 90.24520044035657 14.95522687118588
    vertex 22.53263702980193 91.52832210561283 10.82960149235413
  endloop
endfacet
facet normal 0.378133 0.00477232 0.925739
  outer loop
    vertex 11.31493470289617 73.74680642410377 22.29287448197733
    vertex 7.529306127121865 73.73312557103094 23.83924388994091
    vertex 7.850801936532477 68.42087635442705 23.73530932921115
  endloop
endfacet
facet normal 0.39497 -0.00809659 0.918659
  outer loop
    vertex 11.31493470289617 73.74680642410377 22.29287448197733
    vertex 7.850801936532477 68.42087635442705 23.73530932921115
    vertex 11.78651991416422 68.87417890438175 22.0471755178075
  endloop
endfacet
facet normal 0.993909 -0.0170347 0.108882
  outer loop
    vertex 25 95.47585717587467 -8.173591834795255e-14
    vertex 24.45369001834515 96.82403553795497 5.197792270443921
    vertex 24.31787444294032 92.74945337210443 5.800084704328916
  endloop
endfacet
facet normal 0.999455 0.0294134 -0.014975
  outer loop
    vertex 24.95912901104347 85.1478759288842 -1.42894331941053
    vertex 24.76008302795957 90.87976307985515 -3.455182838656826
    vertex 24.90108085168917 88.97897323478591 2.221749854875416
  endloop
endfacet
facet normal 0.852206 -0.00368092 0.523194
  outer loop
    vertex 20.23870503962576 4.655165404729011 14.67633531638695
    vertex 22.15954518632681 8.394178431010253 11.57387390354415
    vertex 20.4295951000891 10.91281935061923 14.40942899793103
  endloop
endfacet
facet normal 0.459904 0.0177973 -0.88779
  outer loop
    vertex 9.530508442793691 19.11790212970332 -23.11210524426189
    vertex 8.853746056899572 23.2568778104515 -23.37971729426888
    vertex 13.5132375128982 19.90581346390679 -21.03312653696546
  endloop
endfacet
facet normal 0.273108 0.0283822 0.961565
  outer loop
    vertex 4.354055975272852 7.950136306040264 24.61792429438743
    vertex 7.958138933387267 4.384023063526314 23.69953638189797
    vertex 9.680908930367629 9.828927585364617 23.04951197491887
  endloop
endfacet
facet normal 0.249289 -0.0189245 0.968244
  outer loop
    vertex 5.425805097360136 44.75735039327613 24.4041111095131
    vertex 3.897548091464623 39.47368421052629 24.69431349267925
    vertex 8.436237712450929 39.87434448163732 23.53359074300011
  endloop
endfacet
facet normal 0.973679 0.0192165 -0.227111
  outer loop
    vertex 23.70527164305457 91.30973843575416 -7.941038743703061
    vertex 24.76008302795957 90.87976307985515 -3.455182838656826
    vertex 24.13036749190726 86.37057602270548 -6.536464235770391
  endloop
endfacet
facet normal 0.281624 -0.0109126 -0.959463
  outer loop
    vertex 9.530508442793691 19.11790212970332 -23.11210524426189
    vertex 4.313188421785364 17.50117382339202 -24.62511737308427
    vertex 4.858668123917631 22.62842351925114 -24.52332245152819
  endloop
endfacet
facet normal 0.867728 0.0209407 0.496598
  outer loop
    vertex 22.53263702980193 91.52832210561283 10.82960149235413
    vertex 22.96135346794184 96.08861766976187 9.888187241362054
    vertex 20.2254248593737 95.47585717587467 14.6946313073118
  endloop
endfacet
facet normal 0.27467 -0.0346645 -0.960913
  outer loop
    vertex 4.632324200065963 12.37871631802936 -24.56708310942679
    vertex 7.696004415699194 15.00105979135744 -23.7859520733045
    vertex 9.702744601619189 10.23283507987905 -23.04032871284066
  endloop
endfacet
facet normal 0.444955 -0.0296506 0.895062
  outer loop
    vertex 8.614845334836021 77.65827564073675 23.46879715402675
    vertex 13.43129900587215 77.99371421265786 21.08554497789559
    vertex 11.16750927907369 82.70789846201507 22.36709047913481
  endloop
endfacet
facet normal 0.307384 0.0289339 -0.951146
  outer loop
    vertex 4.683440673691692 37.31048497761478 -24.55738958961254
    vertex 10.1348086073892 35.40670213096307 -22.85356984130904
    vertex 6.225952764607523 32.26610387615221 -24.21234214554379
  endloop
endfacet
facet normal 0.295803 -0.00891812 -0.955207
  outer loop
    vertex 5.0214632713382 41.35232028908074 -24.49044855191332
    vertex 9.816780630132657 39.90751905997556 -22.99197290490427
    vertex 4.683440673691692 37.31048497761478 -24.55738958961254
  endloop
endfacet
facet normal 0.276955 0.00026066 0.960883
  outer loop
    vertex 9.251732008023831 59.00676407637025 23.2251039793519
    vertex 4.525090629456807 60.49572745416217 24.58706071890665
    vertex 4.538288827356801 55.44022258149842 24.58462801263197
  endloop
endfacet
facet normal 0.221963 0.0167584 -0.974911
  outer loop
    vertex 4.858668123917631 22.62842351925114 -24.52332245152819
    vertex 3.444287590793163 27.50000000000002 -24.76160097796401
    vertex 7.591568579383402 27.37661142339066 -23.81948963568528
  endloop
endfacet
facet normal 0.277695 -0.0174539 -0.960511
  outer loop
    vertex 7.591568579383402 27.37661142339066 -23.81948963568528
    vertex 8.853746056899572 23.2568778104515 -23.37971729426888
    vertex 4.858668123917631 22.62842351925114 -24.52332245152819
  endloop
endfacet
facet normal 0.277592 -0.0167172 -0.960554
  outer loop
    vertex 4.858668123917631 22.62842351925114 -24.52332245152819
    vertex 8.853746056899572 23.2568778104515 -23.37971729426888
    vertex 9.530508442793691 19.11790212970332 -23.11210524426189
  endloop
endfacet
facet normal 0.620144 -0.000647317 0.784488
  outer loop
    vertex 13.80654650416754 13.46894163541874 20.84176752649014
    vertex 13.77696295822019 8.841024857087788 20.86133484817855
    vertex 17.11326546037189 9.618843038205441 18.22460274691447
  endloop
endfacet
facet normal 0.899324 0.029601 -0.43628
  outer loop
    vertex 22.50365045750718 7.249039301289422 -10.8897068870717
    vertex 21.26331045857916 11.64723493818261 -13.14806557414734
    vertex 23.53911334671669 12.17828744438717 -8.420816044209968
  endloop
endfacet
facet normal 0.54859 0.0178062 0.835902
  outer loop
    vertex 15.42909678058461 18.44723989096629 19.67086608503433
    vertex 11.91409684396569 18.41014226940736 21.97849622682605
    vertex 13.80654650416754 13.46894163541874 20.84176752649014
  endloop
endfacet
facet normal 0.309226 0.0346971 -0.950355
  outer loop
    vertex 9.998259909422082 82.37669658972118 -22.91363783391112
    vertex 7.920477654203658 79.02296366199657 -23.7121494961815
    vertex 5.360468203870129 82.48996904225464 -24.41854583375713
  endloop
endfacet
facet normal 0.918526 -0.0136098 -0.395125
  outer loop
    vertex 22.56458573889662 21.95462443714612 -10.76287463608042
    vertex 23.66387735594642 17.77812175660657 -8.063554333091966
    vertex 22.01863054995981 16.37261549703638 -11.83975965568459
  endloop
endfacet
facet normal 0.949767 -0.0303655 -0.311483
  outer loop
    vertex 24.43652742030766 95.54065494775506 -5.277890453254209
    vertex 22.82004892081899 95.5738977198048 -10.21006205913696
    vertex 23.77641290737881 100 -7.72542485937378
  endloop
endfacet
facet normal 0.955156 -0.0234267 0.295176
  outer loop
    vertex 22.95834738575574 77.66290008374629 9.89516474420526
    vertex 24.48494875233003 78.83775724893083 5.048493299566926
    vertex 23.52676789136985 82.69568750201113 8.455246453274354
  endloop
endfacet
facet normal 0.971083 -0.0204836 0.237862
  outer loop
    vertex 23.52676789136985 82.69568750201113 8.455246453274354
    vertex 24.73834447921164 83.84080901084803 3.607535506112031
    vertex 23.93838442929322 87.72489896993307 7.207895040535216
  endloop
endfacet
facet normal 0.228984 0.017877 0.973266
  outer loop
    vertex 7.805506090862859 86.49031946404496 23.75024367591842
    vertex 3.531827571520783 86.84210526315789 24.74926653468837
    vertex 5.115225073151271 81.70492645310522 24.47109463123799
  endloop
endfacet
facet normal 0.47124 0.00878804 -0.881961
  outer loop
    vertex 10.16852221504461 90.9939889871865 -22.8385891850207
    vertex 13.41690825291307 91.82095964777676 -21.09470485531649
    vertex 12.7327367627748 86.36927018818409 -21.51458608781222
  endloop
endfacet
facet normal 0.99904 -0.0213224 0.0382614
  outer loop
    vertex 24.90108085168917 88.97897323478591 2.221749854875416
    vertex 24.73834447921164 83.84080901084803 3.607535506112031
    vertex 24.95912901104347 85.1478759288842 -1.42894331941053
  endloop
endfacet
facet normal 0.268281 0.0126304 0.963258
  outer loop
    vertex 4.538288827356801 55.44022258149842 24.58462801263197
    vertex 8.54773090957217 53.50450935930183 23.49332450500662
    vertex 9.251732008023831 59.00676407637025 23.2251039793519
  endloop
endfacet
facet normal 0.647064 0.0278325 -0.761927
  outer loop
    vertex 18.11004994993756 11.17733034430129 -17.23444489418695
    vertex 16.56738284481902 6.313308710562644 -18.72222811721929
    vertex 14.19345378359171 10.63999403809069 -20.58023006900181
  endloop
endfacet
facet normal 0.980622 0.0214614 0.194731
  outer loop
    vertex 23.93838442929322 87.72489896993307 7.207895040535216
    vertex 24.73834447921164 83.84080901084803 3.607535506112031
    vertex 24.90108085168917 88.97897323478591 2.221749854875416
  endloop
endfacet
facet normal 0.832579 0.0247193 -0.553354
  outer loop
    vertex 22.04681512828875 41.16731526889954 -11.78719401295568
    vertex 20.28698465610491 37.2614476314682 -14.60952612383317
    vertex 19.2081220377592 42.43891967668905 -16.00150142275872
  endloop
endfacet
facet normal 0.259364 -0.0148785 0.965665
  outer loop
    vertex 5.115225073151271 81.70492645310522 24.47109463123799
    vertex 4.092467599519051 76.31578947368419 24.66275955660451
    vertex 8.614845334836021 77.65827564073675 23.46879715402675
  endloop
endfacet
facet normal 0.968676 0.0221752 0.247337
  outer loop
    vertex 23.52676789136985 82.69568750201113 8.455246453274354
    vertex 24.48494875233003 78.83775724893083 5.048493299566926
    vertex 24.73834447921164 83.84080901084803 3.607535506112031
  endloop
endfacet
facet normal 0.989707 0.0264778 -0.140637
  outer loop
    vertex 24.19890303506552 21.18524000755554 -6.277984700482837
    vertex 24.97662845938162 19.71990047780932 -1.080754737212847
    vertex 24.59838750012775 15.89271765041464 -4.463107929857734
  endloop
endfacet
facet normal 0.748658 -0.0221351 -0.662586
  outer loop
    vertex 19.2081220377592 42.43891967668905 -16.00150142275872
    vertex 20.28698465610491 37.2614476314682 -14.60952612383317
    vertex 17.1662147610571 38.43013491350362 -18.17473715840935
  endloop
endfacet
facet normal 0.999674 0.0248917 -0.00575553
  outer loop
    vertex 24.89978320394398 23.57304511642858 2.236246050100325
    vertex 24.97662845938162 19.71990047780932 -1.080754737212847
    vertex 24.83923505260878 24.83314099050158 -2.830618660514234
  endloop
endfacet
facet normal 0.987513 -0.0266038 -0.155275
  outer loop
    vertex 24.83923505260878 24.83314099050158 -2.830618660514234
    vertex 24.97662845938162 19.71990047780932 -1.080754737212847
    vertex 24.19890303506552 21.18524000755554 -6.277984700482837
  endloop
endfacet
facet normal 0.998545 -0.0223313 0.0490742
  outer loop
    vertex 24.89978320394398 23.57304511642858 2.236246050100325
    vertex 24.70761206459522 18.44363993503843 3.812336037847249
    vertex 24.97662845938162 19.71990047780932 -1.080754737212847
  endloop
endfacet
facet normal 0.484663 -0.0255655 -0.874327
  outer loop
    vertex 14.36936395622719 81.25427160463585 -20.45779507897855
    vertex 9.998259909422082 82.37669658972118 -22.91363783391112
    vertex 12.7327367627748 86.36927018818409 -21.51458608781222
  endloop
endfacet
facet normal 0.980131 0.0237871 0.196922
  outer loop
    vertex 23.92436108669912 22.22252657281825 7.254305383235314
    vertex 24.70761206459522 18.44363993503843 3.812336037847249
    vertex 24.89978320394398 23.57304511642858 2.236246050100325
  endloop
endfacet
facet normal 0.927052 0.0224006 -0.374263
  outer loop
    vertex 22.70096384339506 36.06643206312089 -10.47216503789309
    vertex 22.04681512828875 41.16731526889954 -11.78719401295568
    vertex 23.97343126968602 39.90584206554947 -7.090457894779469
  endloop
endfacet
facet normal 0.982505 -0.0228552 0.18483
  outer loop
    vertex 24.89978320394398 23.57304511642858 2.236246050100325
    vertex 24.31349017484735 27.33858964412048 5.818435830839888
    vertex 23.92436108669912 22.22252657281825 7.254305383235314
  endloop
endfacet
facet normal 0.494539 0.0249941 -0.868796
  outer loop
    vertex 11.57206392546587 77.41650885253074 -22.16049043917872
    vertex 9.998259909422082 82.37669658972118 -22.91363783391112
    vertex 14.36936395622719 81.25427160463585 -20.45779507897855
  endloop
endfacet
facet normal 0.658963 0.0239112 -0.751795
  outer loop
    vertex 15.64865373780243 76.21790345200606 -19.49665705177075
    vertex 14.36936395622719 81.25427160463585 -20.45779507897855
    vertex 18.19915555613089 80.01497144369738 -17.14032488151115
  endloop
endfacet
facet normal 0.943591 0.0247788 -0.330184
  outer loop
    vertex 23.77641290737886 0 -7.725424859373627
    vertex 22.83863644106505 3.157549093686541 -10.16841607689495
    vertex 24.34567453766262 5.547859623508053 -5.682264628315554
  endloop
endfacet
facet normal 0.860943 -0.0206282 -0.508283
  outer loop
    vertex 22.70096384339506 36.06643206312089 -10.47216503789309
    vertex 20.28698465610491 37.2614476314682 -14.60952612383317
    vertex 22.04681512828875 41.16731526889954 -11.78719401295568
  endloop
endfacet
facet normal 0.542218 -0.0225637 -0.839935
  outer loop
    vertex 11.57206392546587 77.41650885253074 -22.16049043917872
    vertex 14.36936395622719 81.25427160463585 -20.45779507897855
    vertex 15.64865373780243 76.21790345200606 -19.49665705177075
  endloop
endfacet
facet normal 0.941421 0.0228255 0.336459
  outer loop
    vertex 23.92436108669912 22.22252657281825 7.254305383235314
    vertex 24.31349017484735 27.33858964412048 5.818435830839888
    vertex 22.62250545427094 26.00105689870292 10.64059429597246
  endloop
endfacet
facet normal 0.98348 0.022413 -0.179624
  outer loop
    vertex 24.91002935549265 38.65008775442261 -2.119065244039054
    vertex 24.3484283966017 34.83131177253357 -5.670452769890592
    vertex 23.97343126968602 39.90584206554947 -7.090457894779469
  endloop
endfacet
facet normal 0.527689 0.0228052 -0.849132
  outer loop
    vertex 12.27789516790487 58.75332118866409 -21.77735728333303
    vertex 10.88785994233863 63.84111024222385 -22.50454411615614
    vertex 15.12120939819971 62.54664992155859 -19.90851642729304
  endloop
endfacet
facet normal 0.695566 -0.0215613 -0.718139
  outer loop
    vertex 19.1561565354982 75.02797651004204 -16.06367538228688
    vertex 15.64865373780243 76.21790345200606 -19.49665705177075
    vertex 18.19915555613089 80.01497144369738 -17.14032488151115
  endloop
endfacet
facet normal 0.90183 -0.0247149 -0.431384
  outer loop
    vertex 21.26331045857916 11.64723493818261 -13.14806557414734
    vertex 22.01863054995981 16.37261549703638 -11.83975965568459
    vertex 23.53911334671669 12.17828744438717 -8.420816044209968
  endloop
endfacet
facet normal 0.945368 -0.0227101 0.325213
  outer loop
    vertex 22.62250545427094 26.00105689870292 10.64059429597246
    vertex 24.31349017484735 27.33858964412048 5.818435830839888
    vertex 23.20831122877046 31.10009632685941 9.293776945275102
  endloop
endfacet
facet normal 0.943847 -0.0224886 -0.329618
  outer loop
    vertex 23.97343126968602 39.90584206554947 -7.090457894779469
    vertex 24.3484283966017 34.83131177253357 -5.670452769890592
    vertex 22.70096384339506 36.06643206312089 -10.47216503789309
  endloop
endfacet
facet normal 0.982915 0.0227947 -0.182644
  outer loop
    vertex 24.90305976957211 71.35590056763876 -2.199457686139687
    vertex 24.3380418495573 67.55225672619559 -5.714868233756336
    vertex 23.95502683777534 72.54977192084647 -7.152390453649973
  endloop
endfacet
facet normal 0.985934 0.0234603 0.165479
  outer loop
    vertex 24.82763216207519 70.11042955038506 2.930645189150284
    vertex 24.95829900747701 75.10966445465024 1.443367816383561
    vertex 24.13626183240449 73.88559786487218 6.514665360370714
  endloop
endfacet
facet normal 0.951901 0.0234265 0.305508
  outer loop
    vertex 24.13626183240449 73.88559786487218 6.514665360370714
    vertex 24.48494875233003 78.83775724893083 5.048493299566926
    vertex 22.95834738575574 77.66290008374629 9.89516474420526
  endloop
endfacet
facet normal 0.569101 -0.0259056 -0.82186
  outer loop
    vertex 15.14908572330381 29.82436470967745 -19.88731258234738
    vertex 16.43539799785877 24.79902715833416 -18.83819770179674
    vertex 12.14333232889111 26.14476244254241 -21.8526767227749
  endloop
endfacet
facet normal 0.94376 -0.0206018 0.329988
  outer loop
    vertex 24.31787444294032 92.74945337210443 5.800084704328916
    vertex 22.96135346794184 96.08861766976187 9.888187241362054
    vertex 22.53263702980193 91.52832210561283 10.82960149235413
  endloop
endfacet
facet normal 0.87887 0.0248663 0.476413
  outer loop
    vertex 23.20831122877046 31.10009632685941 9.293776945275102
    vertex 20.62139253364418 29.80589444024087 14.13358305502762
    vertex 22.62250545427094 26.00105689870292 10.64059429597246
  endloop
endfacet
facet normal 0.421731 0.00894408 -0.906677
  outer loop
    vertex 8.78521514950954 68.59899198625834 -23.40555478464093
    vertex 8.281816459208125 73.80224159169016 -23.58837671684911
    vertex 12.60103007109857 72.52011526137289 -21.5919902081135
  endloop
endfacet
facet normal 0.7958 0.0318296 0.604722
  outer loop
    vertex 20.62139253364418 29.80589444024087 14.13358305502762
    vertex 21.62023712226447 34.87142094252117 12.55250360593684
    vertex 18.14781610594046 33.49312959978699 17.19467273852481
  endloop
endfacet
facet normal 0.742305 -0.0306802 -0.66936
  outer loop
    vertex 20.22542485937363 95.47585717587469 -14.6946313073119
    vertex 16.68635528759678 95.40801310845964 -18.6162710341274
    vertex 18.5786206369348 100 -16.72826515897151
  endloop
endfacet
facet normal 0.451749 -0.0271813 -0.891731
  outer loop
    vertex 13.88566627227903 67.53161601635595 -20.78913832208763
    vertex 8.78521514950954 68.59899198625834 -23.40555478464093
    vertex 12.60103007109857 72.52011526137289 -21.5919902081135
  endloop
endfacet
facet normal 0.725247 0.0206467 -0.688179
  outer loop
    vertex 19.68879147105539 56.24646277900126 -15.40621596659273
    vertex 17.20062249715771 52.4543173449634 -18.14217698376553
    vertex 16.22070910529655 57.50406604505009 -19.023369736231
  endloop
endfacet
facet normal 0.686763 0.0241238 -0.726481
  outer loop
    vertex 18.80912881782648 28.58095229677408 -16.46865729543272
    vertex 16.43539799785877 24.79902715833416 -18.83819770179674
    vertex 15.14908572330381 29.82436470967745 -19.88731258234738
  endloop
endfacet
facet normal 0.88478 -0.0292994 0.465088
  outer loop
    vertex 23.20831122877046 31.10009632685941 9.293776945275102
    vertex 21.62023712226447 34.87142094252117 12.55250360593684
    vertex 20.62139253364418 29.80589444024087 14.13358305502762
  endloop
endfacet
facet normal 0.391395 -0.0225845 -0.919945
  outer loop
    vertex 12.14333232889111 26.14476244254241 -21.8526767227749
    vertex 7.591568579383402 27.37661142339066 -23.81948963568528
    vertex 10.85259789393345 31.02233673961919 -22.52157008187021
  endloop
endfacet
facet normal 0.517959 -0.0226718 -0.855105
  outer loop
    vertex 15.14908572330381 29.82436470967745 -19.88731258234738
    vertex 10.85259789393345 31.02233673961919 -22.52157008187021
    vertex 13.96459792329068 34.78080659751522 -20.73620034723877
  endloop
endfacet
facet normal 0.459231 0.0218773 -0.888047
  outer loop
    vertex 11.64068999752217 14.91088486692905 -22.12451889604805
    vertex 9.530508442793691 19.11790212970332 -23.11210524426189
    vertex 13.5132375128982 19.90581346390679 -21.03312653696546
  endloop
endfacet
facet normal 0.443236 0.00848403 0.896365
  outer loop
    vertex 8.928612053696721 26.29943291905173 23.35122880695107
    vertex 12.83579874784396 22.70075433763454 21.45325780632973
    vertex 13.2132735452381 27.32334662454861 21.22285094464716
  endloop
endfacet
facet normal 0.990909 -0.0223536 -0.132662
  outer loop
    vertex 24.99115180386366 33.61720182824509 -0.6650800825781578
    vertex 24.3484283966017 34.83131177253357 -5.670452769890592
    vertex 24.91002935549265 38.65008775442261 -2.119065244039054
  endloop
endfacet
facet normal 0.949852 0.0316484 -0.311093
  outer loop
    vertex 23.70527164305457 91.30973843575416 -7.941038743703061
    vertex 22.82004892081899 95.5738977198048 -10.21006205913696
    vertex 24.43652742030766 95.54065494775506 -5.277890453254209
  endloop
endfacet
facet normal 0.406031 0.0298338 -0.913372
  outer loop
    vertex 12.46956791676405 95.50984137159622 -21.66817657231934
    vertex 10.16852221504461 90.9939889871865 -22.8385891850207
    vertex 7.738674451843424 95.48381709166003 -23.77210377161403
  endloop
endfacet
facet normal 0.592986 0.0231677 -0.804879
  outer loop
    vertex 13.88566627227903 67.53161601635595 -20.78913832208763
    vertex 12.60103007109857 72.52011526137289 -21.5919902081135
    vertex 16.67550648372175 71.27552461261104 -18.62598946395477
  endloop
endfacet
facet normal 0.990669 -0.0230034 -0.134337
  outer loop
    vertex 24.99033852233623 66.3286333325855 -0.6949680129601722
    vertex 24.3380418495573 67.55225672619559 -5.714868233756336
    vertex 24.90305976957211 71.35590056763876 -2.199457686139687
  endloop
endfacet
facet normal 0.406306 -0.0298323 -0.91325
  outer loop
    vertex 12.46956791676405 95.50984137159622 -21.66817657231934
    vertex 7.738674451843424 95.48381709166003 -23.77210377161403
    vertex 10.16841607689497 100 -22.83863644106504
  endloop
endfacet
facet normal 0.829006 0.0222026 -0.558799
  outer loop
    vertex 21.26331045857916 11.64723493818261 -13.14806557414734
    vertex 19.31296743092694 15.84258903751105 -15.87480044006712
    vertex 22.01863054995981 16.37261549703638 -11.83975965568459
  endloop
endfacet
facet normal 0.550207 0.0270913 -0.834588
  outer loop
    vertex 14.19345378359171 10.63999403809069 -20.58023006900181
    vertex 11.64068999752217 14.91088486692905 -22.12451889604805
    vertex 15.84352043163189 15.37734675344284 -19.3386364651819
  endloop
endfacet
facet normal 0.91642 0.0237873 -0.399509
  outer loop
    vertex 23.76123700312176 26.08526518835379 -7.771976330475878
    vertex 22.56458573889662 21.95462443714612 -10.76287463608042
    vertex 21.72170526564739 27.33310775289463 -12.37608663319494
  endloop
endfacet
facet normal 0.527216 0.0230288 -0.849419
  outer loop
    vertex 15.14908572330381 29.82436470967745 -19.88731258234738
    vertex 12.14333232889111 26.14476244254241 -21.8526767227749
    vertex 10.85259789393345 31.02233673961919 -22.52157008187021
  endloop
endfacet
facet normal 0.752482 -0.0187481 -0.658346
  outer loop
    vertex 20.41264487000756 51.13970548580453 -14.43343096463741
    vertex 17.20062249715771 52.4543173449634 -18.14217698376553
    vertex 19.68879147105539 56.24646277900126 -15.40621596659273
  endloop
endfacet
facet normal 0.922784 -0.0227707 -0.384645
  outer loop
    vertex 23.97343126968602 39.90584206554947 -7.090457894779469
    vertex 22.04681512828875 41.16731526889954 -11.78719401295568
    vertex 23.51180771272006 44.95387374091483 -8.496758092359535
  endloop
endfacet
facet normal 0.845763 -0.0272828 -0.532861
  outer loop
    vertex 21.72170526564739 27.33310775289463 -12.37608663319494
    vertex 22.56458573889662 21.95462443714612 -10.76287463608042
    vertex 19.72270565902909 23.69744165388003 -15.36277583925841
  endloop
endfacet
facet normal 0.702917 0.0207948 -0.710968
  outer loop
    vertex 16.67550648372175 71.27552461261104 -18.62598946395477
    vertex 15.64865373780243 76.21790345200606 -19.49665705177075
    vertex 19.1561565354982 75.02797651004204 -16.06367538228688
  endloop
endfacet
facet normal 0.55432 -0.0260394 -0.831896
  outer loop
    vertex 11.64068999752217 14.91088486692905 -22.12451889604805
    vertex 13.5132375128982 19.90581346390679 -21.03312653696546
    vertex 15.84352043163189 15.37734675344284 -19.3386364651819
  endloop
endfacet
facet normal 0.639967 0.0229361 -0.76806
  outer loop
    vertex 15.12120939819971 62.54664992155859 -19.90851642729304
    vertex 13.88566627227903 67.53161601635595 -20.78913832208763
    vertex 17.74302510142265 66.29329930498189 -17.6120714355321
  endloop
endfacet
facet normal 0.482233 -0.0283609 -0.875584
  outer loop
    vertex 14.19345378359171 10.63999403809069 -20.58023006900181
    vertex 9.702744601619189 10.23283507987905 -23.04032871284066
    vertex 11.64068999752217 14.91088486692905 -22.12451889604805
  endloop
endfacet
facet normal 0.607445 0.0303617 -0.793781
  outer loop
    vertex 14.36936395622719 81.25427160463585 -20.45779507897855
    vertex 12.7327367627748 86.36927018818409 -21.51458608781222
    vertex 17.17042457810668 85.00620413213321 -18.17076002283751
  endloop
endfacet
facet normal 0.971253 0.0228054 -0.236956
  outer loop
    vertex 23.97343126968602 39.90584206554947 -7.090457894779469
    vertex 23.51180771272006 44.95387374091483 -8.496758092359535
    vertex 24.74400492809943 43.68239925813926 -3.568503904746493
  endloop
endfacet
facet normal 0.292682 -0.0200993 -0.955999
  outer loop
    vertex 8.649706950355711 44.98202392972524 -23.45596404783778
    vertex 9.816780630132657 39.90751905997556 -22.99197290490427
    vertex 5.0214632713382 41.35232028908074 -24.49044855191332
  endloop
endfacet
facet normal 0.650364 -0.0227084 -0.759283
  outer loop
    vertex 18.19915555613089 80.01497144369738 -17.14032488151115
    vertex 14.36936395622719 81.25427160463585 -20.45779507897855
    vertex 17.17042457810668 85.00620413213321 -18.17076002283751
  endloop
endfacet
facet normal 0.585569 -0.0298865 -0.810072
  outer loop
    vertex 14.69463130731178 100 -20.22542485937372
    vertex 16.68635528759678 95.40801310845964 -18.6162710341274
    vertex 12.46956791676405 95.50984137159622 -21.66817657231934
  endloop
endfacet
facet normal 0.825965 -0.0228658 -0.563257
  outer loop
    vertex 22.04681512828875 41.16731526889954 -11.78719401295568
    vertex 19.2081220377592 42.43891967668905 -16.00150142275872
    vertex 21.30949571813394 46.20905054307745 -13.07307891197904
  endloop
endfacet
facet normal 0.975565 -0.0225696 -0.218547
  outer loop
    vertex 24.83923505260878 24.83314099050158 -2.830618660514234
    vertex 23.76123700312176 26.08526518835379 -7.771976330475878
    vertex 24.63217551546531 29.84700514276272 -4.272695797188375
  endloop
endfacet
facet normal 0.348371 0.0220064 -0.937098
  outer loop
    vertex 7.591568579383402 27.37661142339066 -23.81948963568528
    vertex 6.225952764607523 32.26610387615221 -24.21234214554379
    vertex 10.85259789393345 31.02233673961919 -22.52157008187021
  endloop
endfacet
facet normal 0.67835 -0.0224043 -0.734397
  outer loop
    vertex 18.80912881782648 28.58095229677408 -16.46865729543272
    vertex 15.14908572330381 29.82436470967745 -19.88731258234738
    vertex 17.82381229015784 33.5480034884574 -17.53030848117678
  endloop
endfacet
facet normal 0.903284 0.0228273 -0.428436
  outer loop
    vertex 23.51180771272006 44.95387374091483 -8.496758092359535
    vertex 22.04681512828875 41.16731526889954 -11.78719401295568
    vertex 21.30949571813394 46.20905054307745 -13.07307891197904
  endloop
endfacet
facet normal 0.847976 0.0192963 -0.529684
  outer loop
    vertex 22.37580109102392 54.99780634333175 -11.15004598801875
    vertex 20.41264487000756 51.13970548580453 -14.43343096463741
    vertex 19.68879147105539 56.24646277900126 -15.40621596659273
  endloop
endfacet
facet normal 0.811294 -0.0224039 -0.584208
  outer loop
    vertex 21.72170526564739 27.33310775289463 -12.37608663319494
    vertex 18.80912881782648 28.58095229677408 -16.46865729543272
    vertex 20.97009202643532 32.31345908154915 -13.61085009846313
  endloop
endfacet
facet normal 0.308875 0.0303101 -0.95062
  outer loop
    vertex 10.16841607689497 100 -22.83863644106504
    vertex 7.738674451843424 95.48381709166003 -23.77210377161403
    vertex 5.197792270443972 100 -24.45369001834514
  endloop
endfacet
facet normal 0.517548 -0.0228258 -0.855349
  outer loop
    vertex 15.12120939819971 62.54664992155859 -19.90851642729304
    vertex 10.88785994233863 63.84111024222385 -22.50454411615614
    vertex 13.88566627227903 67.53161601635595 -20.78913832208763
  endloop
endfacet
facet normal 0.499771 -0.0302576 -0.865629
  outer loop
    vertex 10.16841607689503 0 -22.83863644106501
    vertex 12.50000000000002 4.52414282412532 -21.65063509461095
    vertex 14.69463130731184 0 -20.22542485937367
  endloop
endfacet
facet normal 0.499768 0.030481 -0.865623
  outer loop
    vertex 14.69463130731178 100 -20.22542485937372
    vertex 12.46956791676405 95.50984137159622 -21.66817657231934
    vertex 10.16841607689497 100 -22.83863644106504
  endloop
endfacet
facet normal 0.270749 2.64718e-05 0.96265
  outer loop
    vertex 8.928612053696721 26.29943291905173 23.35122880695107
    vertex 8.930049384003457 31.58605801430789 23.35067917640212
    vertex 4.552002176704373 28.9389240279702 24.5820925916261
  endloop
endfacet
facet normal 0.911811 -0.0224379 -0.409996
  outer loop
    vertex 23.76123700312176 26.08526518835379 -7.771976330475878
    vertex 21.72170526564739 27.33310775289463 -12.37608663319494
    vertex 23.27141644731137 31.0791498760884 -9.134614197425407
  endloop
endfacet
facet normal 0.722982 -0.0211244 -0.690544
  outer loop
    vertex 19.72270565902909 23.69744165388003 -15.36277583925841
    vertex 16.43539799785877 24.79902715833416 -18.83819770179674
    vertex 18.80912881782648 28.58095229677408 -16.46865729543272
  endloop
endfacet
facet normal 0.704634 0.0249824 -0.709131
  outer loop
    vertex 18.11004994993756 11.17733034430129 -17.23444489418695
    vertex 15.84352043163189 15.37734675344284 -19.3386364651819
    vertex 19.31296743092694 15.84258903751105 -15.87480044006712
  endloop
endfacet
facet normal 0.808575 -0.0330604 -0.587464
  outer loop
    vertex 18.57862063693487 0 -16.72826515897144
    vertex 20.11161928841686 4.117802203597002 -14.85000907736352
    vertex 21.65063509461099 0 -12.49999999999995
  endloop
endfacet
facet normal 0.808647 0.0302576 -0.587516
  outer loop
    vertex 21.65063509461092 100 -12.50000000000008
    vertex 20.22542485937363 95.47585717587469 -14.6946313073119
    vertex 18.5786206369348 100 -16.72826515897151
  endloop
endfacet
facet normal 0.414983 -0.0184073 -0.909643
  outer loop
    vertex 8.281816459208125 73.80224159169016 -23.58837671684911
    vertex 11.57206392546587 77.41650885253074 -22.16049043917872
    vertex 12.60103007109857 72.52011526137289 -21.5919902081135
  endloop
endfacet
facet normal 0.0904491 -0.00169298 0.9959
  outer loop
    vertex -3.06151588455594e-15 31.57894736842102 25
    vertex 4.552002176704373 28.9389240279702 24.5820925916261
    vertex 4.457122938472499 34.09377095910353 24.59947265921248
  endloop
endfacet
facet normal 0.946668 0.0230144 -0.321388
  outer loop
    vertex 22.66994580099989 68.79789125073677 -10.53914405346693
    vertex 24.3380418495573 67.55225672619559 -5.714868233756336
    vertex 23.25042214797214 63.79012101732175 -9.187919783122103
  endloop
endfacet
facet normal 0.86973 -0.0229994 -0.492992
  outer loop
    vertex 22.97094547618275 49.9773838158548 -9.865883839283708
    vertex 20.41264487000756 51.13970548580453 -14.43343096463741
    vertex 22.37580109102392 54.99780634333175 -11.15004598801875
  endloop
endfacet
facet normal 0.843696 -0.0243301 0.53627
  outer loop
    vertex 22.31011193260784 39.90680973868282 11.28090889753611
    vertex 20.43479932791207 43.67081826973123 14.40204764705229
    vertex 19.4929347378096 38.58888235302796 15.65329023903587
  endloop
endfacet
facet normal 0.434674 -0.0175708 -0.900417
  outer loop
    vertex 8.649706950355728 55.01797607027472 -23.45596404783786
    vertex 12.27789516790487 58.75332118866409 -21.77735728333303
    vertex 13.16086129330563 53.84840151409951 -21.25539296316042
  endloop
endfacet
facet normal 0.996887 -0.0226541 -0.0755203
  outer loop
    vertex 24.98741433513519 28.59145560480562 0.7931739054459557
    vertex 24.63217551546531 29.84700514276272 -4.272695797188375
    vertex 24.99115180386366 33.61720182824509 -0.6650800825781578
  endloop
endfacet
facet normal 0.750362 0.0235813 0.660606
  outer loop
    vertex 19.4929347378096 38.58888235302796 15.65329023903587
    vertex 20.43479932791207 43.67081826973123 14.40204764705229
    vertex 17.09209724737138 42.39520308236884 18.24445701264906
  endloop
endfacet
facet normal 0.817793 0.0227638 -0.575062
  outer loop
    vertex 21.72170526564739 27.33310775289463 -12.37608663319494
    vertex 19.72270565902909 23.69744165388003 -15.36277583925841
    vertex 18.80912881782648 28.58095229677408 -16.46865729543272
  endloop
endfacet
facet normal 0.968493 -0.0226944 -0.248005
  outer loop
    vertex 24.74400492809943 43.68239925813926 -3.568503904746493
    vertex 23.51180771272006 44.95387374091483 -8.496758092359535
    vertex 24.4924576648512 48.72136375846078 -5.011937503149019
  endloop
endfacet
facet normal 0.0914229 -0 0.995812
  outer loop
    vertex -3.06151588455594e-15 26.31578947368417 25
    vertex 4.552002176704373 28.9389240279702 24.5820925916261
    vertex -3.06151588455594e-15 31.57894736842102 25
  endloop
endfacet
facet normal 0.999489 0.0226323 0.0225757
  outer loop
    vertex 24.99115180386366 33.61720182824509 -0.6650800825781578
    vertex 24.91002935549265 38.65008775442261 -2.119065244039054
    vertex 24.82374527989347 37.39082239368759 2.963388310526818
  endloop
endfacet
facet normal 0.631282 -0.0225021 -0.775227
  outer loop
    vertex 13.88566627227903 67.53161601635595 -20.78913832208763
    vertex 16.67550648372175 71.27552461261104 -18.62598946395477
    vertex 17.74302510142265 66.29329930498189 -17.6120714355321
  endloop
endfacet
facet normal 0.999517 0.0234548 0.0203901
  outer loop
    vertex 24.99033852233623 66.3286333325855 -0.6949680129601722
    vertex 24.90305976957211 71.35590056763876 -2.199457686139687
    vertex 24.82763216207519 70.11042955038506 2.930645189150284
  endloop
endfacet
facet normal 0.792909 -0.0270368 -0.60874
  outer loop
    vertex 21.26331045857916 11.64723493818261 -13.14806557414734
    vertex 18.11004994993756 11.17733034430129 -17.23444489418695
    vertex 19.31296743092694 15.84258903751105 -15.87480044006712
  endloop
endfacet
facet normal 0.605658 -0.021277 -0.79544
  outer loop
    vertex 16.22070910529655 57.50406604505009 -19.023369736231
    vertex 17.20062249715771 52.4543173449634 -18.14217698376553
    vertex 13.16086129330563 53.84840151409951 -21.25539296316042
  endloop
endfacet
facet normal 0.99767 0.0226972 -0.0643352
  outer loop
    vertex 24.98741433513519 28.59145560480562 0.7931739054459557
    vertex 24.83923505260878 24.83314099050158 -2.830618660514234
    vertex 24.63217551546531 29.84700514276272 -4.272695797188375
  endloop
endfacet
facet normal 0.643089 0.0225854 -0.765458
  outer loop
    vertex 15.14908572330381 29.82436470967745 -19.88731258234738
    vertex 13.96459792329068 34.78080659751522 -20.73620034723877
    vertex 17.82381229015784 33.5480034884574 -17.53030848117678
  endloop
endfacet
facet normal 0.995312 0.0227601 -0.0939985
  outer loop
    vertex 24.74400492809943 43.68239925813926 -3.568503904746493
    vertex 24.4924576648512 48.72136375846078 -5.011937503149019
    vertex 24.99993892967162 47.45628385030687 0.05525859833211903
  endloop
endfacet
facet normal 0.938147 -0.0215666 -0.345565
  outer loop
    vertex 24.19890303506552 21.18524000755554 -6.277984700482837
    vertex 22.56458573889662 21.95462443714612 -10.76287463608042
    vertex 23.76123700312176 26.08526518835379 -7.771976330475878
  endloop
endfacet
facet normal 0.2698 0.00171932 0.962915
  outer loop
    vertex 4.552002176704373 28.9389240279702 24.5820925916261
    vertex 8.930049384003457 31.58605801430789 23.35067917640212
    vertex 4.457122938472499 34.09377095910353 24.59947265921248
  endloop
endfacet
facet normal 0.457038 0.021301 0.889192
  outer loop
    vertex 9.680908930367629 9.828927585364617 23.04951197491887
    vertex 13.80654650416754 13.46894163541874 20.84176752649014
    vertex 8.538182347786352 15.67596137875765 23.49679642410747
  endloop
endfacet
facet normal 0.262206 -0.000328097 0.965012
  outer loop
    vertex 4.516971264481943 13.16068537310282 24.58855364993729
    vertex 8.538182347786352 15.67596137875765 23.49679642410747
    vertex 4.537388401003504 18.4200682900114 24.58479421305858
  endloop
endfacet
facet normal 0.668833 0.0297972 -0.742815
  outer loop
    vertex 18.5786206369348 100 -16.72826515897151
    vertex 16.68635528759678 95.40801310845964 -18.6162710341274
    vertex 14.69463130731178 100 -20.22542485937372
  endloop
endfacet
facet normal 0.273641 -0.0200822 0.961622
  outer loop
    vertex 4.516971264481943 13.16068537310282 24.58855364993729
    vertex 9.680908930367629 9.828927585364617 23.04951197491887
    vertex 8.538182347786352 15.67596137875765 23.49679642410747
  endloop
endfacet
facet normal 0.981413 -0.0225144 -0.190583
  outer loop
    vertex 24.91002935549265 38.65008775442261 -2.119065244039054
    vertex 23.97343126968602 39.90584206554947 -7.090457894779469
    vertex 24.74400492809943 43.68239925813926 -3.568503904746493
  endloop
endfacet
facet normal 0.980897 -0.0226259 -0.193206
  outer loop
    vertex 23.95502683777534 72.54977192084647 -7.152390453649973
    vertex 24.73284176843037 76.32076756260804 -3.645070377617692
    vertex 24.90305976957211 71.35590056763876 -2.199457686139687
  endloop
endfacet
facet normal 0.964215 0.0224937 -0.264165
  outer loop
    vertex 23.76123700312176 26.08526518835379 -7.771976330475878
    vertex 23.27141644731137 31.0791498760884 -9.134614197425407
    vertex 24.63217551546531 29.84700514276272 -4.272695797188375
  endloop
endfacet
facet normal 0.0909206 0.000358888 0.995858
  outer loop
    vertex -3.06151588455594e-15 15.7894736842105 25
    vertex 4.516971264481943 13.16068537310282 24.58855364993729
    vertex 4.537388401003504 18.4200682900114 24.58479421305858
  endloop
endfacet
facet normal 0.268746 0.00210423 0.963209
  outer loop
    vertex 8.81503420168201 21.07090589627048 23.39434059816982
    vertex 8.928612053696721 26.29943291905173 23.35122880695107
    vertex 4.509319595741305 23.692430084372 24.58995804761495
  endloop
endfacet
facet normal 0.969673 -0.0167267 -0.243833
  outer loop
    vertex 24.75245853316525 10.92162910627358 -3.50938692137744
    vertex 23.53911334671669 12.17828744438717 -8.420816044209968
    vertex 24.59838750012775 15.89271765041464 -4.463107929857734
  endloop
endfacet
facet normal 0.991654 -0.0226862 0.126919
  outer loop
    vertex 24.31382156351937 60.04004775190842 5.817050883165863
    vertex 24.98802293184411 61.29568864711499 0.773763502391277
    vertex 24.61229147239768 65.07941072475259 4.385784818905315
  endloop
endfacet
facet normal 0.996414 0.0149029 -0.0832893
  outer loop
    vertex 24.75245853316525 10.92162910627358 -3.50938692137744
    vertex 24.59838750012775 15.89271765041464 -4.463107929857734
    vertex 24.99970632228828 14.68103107378444 0.1211767277130071
  endloop
endfacet
facet normal 0.898172 0.0241529 0.43898
  outer loop
    vertex 21.28011105177412 81.44420599035726 13.12085643638253
    vertex 22.95834738575574 77.66290008374629 9.89516474420526
    vertex 23.52676789136985 82.69568750201113 8.455246453274354
  endloop
endfacet
facet normal 0.651504 -0.0282326 -0.75812
  outer loop
    vertex 18.11004994993756 11.17733034430129 -17.23444489418695
    vertex 14.19345378359171 10.63999403809069 -20.58023006900181
    vertex 15.84352043163189 15.37734675344284 -19.3386364651819
  endloop
endfacet
facet normal 0.996553 0.0228178 0.0797615
  outer loop
    vertex 24.98802293184411 61.29568864711499 0.773763502391277
    vertex 24.99033852233623 66.3286333325855 -0.6949680129601722
    vertex 24.61229147239768 65.07941072475259 4.385784818905315
  endloop
endfacet
facet normal 0.568126 -0.0205338 -0.822686
  outer loop
    vertex 12.27789516790487 58.75332118866409 -21.77735728333303
    vertex 15.12120939819971 62.54664992155859 -19.90851642729304
    vertex 16.22070910529655 57.50406604505009 -19.023369736231
  endloop
endfacet
facet normal 0.898393 -0.022811 -0.4386
  outer loop
    vertex 23.51180771272006 44.95387374091483 -8.496758092359535
    vertex 21.30949571813394 46.20905054307745 -13.07307891197904
    vertex 22.97094547618275 49.9773838158548 -9.865883839283708
  endloop
endfacet
facet normal 0.977993 0.0241693 -0.207233
  outer loop
    vertex 24.83923505260878 24.83314099050158 -2.830618660514234
    vertex 24.19890303506552 21.18524000755554 -6.277984700482837
    vertex 23.76123700312176 26.08526518835379 -7.771976330475878
  endloop
endfacet
facet normal 0.283568 -0.0034608 0.958946
  outer loop
    vertex 4.354055975272852 7.950136306040264 24.61792429438743
    vertex 9.680908930367629 9.828927585364617 23.04951197491887
    vertex 4.516971264481943 13.16068537310282 24.58855364993729
  endloop
endfacet
facet normal 0.942974 -0.0232442 -0.332055
  outer loop
    vertex 23.95502683777534 72.54977192084647 -7.152390453649973
    vertex 24.3380418495573 67.55225672619559 -5.714868233756336
    vertex 22.66994580099989 68.79789125073677 -10.53914405346693
  endloop
endfacet
facet normal 0.462151 0.0364444 -0.886052
  outer loop
    vertex 13.88566627227903 67.53161601635595 -20.78913832208763
    vertex 10.88785994233863 63.84111024222385 -22.50454411615614
    vertex 8.78521514950954 68.59899198625834 -23.40555478464093
  endloop
endfacet
facet normal 0.998744 -0.0224023 -0.044819
  outer loop
    vertex 24.95154975008245 9.664158940115918 1.5556879729433
    vertex 24.75245853316525 10.92162910627358 -3.50938692137744
    vertex 24.99970632228828 14.68103107378444 0.1211767277130071
  endloop
endfacet
facet normal 0.997383 -0.0228507 0.0685946
  outer loop
    vertex 24.61229147239768 65.07941072475259 4.385784818905315
    vertex 24.99033852233623 66.3286333325855 -0.6949680129601722
    vertex 24.82763216207519 70.11042955038506 2.930645189150284
  endloop
endfacet
facet normal 0.884944 -0.0229265 -0.465133
  outer loop
    vertex 22.66994580099989 68.79789125073677 -10.53914405346693
    vertex 23.25042214797214 63.79012101732175 -9.187919783122103
    vertex 20.90818545273352 65.03975494747469 -13.70575722366708
  endloop
endfacet
facet normal 0.26783 0.000482231 0.963466
  outer loop
    vertex 8.81503420168201 21.07090589627048 23.39434059816982
    vertex 4.509319595741305 23.692430084372 24.58995804761495
    vertex 4.537388401003504 18.4200682900114 24.58479421305858
  endloop
endfacet
facet normal 0.994005 0.0276357 -0.105782
  outer loop
    vertex 24.76008302795957 90.87976307985515 -3.455182838656826
    vertex 24.43652742030766 95.54065494775506 -5.277890453254209
    vertex 25 95.47585717587467 -8.173591834795255e-14
  endloop
endfacet
facet normal 0.890122 0.0228864 -0.455146
  outer loop
    vertex 20.90818545273352 65.03975494747469 -13.70575722366708
    vertex 23.25042214797214 63.79012101732175 -9.187919783122103
    vertex 21.67698079178121 60.02778507469235 -12.45425645121974
  endloop
endfacet
facet normal 0.998034 0.018831 0.0597824
  outer loop
    vertex 24.97662845938162 19.71990047780932 -1.080754737212847
    vertex 24.70761206459522 18.44363993503843 3.812336037847249
    vertex 24.99970632228828 14.68103107378444 0.1211767277130071
  endloop
endfacet
facet normal 0.828252 -0.0222282 0.559915
  outer loop
    vertex 19.09160029822713 19.71108816550653 16.14034690001221
    vertex 21.962286390396 20.97203690327915 11.94395146114663
    vertex 19.98027964372556 24.76124422119635 15.02625786277229
  endloop
endfacet
facet normal 0.99732 -0.0226516 0.0695711
  outer loop
    vertex 24.60894895039265 32.35979514572939 4.404501283569849
    vertex 24.99115180386366 33.61720182824509 -0.6650800825781578
    vertex 24.82374527989347 37.39082239368759 2.963388310526818
  endloop
endfacet
facet normal 0.999105 0.0226795 -0.0357003
  outer loop
    vertex 24.95415939493148 42.42371519056796 1.513251100231817
    vertex 24.91002935549265 38.65008775442261 -2.119065244039054
    vertex 24.74400492809943 43.68239925813926 -3.568503904746493
  endloop
endfacet
facet normal 0.875325 -0.0235065 0.482963
  outer loop
    vertex 20.4493866570786 76.40757362516408 14.38132766295573
    vertex 22.95834738575574 77.66290008374629 9.89516474420526
    vertex 21.28011105177412 81.44420599035726 13.12085643638253
  endloop
endfacet
facet normal 0.900728 -0.0225776 0.433797
  outer loop
    vertex 21.23150631890919 15.93869197915764 13.19936132659908
    vertex 23.46170652235987 17.19759959844083 8.634137308304544
    vertex 21.962286390396 20.97203690327915 11.94395146114663
  endloop
endfacet
facet normal 0.760248 0.0226585 -0.649237
  outer loop
    vertex 18.19915555613089 80.01497144369738 -17.14032488151115
    vertex 17.17042457810668 85.00620413213321 -18.17076002283751
    vertex 20.47804079563404 83.77667632364999 -14.34049668499483
  endloop
endfacet
facet normal 0.901178 -0.0227418 0.432852
  outer loop
    vertex 21.23906899885029 48.70021278959565 13.18718878541125
    vertex 23.47302114337205 49.97776729448211 8.60332949519014
    vertex 21.97335544950084 53.74663101598139 11.92357539875903
  endloop
endfacet
facet normal 0.891627 0.0224443 -0.452215
  outer loop
    vertex 21.72170526564739 27.33310775289463 -12.37608663319494
    vertex 20.97009202643532 32.31345908154915 -13.61085009846313
    vertex 23.27141644731137 31.0791498760884 -9.134614197425407
  endloop
endfacet
facet normal 0.0890765 0.00282923 0.996021
  outer loop
    vertex 4.354055975272852 7.950136306040264 24.61792429438743
    vertex 4.516971264481943 13.16068537310282 24.58855364993729
    vertex -3.06151588455594e-15 10.52631578947367 25
  endloop
endfacet
facet normal 0.955643 0.022861 -0.293639
  outer loop
    vertex 24.4924576648512 48.72136375846078 -5.011937503149019
    vertex 23.51180771272006 44.95387374091483 -8.496758092359535
    vertex 22.97094547618275 49.9773838158548 -9.865883839283708
  endloop
endfacet
facet normal 0.998641 -0.0226761 -0.0469151
  outer loop
    vertex 24.95415939493148 42.42371519056796 1.513251100231817
    vertex 24.74400492809943 43.68239925813926 -3.568503904746493
    vertex 24.99993892967162 47.45628385030687 0.05525859833211903
  endloop
endfacet
facet normal 0.0909928 0.000752697 0.995851
  outer loop
    vertex 4.509319595741305 23.692430084372 24.58995804761495
    vertex 4.552002176704373 28.9389240279702 24.5820925916261
    vertex -3.06151588455594e-15 26.31578947368417 25
  endloop
endfacet
facet normal 0.99345 0.0224967 0.112027
  outer loop
    vertex 24.95154975008245 9.664158940115918 1.5556879729433
    vertex 24.99970632228828 14.68103107378444 0.1211767277130071
    vertex 24.45772238056475 13.42950444757092 5.17878518141293
  endloop
endfacet
facet normal 0.0874158 -0 0.996172
  outer loop
    vertex -3.06151588455594e-15 5.263157894736835 25
    vertex 4.354055975272852 7.950136306040264 24.61792429438743
    vertex -3.06151588455594e-15 10.52631578947367 25
  endloop
endfacet
facet normal 0.100301 -0 0.994957
  outer loop
    vertex -3.06151588455594e-15 89.4736842105263 25
    vertex 4.989744096755333 91.80339384991161 24.49698866899553
    vertex -3.06151588455594e-15 94.73684210526315 25
  endloop
endfacet
facet normal 0.732215 0.0226135 0.680698
  outer loop
    vertex 19.13517714139003 85.21456899900352 16.08866047151299
    vertex 20.03350167173377 90.24520044035657 14.95522687118588
    vertex 16.60035653109095 88.89665639915914 18.69299770076127
  endloop
endfacet
facet normal 0.869923 -0.0222951 -0.492683
  outer loop
    vertex 22.93973876070049 82.54625294035469 -9.938228493590575
    vertex 20.47804079563404 83.77667632364999 -14.34049668499483
    vertex 22.34228926915298 87.49422599697257 -11.21704552070159
  endloop
endfacet
facet normal 0.821967 0.022601 0.569086
  outer loop
    vertex 19.09160029822713 19.71108816550653 16.14034690001221
    vertex 21.23150631890919 15.93869197915764 13.19936132659908
    vertex 21.962286390396 20.97203690327915 11.94395146114663
  endloop
endfacet
facet normal 0.996476 0.0226901 0.0807535
  outer loop
    vertex 24.60894895039265 32.35979514572939 4.404501283569849
    vertex 24.98741433513519 28.59145560480562 0.7931739054459557
    vertex 24.99115180386366 33.61720182824509 -0.6650800825781578
  endloop
endfacet
facet normal 0.584848 -0.0247614 0.810765
  outer loop
    vertex 16.60389477509035 4.510322073175431 18.68985495657276
    vertex 13.77696295822019 8.841024857087788 20.86133484817855
    vertex 12.49999999999996 4.524142824125299 21.65063509461099
  endloop
endfacet
facet normal 0.783078 0.0224974 -0.621517
  outer loop
    vertex 18.80912881782648 28.58095229677408 -16.46865729543272
    vertex 17.82381229015784 33.5480034884574 -17.53030848117678
    vertex 20.97009202643532 32.31345908154915 -13.61085009846313
  endloop
endfacet
facet normal 0.999679 -0.0226296 0.0113645
  outer loop
    vertex 24.82374527989347 37.39082239368759 2.963388310526818
    vertex 24.91002935549265 38.65008775442261 -2.119065244039054
    vertex 24.95415939493148 42.42371519056796 1.513251100231817
  endloop
endfacet
facet normal 0.994629 -0.0220065 0.101141
  outer loop
    vertex 24.99970632228828 14.68103107378444 0.1211767277130071
    vertex 24.70761206459522 18.44363993503843 3.812336037847249
    vertex 24.45772238056475 13.42950444757092 5.17878518141293
  endloop
endfacet
facet normal 0.737505 -0.0194939 0.675061
  outer loop
    vertex 16.54699094972337 23.48420535226935 18.74025321359807
    vertex 19.98027964372556 24.76124422119635 15.02625786277229
    vertex 17.43398766900076 28.56880850420985 17.91803767037923
  endloop
endfacet
facet normal 0.874957 0.0257483 -0.483515
  outer loop
    vertex 21.30949571813394 46.20905054307745 -13.07307891197904
    vertex 20.41264487000756 51.13970548580453 -14.43343096463741
    vertex 22.97094547618275 49.9773838158548 -9.865883839283708
  endloop
endfacet
facet normal 0.959701 0.0227138 0.280105
  outer loop
    vertex 24.31382156351937 60.04004775190842 5.817050883165863
    vertex 24.61229147239768 65.07941072475259 4.385784818905315
    vertex 23.21332405810744 63.8179056491521 9.281249170951636
  endloop
endfacet
facet normal 0.730334 0.0220968 0.682733
  outer loop
    vertex 16.54699094972337 23.48420535226935 18.74025321359807
    vertex 19.09160029822713 19.71108816550653 16.14034690001221
    vertex 19.98027964372556 24.76124422119635 15.02625786277229
  endloop
endfacet
facet normal 0.924416 -0.0226913 0.380711
  outer loop
    vertex 21.962286390396 20.97203690327915 11.94395146114663
    vertex 23.92436108669912 22.22252657281825 7.254305383235314
    vertex 22.62250545427094 26.00105689870292 10.64059429597246
  endloop
endfacet
facet normal 0.935676 0.0219586 -0.352176
  outer loop
    vertex 22.93973876070049 82.54625294035469 -9.938228493590575
    vertex 22.34228926915298 87.49422599697257 -11.21704552070159
    vertex 24.13036749190726 86.37057602270548 -6.536464235770391
  endloop
endfacet
facet normal 0.265406 0.00468995 0.964125
  outer loop
    vertex 8.538182347786352 15.67596137875765 23.49679642410747
    vertex 8.81503420168201 21.07090589627048 23.39434059816982
    vertex 4.537388401003504 18.4200682900114 24.58479421305858
  endloop
endfacet
facet normal 0.557795 0.0270537 0.829538
  outer loop
    vertex 14.86374494929936 65.08820790841835 20.10146974930385
    vertex 16.19374161676408 70.01956299097505 19.04633120707196
    vertex 11.78651991416422 68.87417890438175 22.0471755178075
  endloop
endfacet
facet normal 0.0982204 -0.0229505 0.9949
  outer loop
    vertex -3.06151588455594e-15 47.36842105263155 25
    vertex 5.425805097360136 44.75735039327613 24.4041111095131
    vertex 4.127798373082118 50.15941360523399 24.65687085968495
  endloop
endfacet
facet normal 0.895712 0.0233795 0.44402
  outer loop
    vertex 21.23150631890919 15.93869197915764 13.19936132659908
    vertex 22.90691695482899 12.25316560182418 10.01364846719557
    vertex 23.46170652235987 17.19759959844083 8.634137308304544
  endloop
endfacet
facet normal 0.98266 -0.0226553 0.184028
  outer loop
    vertex 23.93838442929322 87.72489896993307 7.207895040535216
    vertex 24.90108085168917 88.97897323478591 2.221749854875416
    vertex 24.31787444294032 92.74945337210443 5.800084704328916
  endloop
endfacet
facet normal 0.99682 -0.0227455 -0.0763709
  outer loop
    vertex 24.62817596475839 62.54675856110309 -4.295689542890333
    vertex 24.99033852233623 66.3286333325855 -0.6949680129601722
    vertex 24.98802293184411 61.29568864711499 0.773763502391277
  endloop
endfacet
facet normal 0.822379 0.0226868 0.568488
  outer loop
    vertex 21.23906899885029 48.70021278959565 13.18718878541125
    vertex 21.97335544950084 53.74663101598139 11.92357539875903
    vertex 19.10113377499271 52.48096505628505 16.12906347280687
  endloop
endfacet
facet normal 0.823564 0.022384 0.566781
  outer loop
    vertex 21.28011105177412 81.44420599035726 13.12085643638253
    vertex 21.99536388348881 86.47360921347538 11.88292756996003
    vertex 19.13517714139003 85.21456899900352 16.08866047151299
  endloop
endfacet
facet normal 0.953589 -0.0232366 0.300215
  outer loop
    vertex 22.90691695482899 12.25316560182418 10.01364846719557
    vertex 24.45772238056475 13.42950444757092 5.17878518141293
    vertex 23.46170652235987 17.19759959844083 8.634137308304544
  endloop
endfacet
facet normal 0.789948 -0.0224826 -0.612762
  outer loop
    vertex 18.19915555613089 80.01497144369738 -17.14032488151115
    vertex 20.47804079563404 83.77667632364999 -14.34049668499483
    vertex 21.27271474172284 78.78385036329722 -13.13284460873911
  endloop
endfacet
facet normal 0.090844 -0.000491734 0.995865
  outer loop
    vertex 4.537388401003504 18.4200682900114 24.58479421305858
    vertex 4.509319595741305 23.692430084372 24.58995804761495
    vertex -3.06151588455594e-15 21.05263157894733 25
  endloop
endfacet
facet normal 0.790662 0.0227082 0.611831
  outer loop
    vertex 20.4493866570786 76.40757362516408 14.38132766295573
    vertex 21.28011105177412 81.44420599035726 13.12085643638253
    vertex 18.24550442678995 80.13650142836157 17.09097914725743
  endloop
endfacet
facet normal 0.10285 -0 0.994697
  outer loop
    vertex -3.06151588455594e-15 78.94736842105262 25
    vertex 5.115225073151271 81.70492645310522 24.47109463123799
    vertex -3.06151588455594e-15 84.21052631578947 25
  endloop
endfacet
facet normal 0.0911269 -0 0.995839
  outer loop
    vertex -3.06151588455594e-15 15.7894736842105 25
    vertex 4.537388401003504 18.4200682900114 24.58479421305858
    vertex -3.06151588455594e-15 21.05263157894733 25
  endloop
endfacet
facet normal 0.576107 0.016745 -0.817202
  outer loop
    vertex 12.27789516790487 58.75332118866409 -21.77735728333303
    vertex 16.22070910529655 57.50406604505009 -19.023369736231
    vertex 13.16086129330563 53.84840151409951 -21.25539296316042
  endloop
endfacet
facet normal 0.903134 -0.0229076 0.428747
  outer loop
    vertex 21.28011105177412 81.44420599035726 13.12085643638253
    vertex 23.52676789136985 82.69568750201113 8.455246453274354
    vertex 21.99536388348881 86.47360921347538 11.88292756996003
  endloop
endfacet
facet normal 0.921218 0.0209546 0.388482
  outer loop
    vertex 23.52676789136985 82.69568750201113 8.455246453274354
    vertex 23.93838442929322 87.72489896993307 7.207895040535216
    vertex 21.99536388348881 86.47360921347538 11.88292756996003
  endloop
endfacet
facet normal 0.920112 0.0226512 0.391
  outer loop
    vertex 23.46170652235987 17.19759959844083 8.634137308304544
    vertex 23.92436108669912 22.22252657281825 7.254305383235314
    vertex 21.962286390396 20.97203690327915 11.94395146114663
  endloop
endfacet
facet normal 0.85346 0.0228929 0.520655
  outer loop
    vertex 21.962286390396 20.97203690327915 11.94395146114663
    vertex 22.62250545427094 26.00105689870292 10.64059429597246
    vertex 19.98027964372556 24.76124422119635 15.02625786277229
  endloop
endfacet
facet normal 0.796615 0.0224564 -0.60407
  outer loop
    vertex 19.1561565354982 75.02797651004204 -16.06367538228688
    vertex 18.19915555613089 80.01497144369738 -17.14032488151115
    vertex 21.27271474172284 78.78385036329722 -13.13284460873911
  endloop
endfacet
facet normal 0.96933 -0.0220345 0.244771
  outer loop
    vertex 23.46170652235987 17.19759959844083 8.634137308304544
    vertex 24.70761206459522 18.44363993503843 3.812336037847249
    vertex 23.92436108669912 22.22252657281825 7.254305383235314
  endloop
endfacet
facet normal 0.847479 0.0206712 -0.530426
  outer loop
    vertex 20.47804079563404 83.77667632364999 -14.34049668499483
    vertex 19.70689100716386 88.6401033871459 -15.38305713542547
    vertex 22.34228926915298 87.49422599697257 -11.21704552070159
  endloop
endfacet
facet normal 0.642257 0.0194567 0.766242
  outer loop
    vertex 13.93920703771578 32.27292071429476 20.75327702218845
    vertex 17.43398766900076 28.56880850420985 17.91803767037923
    vertex 18.14781610594046 33.49312959978699 17.19467273852481
  endloop
endfacet
facet normal 0.650973 -0.0336021 0.758357
  outer loop
    vertex 13.93920703771578 32.27292071429476 20.75327702218845
    vertex 18.14781610594046 33.49312959978699 17.19467273852481
    vertex 15.99726886712874 37.35112096707441 19.21164721706063
  endloop
endfacet
facet normal 0.0837963 -0.00349981 0.996477
  outer loop
    vertex 4.280080770793967 65.80633373600571 24.63089337794063
    vertex 4.064237957549154 71.04043343478274 24.66742730453293
    vertex -3.06151588455594e-15 68.42105263157893 25
  endloop
endfacet
facet normal 0.937282 0.0221292 -0.347869
  outer loop
    vertex 24.16338682634177 53.74542173217964 -6.413324962963664
    vertex 22.97094547618275 49.9773838158548 -9.865883839283708
    vertex 22.37580109102392 54.99780634333175 -11.15004598801875
  endloop
endfacet
facet normal 0.931667 0.0226902 0.362604
  outer loop
    vertex 23.71492737161114 68.85290783275863 7.91215645441928
    vertex 24.13626183240449 73.88559786487218 6.514665360370714
    vertex 22.31760958171316 72.62953319069176 11.26606863809311
  endloop
endfacet
facet normal 0.994189 -0.0226878 -0.105233
  outer loop
    vertex 24.99993892967162 47.45628385030687 0.05525859833211903
    vertex 24.4924576648512 48.72136375846078 -5.011937503149019
    vertex 24.96079127766361 52.48891139496691 -1.399606656497552
  endloop
endfacet
facet normal 0.940258 0.0241382 0.339607
  outer loop
    vertex 23.93838442929322 87.72489896993307 7.207895040535216
    vertex 24.31787444294032 92.74945337210443 5.800084704328916
    vertex 22.53263702980193 91.52832210561283 10.82960149235413
  endloop
endfacet
facet normal 0.908933 0.0226544 0.416326
  outer loop
    vertex 23.21332405810744 63.8179056491521 9.281249170951636
    vertex 23.71492737161114 68.85290783275863 7.91215645441928
    vertex 21.62289663284984 67.59604178878909 12.54792178829192
  endloop
endfacet
facet normal 0.995632 -0.0173226 -0.0917385
  outer loop
    vertex 24.59838750012775 15.89271765041464 -4.463107929857734
    vertex 24.97662845938162 19.71990047780932 -1.080754737212847
    vertex 24.99970632228828 14.68103107378444 0.1211767277130071
  endloop
endfacet
facet normal 0.734881 -0.022979 -0.677807
  outer loop
    vertex 16.67550648372175 71.27552461261104 -18.62598946395477
    vertex 19.1561565354982 75.02797651004204 -16.06367538228688
    vertex 20.07941925025797 70.03856490208528 -14.89351948239131
  endloop
endfacet
facet normal 0.797605 -0.0207535 0.602822
  outer loop
    vertex 21.28011105177412 81.44420599035726 13.12085643638253
    vertex 19.13517714139003 85.21456899900352 16.08866047151299
    vertex 18.24550442678995 80.13650142836157 17.09097914725743
  endloop
endfacet
facet normal 0.972709 -0.0227749 -0.230907
  outer loop
    vertex 23.70527164305457 91.30973843575416 -7.941038743703061
    vertex 24.43652742030766 95.54065494775506 -5.277890453254209
    vertex 24.76008302795957 90.87976307985515 -3.455182838656826
  endloop
endfacet
facet normal 0.0907134 -0 0.995877
  outer loop
    vertex -3.06151588455594e-15 10.52631578947367 25
    vertex 4.516971264481943 13.16068537310282 24.58855364993729
    vertex -3.06151588455594e-15 15.7894736842105 25
  endloop
endfacet
facet normal 0.0869251 0.00687125 0.996191
  outer loop
    vertex 4.127798373082118 50.15941360523399 24.65687085968495
    vertex 4.538288827356801 55.44022258149842 24.58462801263197
    vertex -3.06151588455594e-15 52.6315789473684 25
  endloop
endfacet
facet normal 0.935708 -0.0232395 0.352009
  outer loop
    vertex 24.13626183240449 73.88559786487218 6.514665360370714
    vertex 22.95834738575574 77.66290008374629 9.89516474420526
    vertex 22.31760958171316 72.62953319069176 11.26606863809311
  endloop
endfacet
facet normal 0.869713 0.0235607 0.492994
  outer loop
    vertex 22.31760958171316 72.62953319069176 11.26606863809311
    vertex 22.95834738575574 77.66290008374629 9.89516474420526
    vertex 20.4493866570786 76.40757362516408 14.38132766295573
  endloop
endfacet
facet normal 0.976905 -0.022791 0.212455
  outer loop
    vertex 23.71492737161114 68.85290783275863 7.91215645441928
    vertex 24.82763216207519 70.11042955038506 2.930645189150284
    vertex 24.13626183240449 73.88559786487218 6.514665360370714
  endloop
endfacet
facet normal 0.80504 -0.0333496 0.592282
  outer loop
    vertex 18.14781610594046 33.49312959978699 17.19467273852481
    vertex 21.62023712226447 34.87142094252117 12.55250360593684
    vertex 19.4929347378096 38.58888235302796 15.65329023903587
  endloop
endfacet
facet normal 0.79466 -0.0226677 0.606631
  outer loop
    vertex 18.12749608287523 47.43924006830969 17.21609380101489
    vertex 21.23906899885029 48.70021278959565 13.18718878541125
    vertex 19.10113377499271 52.48096505628505 16.12906347280687
  endloop
endfacet
facet normal 0.982589 -0.0446623 0.180343
  outer loop
    vertex 23.74943811940055 8.463326281017466 7.807956775800194
    vertex 24.95154975008245 9.664158940115918 1.5556879729433
    vertex 24.45772238056475 13.42950444757092 5.17878518141293
  endloop
endfacet
facet normal 0.925068 -0.019284 0.379312
  outer loop
    vertex 23.93838442929322 87.72489896993307 7.207895040535216
    vertex 22.53263702980193 91.52832210561283 10.82960149235413
    vertex 21.99536388348881 86.47360921347538 11.88292756996003
  endloop
endfacet
facet normal 0.990169 0.0227053 0.138022
  outer loop
    vertex 24.90015734697149 56.26264498333647 2.23207618509357
    vertex 24.98802293184411 61.29568864711499 0.773763502391277
    vertex 24.31382156351937 60.04004775190842 5.817050883165863
  endloop
endfacet
facet normal 0.858716 -0.0185107 0.512117
  outer loop
    vertex 22.62250545427094 26.00105689870292 10.64059429597246
    vertex 20.62139253364418 29.80589444024087 14.13358305502762
    vertex 19.98027964372556 24.76124422119635 15.02625786277229
  endloop
endfacet
facet normal 0.0895017 -0 0.995987
  outer loop
    vertex -3.06151588455594e-15 31.57894736842102 25
    vertex 4.457122938472499 34.09377095910353 24.59947265921248
    vertex -3.06151588455594e-15 36.84210526315786 25
  endloop
endfacet
facet normal 0.0859193 -0 0.996302
  outer loop
    vertex -3.06151588455594e-15 63.15789473684209 25
    vertex 4.280080770793967 65.80633373600571 24.63089337794063
    vertex -3.06151588455594e-15 68.42105263157893 25
  endloop
endfacet
facet normal 0.0828407 -0 0.996563
  outer loop
    vertex -3.06151588455594e-15 47.36842105263155 25
    vertex 4.127798373082118 50.15941360523399 24.65687085968495
    vertex -3.06151588455594e-15 52.6315789473684 25
  endloop
endfacet
facet normal 0.612529 0.0209219 0.790171
  outer loop
    vertex 13.2132735452381 27.32334662454861 21.22285094464716
    vertex 16.54699094972337 23.48420535226935 18.74025321359807
    vertex 17.43398766900076 28.56880850420985 17.91803767037923
  endloop
endfacet
facet normal 0.913539 -0.0226608 0.406119
  outer loop
    vertex 23.71492737161114 68.85290783275863 7.91215645441928
    vertex 22.31760958171316 72.62953319069176 11.26606863809311
    vertex 21.62289663284984 67.59604178878909 12.54792178829192
  endloop
endfacet
facet normal 0.109169 -0 0.994023
  outer loop
    vertex -3.06151588455594e-15 42.10526315789471 25
    vertex 5.425805097360136 44.75735039327613 24.4041111095131
    vertex -3.06151588455594e-15 47.36842105263155 25
  endloop
endfacet
facet normal 0.767501 -0.0171226 0.64082
  outer loop
    vertex 17.43398766900076 28.56880850420985 17.91803767037923
    vertex 20.62139253364418 29.80589444024087 14.13358305502762
    vertex 18.14781610594046 33.49312959978699 17.19467273852481
  endloop
endfacet
facet normal 0.0815564 -0 0.996669
  outer loop
    vertex -3.06151588455594e-15 68.42105263157893 25
    vertex 4.064237957549154 71.04043343478274 24.66742730453293
    vertex -3.06151588455594e-15 73.68421052631578 25
  endloop
endfacet
facet normal 0.992098 0.0225102 -0.123428
  outer loop
    vertex 24.62817596475839 62.54675856110309 -4.295689542890333
    vertex 24.3380418495573 67.55225672619559 -5.714868233756336
    vertex 24.99033852233623 66.3286333325855 -0.6949680129601722
  endloop
endfacet
facet normal 0.949677 0.0296406 0.311825
  outer loop
    vertex 22.90691695482899 12.25316560182418 10.01364846719557
    vertex 23.74943811940055 8.463326281017466 7.807956775800194
    vertex 24.45772238056475 13.42950444757092 5.17878518141293
  endloop
endfacet
facet normal 0.699229 -0.0239989 0.714495
  outer loop
    vertex 19.13517714139003 85.21456899900352 16.08866047151299
    vertex 16.60035653109095 88.89665639915914 18.69299770076127
    vertex 15.42529326627299 83.86205203231614 19.67384882653807
  endloop
endfacet
facet normal 0.0905585 -0 0.995891
  outer loop
    vertex -3.06151588455594e-15 21.05263157894733 25
    vertex 4.509319595741305 23.692430084372 24.58995804761495
    vertex -3.06151588455594e-15 26.31578947368417 25
  endloop
endfacet
facet normal 0.9523 -0.0225144 -0.304333
  outer loop
    vertex 24.16338682634177 53.74542173217964 -6.413324962963664
    vertex 24.4924576648512 48.72136375846078 -5.011937503149019
    vertex 22.97094547618275 49.9773838158548 -9.865883839283708
  endloop
endfacet
facet normal 0.985661 0.022638 0.167211
  outer loop
    vertex 24.13183355718693 41.16496080898114 6.531049622245017
    vertex 24.82374527989347 37.39082239368759 2.963388310526818
    vertex 24.95415939493148 42.42371519056796 1.513251100231817
  endloop
endfacet
facet normal 0.974263 0.0226461 0.224272
  outer loop
    vertex 23.71129782641558 36.13267633842995 7.92302690813428
    vertex 24.60894895039265 32.35979514572939 4.404501283569849
    vertex 24.82374527989347 37.39082239368759 2.963388310526818
  endloop
endfacet
facet normal 0.962792 -0.0226932 0.269288
  outer loop
    vertex 23.21332405810744 63.8179056491521 9.281249170951636
    vertex 24.61229147239768 65.07941072475259 4.385784818905315
    vertex 23.71492737161114 68.85290783275863 7.91215645441928
  endloop
endfacet
facet normal 0.0911452 -0 0.995838
  outer loop
    vertex -3.06151588455594e-15 52.6315789473684 25
    vertex 4.538288827356801 55.44022258149842 24.58462801263197
    vertex -3.06151588455594e-15 57.89473684210524 25
  endloop
endfacet
facet normal 0.993731 0.0226766 0.109475
  outer loop
    vertex 24.47136508378205 46.1977334539542 5.113931064870989
    vertex 24.95415939493148 42.42371519056796 1.513251100231817
    vertex 24.99993892967162 47.45628385030687 0.05525859833211903
  endloop
endfacet
facet normal 0.999579 -0.0226897 -0.0180822
  outer loop
    vertex 24.8366698191034 57.51825737620802 -2.853039133422186
    vertex 24.98802293184411 61.29568864711499 0.773763502391277
    vertex 24.90015734697149 56.26264498333647 2.23207618509357
  endloop
endfacet
facet normal 0.783817 0.0442458 -0.619414
  outer loop
    vertex 19.2081220377592 42.43891967668905 -16.00150142275872
    vertex 17.42063760446712 47.09228635187132 -17.93101741267979
    vertex 21.30949571813394 46.20905054307745 -13.07307891197904
  endloop
endfacet
facet normal 0.829817 -0.0225547 0.55758
  outer loop
    vertex 21.99536388348881 86.47360921347538 11.88292756996003
    vertex 20.03350167173377 90.24520044035657 14.95522687118588
    vertex 19.13517714139003 85.21456899900352 16.08866047151299
  endloop
endfacet
facet normal 0.717011 -0.0220356 0.696714
  outer loop
    vertex 15.99726886712874 37.35112096707441 19.21164721706063
    vertex 19.4929347378096 38.58888235302796 15.65329023903587
    vertex 17.09209724737138 42.39520308236884 18.24445701264906
  endloop
endfacet
facet normal 0.270311 -0.000755731 0.962773
  outer loop
    vertex 8.928612053696721 26.29943291905173 23.35122880695107
    vertex 4.552002176704373 28.9389240279702 24.5820925916261
    vertex 4.509319595741305 23.692430084372 24.58995804761495
  endloop
endfacet
facet normal 0.551933 0.0293096 0.833373
  outer loop
    vertex 11.76738347343806 36.0902464972749 22.05739527208634
    vertex 13.93920703771578 32.27292071429476 20.75327702218845
    vertex 15.99726886712874 37.35112096707441 19.21164721706063
  endloop
endfacet
facet normal 0.845007 -0.0226941 0.534274
  outer loop
    vertex 22.31760958171316 72.62953319069176 11.26606863809311
    vertex 20.4493866570786 76.40757362516408 14.38132766295573
    vertex 19.57469023405449 71.37385087436091 15.55093251997486
  endloop
endfacet
facet normal 0.697873 -0.0226241 0.715864
  outer loop
    vertex 16.54699094972337 23.48420535226935 18.74025321359807
    vertex 15.42909678058461 18.44723989096629 19.67086608503433
    vertex 19.09160029822713 19.71108816550653 16.14034690001221
  endloop
endfacet
facet normal 0.998421 0.0226295 0.0514139
  outer loop
    vertex 24.72777216498363 51.23058646213777 3.679304792574353
    vertex 24.99993892967162 47.45628385030687 0.05525859833211903
    vertex 24.96079127766361 52.48891139496691 -1.399606656497552
  endloop
endfacet
facet normal 0.974447 0.0229189 0.223445
  outer loop
    vertex 23.71492737161114 68.85290783275863 7.91215645441928
    vertex 24.61229147239768 65.07941072475259 4.385784818905315
    vertex 24.82763216207519 70.11042955038506 2.930645189150284
  endloop
endfacet
facet normal 0.601088 0.0227121 0.79886
  outer loop
    vertex 13.0362804374372 41.13442718280172 21.33202738504928
    vertex 15.99726886712874 37.35112096707441 19.21164721706063
    vertex 17.09209724737138 42.39520308236884 18.24445701264906
  endloop
endfacet
facet normal 0.888279 -0.0227151 0.458743
  outer loop
    vertex 23.21332405810744 63.8179056491521 9.281249170951636
    vertex 21.62289663284984 67.59604178878909 12.54792178829192
    vertex 20.85244399817686 62.56014709584751 13.79041621209809
  endloop
endfacet
facet normal 0.690121 0.0226835 0.723339
  outer loop
    vertex 15.43573538082583 51.22063572683279 19.66565720369197
    vertex 18.12749608287523 47.43924006830969 17.21609380101489
    vertex 19.10113377499271 52.48096505628505 16.12906347280687
  endloop
endfacet
facet normal 0.646709 0.0226844 0.762399
  outer loop
    vertex 14.2604739941553 46.17789377053036 20.53384721531794
    vertex 17.09209724737138 42.39520308236884 18.24445701264906
    vertex 18.12749608287523 47.43924006830969 17.21609380101489
  endloop
endfacet
facet normal 0.945415 -0.0226858 0.325077
  outer loop
    vertex 24.31382156351937 60.04004775190842 5.817050883165863
    vertex 23.21332405810744 63.8179056491521 9.281249170951636
    vertex 22.63216566461942 58.78264095073963 10.62003188927518
  endloop
endfacet
facet normal 0.761875 0.0177499 0.647481
  outer loop
    vertex 19.98027964372556 24.76124422119635 15.02625786277229
    vertex 20.62139253364418 29.80589444024087 14.13358305502762
    vertex 17.43398766900076 28.56880850420985 17.91803767037923
  endloop
endfacet
facet normal 0.999593 -0.0224986 -0.0175402
  outer loop
    vertex 24.98741433513519 28.59145560480562 0.7931739054459557
    vertex 24.89978320394398 23.57304511642858 2.236246050100325
    vertex 24.83923505260878 24.83314099050158 -2.830618660514234
  endloop
endfacet
facet normal 0.999542 0.0302576 -3.39724e-15
  outer loop
    vertex 24.86304738420684 100 2.613211581691265
    vertex 25 95.47585717587467 -8.173591834795255e-14
    vertex 24.86304738420682 100 -2.613211581691433
  endloop
endfacet
facet normal 0.999542 -0.0302576 4.07669e-15
  outer loop
    vertex 24.86304738420684 0 -2.613211581691246
    vertex 25 4.524142824125327 9.58997655920725e-14
    vertex 24.86304738420682 0 2.613211581691435
  endloop
endfacet
facet normal 0.852655 0.0181798 0.522158
  outer loop
    vertex 22.53263702980193 91.52832210561283 10.82960149235413
    vertex 20.03350167173377 90.24520044035657 14.95522687118588
    vertex 21.99536388348881 86.47360921347538 11.88292756996003
  endloop
endfacet
facet normal 0.762246 -0.0196343 0.646989
  outer loop
    vertex 20.4493866570786 76.40757362516408 14.38132766295573
    vertex 18.24550442678995 80.13650142836157 17.09097914725743
    vertex 17.33563762457858 75.20277286308635 18.0132081581626
  endloop
endfacet
facet normal 0.966626 0.0213995 0.255297
  outer loop
    vertex 24.45772238056475 13.42950444757092 5.17878518141293
    vertex 24.70761206459522 18.44363993503843 3.812336037847249
    vertex 23.46170652235987 17.19759959844083 8.634137308304544
  endloop
endfacet
facet normal 0.875247 0.0224427 -0.483155
  outer loop
    vertex 21.27271474172284 78.78385036329722 -13.13284460873911
    vertex 20.47804079563404 83.77667632364999 -14.34049668499483
    vertex 22.93973876070049 82.54625294035469 -9.938228493590575
  endloop
endfacet
facet normal 0.873877 -0.0225099 0.485626
  outer loop
    vertex 21.23150631890919 15.93869197915764 13.19936132659908
    vertex 20.4295951000891 10.91281935061923 14.40942899793103
    vertex 22.90691695482899 12.25316560182418 10.01364846719557
  endloop
endfacet
facet normal 0.619408 -0.0163815 0.784898
  outer loop
    vertex 13.93920703771578 32.27292071429476 20.75327702218845
    vertex 13.2132735452381 27.32334662454861 21.22285094464716
    vertex 17.43398766900076 28.56880850420985 17.91803767037923
  endloop
endfacet
facet normal 0.731194 0.0227001 0.681792
  outer loop
    vertex 16.55817759704535 56.26265139770487 18.73036984858296
    vertex 19.10113377499271 52.48096505628505 16.12906347280687
    vertex 20.01068675720931 57.52273837279821 14.98574040562721
  endloop
endfacet
facet normal 0.982557 -0.0226581 0.184575
  outer loop
    vertex 24.90015734697149 56.26264498333647 2.23207618509357
    vertex 24.31382156351937 60.04004775190842 5.817050883165863
    vertex 23.93329502061545 55.00618388795333 7.224776083463329
  endloop
endfacet
facet normal 0.676427 -0.0221199 -0.736178
  outer loop
    vertex 15.12120939819971 62.54664992155859 -19.90851642729304
    vertex 17.74302510142265 66.29329930498189 -17.6120714355321
    vertex 18.74935763888188 61.27641858518076 -16.53667403468127
  endloop
endfacet
facet normal 0.987474 -0.0226516 0.156147
  outer loop
    vertex 24.47136508378205 46.1977334539542 5.113931064870989
    vertex 24.13183355718693 41.16496080898114 6.531049622245017
    vertex 24.95415939493148 42.42371519056796 1.513251100231817
  endloop
endfacet
facet normal 0.976716 -0.0226094 0.213342
  outer loop
    vertex 24.13183355718693 41.16496080898114 6.531049622245017
    vertex 23.71129782641558 36.13267633842995 7.92302690813428
    vertex 24.82374527989347 37.39082239368759 2.963388310526818
  endloop
endfacet
facet normal 0.442959 0.0221953 -0.896267
  outer loop
    vertex 8.649706950355728 55.01797607027472 -23.45596404783786
    vertex 13.16086129330563 53.84840151409951 -21.25539296316042
    vertex 10 50 -22.9128784747792
  endloop
endfacet
facet normal 0.975258 -0.0226535 -0.219907
  outer loop
    vertex 23.74665663721234 58.77343506426717 -7.816412127973996
    vertex 24.62817596475839 62.54675856110309 -4.295689542890333
    vertex 24.8366698191034 57.51825737620802 -2.853039133422186
  endloop
endfacet
facet normal 0.757519 -0.0173653 0.652582
  outer loop
    vertex 17.8469235827112 14.64734379647267 17.50677921928722
    vertex 17.11326546037189 9.618843038205441 18.22460274691447
    vertex 20.4295951000891 10.91281935061923 14.40942899793103
  endloop
endfacet
facet normal 0.518324 -0.0181102 0.854993
  outer loop
    vertex 14.86374494929936 65.08820790841835 20.10146974930385
    vertex 11.78651991416422 68.87417890438175 22.0471755178075
    vertex 10.75417815275427 63.95095895052444 22.56873173793385
  endloop
endfacet
facet normal 0.962617 -0.0226914 0.269916
  outer loop
    vertex 23.71129782641558 36.13267633842995 7.92302690813428
    vertex 23.20831122877046 31.10009632685941 9.293776945275102
    vertex 24.60894895039265 32.35979514572939 4.404501283569849
  endloop
endfacet
facet normal 0.994897 -0.022661 0.0983176
  outer loop
    vertex 24.72777216498363 51.23058646213777 3.679304792574353
    vertex 24.47136508378205 46.1977334539542 5.113931064870989
    vertex 24.99993892967162 47.45628385030687 0.05525859833211903
  endloop
endfacet
facet normal 0.633187 -0.0227235 0.773665
  outer loop
    vertex 17.6237637718781 61.30263007722649 17.73141140781063
    vertex 14.86374494929936 65.08820790841835 20.10146974930385
    vertex 13.66251205239457 60.04518040988016 20.93646972195105
  endloop
endfacet
facet normal 0.963801 0.0227089 -0.265655
  outer loop
    vertex 23.74665663721234 58.77343506426717 -7.816412127973996
    vertex 23.25042214797214 63.79012101732175 -9.187919783122103
    vertex 24.62817596475839 62.54675856110309 -4.295689542890333
  endloop
endfacet
facet normal 0.997614 0.022651 -0.065224
  outer loop
    vertex 24.62817596475839 62.54675856110309 -4.295689542890333
    vertex 24.98802293184411 61.29568864711499 0.773763502391277
    vertex 24.8366698191034 57.51825737620802 -2.853039133422186
  endloop
endfacet
facet normal 0.913181 -0.0282574 0.406574
  outer loop
    vertex 23.77641290737881 0 7.725424859373787
    vertex 22.5385731760889 4.483143338321355 10.81724175499863
    vertex 21.65063509461092 0 12.50000000000008
  endloop
endfacet
facet normal 0.896183 0.0227605 0.4431
  outer loop
    vertex 21.23906899885029 48.70021278959565 13.18718878541125
    vertex 22.93079888778394 44.93853198898099 9.958838404553367
    vertex 23.47302114337205 49.97776729448211 8.60332949519014
  endloop
endfacet
facet normal 0.838971 0.0226689 0.543703
  outer loop
    vertex 22.31760958171316 72.62953319069176 11.26606863809311
    vertex 19.57469023405449 71.37385087436091 15.55093251997486
    vertex 21.62289663284984 67.59604178878909 12.54792178829192
  endloop
endfacet
facet normal 0.457135 -0.0267971 -0.888993
  outer loop
    vertex 10 50 -22.9128784747792
    vertex 13.78157781411297 46.3494006932949 -20.85828643377852
    vertex 8.649706950355711 44.98202392972524 -23.45596404783778
  endloop
endfacet
facet normal 0.812326 -0.022821 0.582757
  outer loop
    vertex 19.57469023405449 71.37385087436091 15.55093251997486
    vertex 18.62807757766469 66.33619613149445 16.67317383585099
    vertex 21.62289663284984 67.59604178878909 12.54792178829192
  endloop
endfacet
facet normal 0.562712 -0.0227238 0.82634
  outer loop
    vertex 13.0362804374372 41.13442718280172 21.33202738504928
    vertex 11.76738347343806 36.0902464972749 22.05739527208634
    vertex 15.99726886712874 37.35112096707441 19.21164721706063
  endloop
endfacet
facet normal 0.655238 -0.0227102 0.755081
  outer loop
    vertex 15.43573538082583 51.22063572683279 19.66565720369197
    vertex 14.2604739941553 46.17789377053036 20.53384721531794
    vertex 18.12749608287523 47.43924006830969 17.21609380101489
  endloop
endfacet
facet normal 0.698202 -0.0227002 0.715541
  outer loop
    vertex 16.55817759704535 56.26265139770487 18.73036984858296
    vertex 15.43573538082583 51.22063572683279 19.66565720369197
    vertex 19.10113377499271 52.48096505628505 16.12906347280687
  endloop
endfacet
facet normal 0.610029 -0.022721 0.792053
  outer loop
    vertex 14.2604739941553 46.17789377053036 20.53384721531794
    vertex 13.0362804374372 41.13442718280172 21.33202738504928
    vertex 17.09209724737138 42.39520308236884 18.24445701264906
  endloop
endfacet
facet normal 0.668821 0.0304282 0.742801
  outer loop
    vertex 14.69463130731184 100 20.22542485937367
    vertex 16.69012053477285 95.50296828777098 18.61289543662548
    vertex 18.57862063693487 100 16.72826515897144
  endloop
endfacet
facet normal 0.987728 -0.0238489 0.15435
  outer loop
    vertex 24.13626183240449 73.88559786487218 6.514665360370714
    vertex 24.95829900747701 75.10966445465024 1.443367816383561
    vertex 24.48494875233003 78.83775724893083 5.048493299566926
  endloop
endfacet
facet normal 0.941711 0.0226796 0.335657
  outer loop
    vertex 24.31382156351937 60.04004775190842 5.817050883165863
    vertex 22.63216566461942 58.78264095073963 10.62003188927518
    vertex 23.93329502061545 55.00618388795333 7.224776083463329
  endloop
endfacet
facet normal 0.883074 0.0226919 0.468684
  outer loop
    vertex 23.21332405810744 63.8179056491521 9.281249170951636
    vertex 20.85244399817686 62.56014709584751 13.79041621209809
    vertex 22.63216566461942 58.78264095073963 10.62003188927518
  endloop
endfacet
facet normal 0.690658 0.0216762 0.722857
  outer loop
    vertex 19.13517714139003 85.21456899900352 16.08866047151299
    vertex 15.42529326627299 83.86205203231614 19.67384882653807
    vertex 18.24550442678995 80.13650142836157 17.09097914725743
  endloop
endfacet
facet normal 0.708532 0.0262783 0.70519
  outer loop
    vertex 18.14781610594046 33.49312959978699 17.19467273852481
    vertex 19.4929347378096 38.58888235302796 15.65329023903587
    vertex 15.99726886712874 37.35112096707441 19.21164721706063
  endloop
endfacet
facet normal 0.954423 -0.0226447 0.297598
  outer loop
    vertex 23.47302114337205 49.97776729448211 8.60332949519014
    vertex 22.93079888778394 44.93853198898099 9.958838404553367
    vertex 24.47136508378205 46.1977334539542 5.113931064870989
  endloop
endfacet
facet normal 0.824147 -0.0228313 -0.565916
  outer loop
    vertex 19.1561565354982 75.02797651004204 -16.06367538228688
    vertex 21.27271474172284 78.78385036329722 -13.13284460873911
    vertex 22.00507242057683 73.79256750459602 -11.86493943369155
  endloop
endfacet
facet normal 0.988196 0.0224562 -0.151539
  outer loop
    vertex 24.96079127766361 52.48891139496691 -1.399606656497552
    vertex 24.4924576648512 48.72136375846078 -5.011937503149019
    vertex 24.16338682634177 53.74542173217964 -6.413324962963664
  endloop
endfacet
facet normal 0.808647 0.0302576 0.587516
  outer loop
    vertex 18.57862063693487 100 16.72826515897144
    vertex 20.2254248593737 95.47585717587467 14.6946313073118
    vertex 21.65063509461098 100 12.49999999999997
  endloop
endfacet
facet normal 0.808667 -0.0294046 0.587531
  outer loop
    vertex 21.65063509461092 0 12.50000000000008
    vertex 20.23870503962576 4.655165404729011 14.67633531638695
    vertex 18.5786206369348 0 16.72826515897151
  endloop
endfacet
facet normal 0.510387 0.0207715 0.859694
  outer loop
    vertex 14.86374494929936 65.08820790841835 20.10146974930385
    vertex 10.75417815275427 63.95095895052444 22.56873173793385
    vertex 13.66251205239457 60.04518040988016 20.93646972195105
  endloop
endfacet
facet normal 0.579768 0.0233558 0.814447
  outer loop
    vertex 16.60035653109095 88.89665639915914 18.69299770076127
    vertex 12.45816783311262 87.74247014705881 21.67473308352373
    vertex 15.42529326627299 83.86205203231614 19.67384882653807
  endloop
endfacet
facet normal 0.932098 -0.0225796 -0.361501
  outer loop
    vertex 22.34228926915298 87.49422599697257 -11.21704552070159
    vertex 23.70527164305457 91.30973843575416 -7.941038743703061
    vertex 24.13036749190726 86.37057602270548 -6.536464235770391
  endloop
endfacet
facet normal 0.755594 0.0208264 0.654709
  outer loop
    vertex 20.4493866570786 76.40757362516408 14.38132766295573
    vertex 17.33563762457858 75.20277286308635 18.0132081581626
    vertex 19.57469023405449 71.37385087436091 15.55093251997486
  endloop
endfacet
facet normal 0.92484 -0.0227102 0.379677
  outer loop
    vertex 22.63216566461942 58.78264095073963 10.62003188927518
    vertex 21.97335544950084 53.74663101598139 11.92357539875903
    vertex 23.93329502061545 55.00618388795333 7.224776083463329
  endloop
endfacet
facet normal 0.45761 0.015613 0.889016
  outer loop
    vertex 9.251732008023831 59.00676407637025 23.2251039793519
    vertex 12.87794338408642 55.05328586140642 21.42798577086201
    vertex 13.66251205239457 60.04518040988016 20.93646972195105
  endloop
endfacet
facet normal 0.897031 -0.0226752 -0.441386
  outer loop
    vertex 21.27271474172284 78.78385036329722 -13.13284460873911
    vertex 22.93973876070049 82.54625294035469 -9.938228493590575
    vertex 23.48092266198376 77.5506643228226 -8.581740554336145
  endloop
endfacet
facet normal 0.998934 -0.0226541 0.0402182
  outer loop
    vertex 24.90015734697149 56.26264498333647 2.23207618509357
    vertex 24.72777216498363 51.23058646213777 3.679304792574353
    vertex 24.96079127766361 52.48891139496691 -1.399606656497552
  endloop
endfacet
facet normal 0.986439 -0.0226335 -0.16256
  outer loop
    vertex 24.8366698191034 57.51825737620802 -2.853039133422186
    vertex 24.96079127766361 52.48891139496691 -1.399606656497552
    vertex 24.16338682634177 53.74542173217964 -6.413324962963664
  endloop
endfacet
facet normal 0.828741 -0.0227042 0.559172
  outer loop
    vertex 19.10113377499271 52.48096505628505 16.12906347280687
    vertex 21.97335544950084 53.74663101598139 11.92357539875903
    vertex 20.01068675720931 57.52273837279821 14.98574040562721
  endloop
endfacet
facet normal 0.933364 -0.0226032 -0.358218
  outer loop
    vertex 23.74665663721234 58.77343506426717 -7.816412127973996
    vertex 24.16338682634177 53.74542173217964 -6.413324962963664
    vertex 22.37580109102392 54.99780634333175 -11.15004598801875
  endloop
endfacet
facet normal 0.931426 0.022635 0.363227
  outer loop
    vertex 24.13183355718693 41.16496080898114 6.531049622245017
    vertex 22.31011193260784 39.90680973868282 11.28090889753611
    vertex 23.71129782641558 36.13267633842995 7.92302690813428
  endloop
endfacet
facet normal 0.999719 0.0226842 -0.00688031
  outer loop
    vertex 24.8366698191034 57.51825737620802 -2.853039133422186
    vertex 24.90015734697149 56.26264498333647 2.23207618509357
    vertex 24.96079127766361 52.48891139496691 -1.399606656497552
  endloop
endfacet
facet normal 0.980428 0.0226586 0.195567
  outer loop
    vertex 24.90015734697149 56.26264498333647 2.23207618509357
    vertex 23.93329502061545 55.00618388795333 7.224776083463329
    vertex 24.72777216498363 51.23058646213777 3.679304792574353
  endloop
endfacet
facet normal 0.97766 0.022719 -0.20896
  outer loop
    vertex 23.74665663721234 58.77343506426717 -7.816412127973996
    vertex 24.8366698191034 57.51825737620802 -2.853039133422186
    vertex 24.16338682634177 53.74542173217964 -6.413324962963664
  endloop
endfacet
facet normal 0.535079 0.0206973 0.844549
  outer loop
    vertex 15.43573538082583 51.22063572683279 19.66565720369197
    vertex 11.4300331871194 49.97445316481944 22.23408062730162
    vertex 14.2604739941553 46.17789377053036 20.53384721531794
  endloop
endfacet
facet normal 0.868838 0.0227721 0.494572
  outer loop
    vertex 22.93079888778394 44.93853198898099 9.958838404553367
    vertex 20.43479932791207 43.67081826973123 14.40204764705229
    vertex 22.31011193260784 39.90680973868282 11.28090889753611
  endloop
endfacet
facet normal 0.915243 0.0228566 -0.402253
  outer loop
    vertex 21.67698079178121 60.02778507469235 -12.45425645121974
    vertex 23.74665663721234 58.77343506426717 -7.816412127973996
    vertex 22.37580109102392 54.99780634333175 -11.15004598801875
  endloop
endfacet
facet normal 0.738808 -0.0227049 0.673533
  outer loop
    vertex 17.6237637718781 61.30263007722649 17.73141140781063
    vertex 16.55817759704535 56.26265139770487 18.73036984858296
    vertex 20.01068675720931 57.52273837279821 14.98574040562721
  endloop
endfacet
facet normal 0.769782 0.022736 0.637902
  outer loop
    vertex 20.85244399817686 62.56014709584751 13.79041621209809
    vertex 17.6237637718781 61.30263007722649 17.73141140781063
    vertex 20.01068675720931 57.52273837279821 14.98574040562721
  endloop
endfacet
facet normal 0.859974 -0.0227253 0.509831
  outer loop
    vertex 20.85244399817686 62.56014709584751 13.79041621209809
    vertex 20.01068675720931 57.52273837279821 14.98574040562721
    vertex 22.63216566461942 58.78264095073963 10.62003188927518
  endloop
endfacet
facet normal 0.624471 0.0227139 0.780718
  outer loop
    vertex 17.6237637718781 61.30263007722649 17.73141140781063
    vertex 13.66251205239457 60.04518040988016 20.93646972195105
    vertex 16.55817759704535 56.26265139770487 18.73036984858296
  endloop
endfacet
facet normal 0.426517 0.0227326 0.904194
  outer loop
    vertex 13.0362804374372 41.13442718280172 21.33202738504928
    vertex 8.436237712450929 39.87434448163732 23.53359074300011
    vertex 11.76738347343806 36.0902464972749 22.05739527208634
  endloop
endfacet
facet normal 0.464836 -0.0237551 0.885078
  outer loop
    vertex 10.75417815275427 63.95095895052444 22.56873173793385
    vertex 9.251732008023831 59.00676407637025 23.2251039793519
    vertex 13.66251205239457 60.04518040988016 20.93646972195105
  endloop
endfacet
facet normal 0.584071 -0.0215924 -0.811415
  outer loop
    vertex 12.60103007109857 72.52011526137289 -21.5919902081135
    vertex 15.64865373780243 76.21790345200606 -19.49665705177075
    vertex 16.67550648372175 71.27552461261104 -18.62598946395477
  endloop
endfacet
facet normal 0.59416 -0.0141974 0.804221
  outer loop
    vertex 13.66251205239457 60.04518040988016 20.93646972195105
    vertex 12.87794338408642 55.05328586140642 21.42798577086201
    vertex 16.55817759704535 56.26265139770487 18.73036984858296
  endloop
endfacet
facet normal 0.805709 0.0227647 0.591874
  outer loop
    vertex 21.62289663284984 67.59604178878909 12.54792178829192
    vertex 18.62807757766469 66.33619613149445 16.67317383585099
    vertex 20.85244399817686 62.56014709584751 13.79041621209809
  endloop
endfacet
facet normal 0.842369 -0.0225766 -0.538429
  outer loop
    vertex 21.67698079178121 60.02778507469235 -12.45425645121974
    vertex 22.37580109102392 54.99780634333175 -11.15004598801875
    vertex 19.68879147105539 56.24646277900126 -15.40621596659273
  endloop
endfacet
facet normal 0.859243 0.0216631 0.511109
  outer loop
    vertex 21.65063509461092 0 12.50000000000008
    vertex 22.5385731760889 4.483143338321355 10.81724175499863
    vertex 20.23870503962576 4.655165404729011 14.67633531638695
  endloop
endfacet
facet normal 0.669041 0.0226908 0.742879
  outer loop
    vertex 17.6237637718781 61.30263007722649 17.73141140781063
    vertex 18.62807757766469 66.33619613149445 16.67317383585099
    vertex 14.86374494929936 65.08820790841835 20.10146974930385
  endloop
endfacet
facet normal 0.863964 0.0126145 -0.503396
  outer loop
    vertex 22.01863054995981 16.37261549703638 -11.83975965568459
    vertex 20.70705922592761 19.68467245570062 -14.00777277849432
    vertex 22.56458573889662 21.95462443714612 -10.76287463608042
  endloop
endfacet
facet normal 0.757986 -0.0226905 0.651876
  outer loop
    vertex 17.09209724737138 42.39520308236884 18.24445701264906
    vertex 20.43479932791207 43.67081826973123 14.40204764705229
    vertex 18.12749608287523 47.43924006830969 17.21609380101489
  endloop
endfacet
facet normal 0.489134 -0.0257723 0.871828
  outer loop
    vertex 11.4300331871194 49.97445316481944 22.23408062730162
    vertex 9.799286564623277 44.91487028442933 22.99943440227159
    vertex 14.2604739941553 46.17789377053036 20.53384721531794
  endloop
endfacet
facet normal 0.959531 0.022581 0.280696
  outer loop
    vertex 23.20831122877046 31.10009632685941 9.293776945275102
    vertex 24.31349017484735 27.33858964412048 5.818435830839888
    vertex 24.60894895039265 32.35979514572939 4.404501283569849
  endloop
endfacet
facet normal 0.854187 0.0227173 0.51947
  outer loop
    vertex 20.01068675720931 57.52273837279821 14.98574040562721
    vertex 21.97335544950084 53.74663101598139 11.92357539875903
    vertex 22.63216566461942 58.78264095073963 10.62003188927518
  endloop
endfacet
facet normal 0.990122 0.0225064 0.138394
  outer loop
    vertex 24.98741433513519 28.59145560480562 0.7931739054459557
    vertex 24.31349017484735 27.33858964412048 5.818435830839888
    vertex 24.89978320394398 23.57304511642858 2.236246050100325
  endloop
endfacet
facet normal 0.951197 -0.0223713 -0.307772
  outer loop
    vertex 22.93973876070049 82.54625294035469 -9.938228493590575
    vertex 24.13036749190726 86.37057602270548 -6.536464235770391
    vertex 24.47089258807194 81.30992868449717 -5.116191546750943
  endloop
endfacet
facet normal 0.499771 0.0302576 0.865629
  outer loop
    vertex 10.16841607689502 100 22.83863644106502
    vertex 12.50000000000002 95.47585717587467 21.65063509461095
    vertex 14.69463130731184 100 20.22542485937367
  endloop
endfacet
facet normal 0.499771 -0.0302576 0.865629
  outer loop
    vertex 14.69463130731178 0 20.22542485937372
    vertex 12.49999999999996 4.524142824125299 21.65063509461099
    vertex 10.16841607689498 0 22.83863644106503
  endloop
endfacet
facet normal 0.586821 -0.029756 0.809169
  outer loop
    vertex 12.50000000000002 95.47585717587467 21.65063509461095
    vertex 16.69012053477285 95.50296828777098 18.61289543662548
    vertex 14.69463130731184 100 20.22542485937367
  endloop
endfacet
facet normal 0.75326 -0.0214815 -0.657372
  outer loop
    vertex 17.17042457810668 85.00620413213321 -18.17076002283751
    vertex 19.70689100716386 88.6401033871459 -15.38305713542547
    vertex 20.47804079563404 83.77667632364999 -14.34049668499483
  endloop
endfacet
facet normal 0.756834 0.00531595 -0.653585
  outer loop
    vertex 17.42063760446712 47.09228635187132 -17.93101741267979
    vertex 17.20062249715771 52.4543173449634 -18.14217698376553
    vertex 20.41264487000756 51.13970548580453 -14.43343096463741
  endloop
endfacet
facet normal 0.837183 0.0232917 0.546427
  outer loop
    vertex 19.4929347378096 38.58888235302796 15.65329023903587
    vertex 21.62023712226447 34.87142094252117 12.55250360593684
    vertex 22.31011193260784 39.90680973868282 11.28090889753611
  endloop
endfacet
facet normal 0.677734 -0.0255511 0.734863
  outer loop
    vertex 18.62807757766469 66.33619613149445 16.67317383585099
    vertex 16.19374161676408 70.01956299097505 19.04633120707196
    vertex 14.86374494929936 65.08820790841835 20.10146974930385
  endloop
endfacet
facet normal 0.586903 0.0194919 0.809423
  outer loop
    vertex 16.55817759704535 56.26265139770487 18.73036984858296
    vertex 12.87794338408642 55.05328586140642 21.42798577086201
    vertex 15.43573538082583 51.22063572683279 19.66565720369197
  endloop
endfacet
facet normal 0.830422 0.0231139 -0.556655
  outer loop
    vertex 19.1561565354982 75.02797651004204 -16.06367538228688
    vertex 22.00507242057683 73.79256750459602 -11.86493943369155
    vertex 20.07941925025797 70.03856490208528 -14.89351948239131
  endloop
endfacet
facet normal 0.815669 0.0224193 -0.578084
  outer loop
    vertex 18.74935763888188 61.27641858518076 -16.53667403468127
    vertex 21.67698079178121 60.02778507469235 -12.45425645121974
    vertex 19.68879147105539 56.24646277900126 -15.40621596659273
  endloop
endfacet
facet normal 0.402171 0.0227699 0.915281
  outer loop
    vertex 12.45816783311262 87.74247014705881 21.67473308352373
    vertex 7.805506090862859 86.49031946404496 23.75024367591842
    vertex 11.16750927907369 82.70789846201507 22.36709047913481
  endloop
endfacet
facet normal 0.478655 0.0227233 0.877709
  outer loop
    vertex 14.2604739941553 46.17789377053036 20.53384721531794
    vertex 9.799286564623277 44.91487028442933 22.99943440227159
    vertex 13.0362804374372 41.13442718280172 21.33202738504928
  endloop
endfacet
facet normal 0.910661 -0.0227015 -0.41253
  outer loop
    vertex 21.67698079178121 60.02778507469235 -12.45425645121974
    vertex 23.25042214797214 63.79012101732175 -9.187919783122103
    vertex 23.74665663721234 58.77343506426717 -7.816412127973996
  endloop
endfacet
facet normal 0.689108 0.026036 0.72419
  outer loop
    vertex 15.42909678058461 18.44723989096629 19.67086608503433
    vertex 17.8469235827112 14.64734379647267 17.50677921928722
    vertex 19.09160029822713 19.71108816550653 16.14034690001221
  endloop
endfacet
facet normal 0.598046 -0.0185533 -0.801247
  outer loop
    vertex 12.7327367627748 86.36927018818409 -21.51458608781222
    vertex 16.47709750193382 89.9069919994844 -18.80173550265417
    vertex 17.17042457810668 85.00620413213321 -18.17076002283751
  endloop
endfacet
facet normal 0.93544 -0.0227052 0.352757
  outer loop
    vertex 24.13183355718693 41.16496080898114 6.531049622245017
    vertex 22.93079888778394 44.93853198898099 9.958838404553367
    vertex 22.31011193260784 39.90680973868282 11.28090889753611
  endloop
endfacet
facet normal 0.901862 0.0227355 -0.431425
  outer loop
    vertex 21.27271474172284 78.78385036329722 -13.13284460873911
    vertex 23.48092266198376 77.5506643228226 -8.581740554336145
    vertex 22.00507242057683 73.79256750459602 -11.86493943369155
  endloop
endfacet
facet normal 0.992279 0.0222723 -0.122013
  outer loop
    vertex 24.63217551546531 29.84700514276272 -4.272695797188375
    vertex 24.3484283966017 34.83131177253357 -5.670452769890592
    vertex 24.99115180386366 33.61720182824509 -0.6650800825781578
  endloop
endfacet
facet normal 0.538754 -0.0222991 0.842168
  outer loop
    vertex 12.45816783311262 87.74247014705881 21.67473308352373
    vertex 11.16750927907369 82.70789846201507 22.36709047913481
    vertex 15.42529326627299 83.86205203231614 19.67384882653807
  endloop
endfacet
facet normal 0.951023 0.0226475 0.308289
  outer loop
    vertex 24.47136508378205 46.1977334539542 5.113931064870989
    vertex 22.93079888778394 44.93853198898099 9.958838404553367
    vertex 24.13183355718693 41.16496080898114 6.531049622245017
  endloop
endfacet
facet normal 0.782404 0.0249847 0.62227
  outer loop
    vertex 21.23150631890919 15.93869197915764 13.19936132659908
    vertex 17.8469235827112 14.64734379647267 17.50677921928722
    vertex 20.4295951000891 10.91281935061923 14.40942899793103
  endloop
endfacet
facet normal 0.809162 -0.022495 -0.587155
  outer loop
    vertex 18.74935763888188 61.27641858518076 -16.53667403468127
    vertex 20.90818545273352 65.03975494747469 -13.70575722366708
    vertex 21.67698079178121 60.02778507469235 -12.45425645121974
  endloop
endfacet
facet normal 0.742442 0.0228271 -0.669522
  outer loop
    vertex 16.67550648372175 71.27552461261104 -18.62598946395477
    vertex 20.07941925025797 70.03856490208528 -14.89351948239131
    vertex 17.74302510142265 66.29329930498189 -17.6120714355321
  endloop
endfacet
facet normal 0.777438 -0.0318943 -0.62815
  outer loop
    vertex 17.42063760446712 47.09228635187132 -17.93101741267979
    vertex 20.41264487000756 51.13970548580453 -14.43343096463741
    vertex 21.30949571813394 46.20905054307745 -13.07307891197904
  endloop
endfacet
facet normal 0.954522 0.0226842 -0.297276
  outer loop
    vertex 22.93973876070049 82.54625294035469 -9.938228493590575
    vertex 24.47089258807194 81.30992868449717 -5.116191546750943
    vertex 23.48092266198376 77.5506643228226 -8.581740554336145
  endloop
endfacet
facet normal 0.967392 0.0226246 0.252269
  outer loop
    vertex 24.72777216498363 51.23058646213777 3.679304792574353
    vertex 23.47302114337205 49.97776729448211 8.60332949519014
    vertex 24.47136508378205 46.1977334539542 5.113931064870989
  endloop
endfacet
facet normal 0.998554 0.0213764 0.0493213
  outer loop
    vertex 24.95912901104347 85.1478759288842 -1.42894331941053
    vertex 24.73834447921164 83.84080901084803 3.607535506112031
    vertex 24.9999358937353 80.07533365433606 -0.05661544953068953
  endloop
endfacet
facet normal 0.776893 -0.0227228 0.629223
  outer loop
    vertex 20.85244399817686 62.56014709584751 13.79041621209809
    vertex 18.62807757766469 66.33619613149445 16.67317383585099
    vertex 17.6237637718781 61.30263007722649 17.73141140781063
  endloop
endfacet
facet normal 0.987685 0.023029 -0.154752
  outer loop
    vertex 24.13036749190726 86.37057602270548 -6.536464235770391
    vertex 24.95912901104347 85.1478759288842 -1.42894331941053
    vertex 24.47089258807194 81.30992868449717 -5.116191546750943
  endloop
endfacet
facet normal 0.741996 -0.0309409 0.66969
  outer loop
    vertex 18.57862063693487 100 16.72826515897144
    vertex 16.69012053477285 95.50296828777098 18.61289543662548
    vertex 20.2254248593737 95.47585717587467 14.6946313073118
  endloop
endfacet
facet normal 0.920519 0.022671 0.390039
  outer loop
    vertex 21.97335544950084 53.74663101598139 11.92357539875903
    vertex 23.47302114337205 49.97776729448211 8.60332949519014
    vertex 23.93329502061545 55.00618388795333 7.224776083463329
  endloop
endfacet
facet normal 0.544508 -0.0221543 0.838463
  outer loop
    vertex 15.43573538082583 51.22063572683279 19.66565720369197
    vertex 12.87794338408642 55.05328586140642 21.42798577086201
    vertex 11.4300331871194 49.97445316481944 22.23408062730162
  endloop
endfacet
facet normal 0.99379 -0.02154 -0.109169
  outer loop
    vertex 24.95912901104347 85.1478759288842 -1.42894331941053
    vertex 24.9999358937353 80.07533365433606 -0.05661544953068953
    vertex 24.47089258807194 81.30992868449717 -5.116191546750943
  endloop
endfacet
facet normal 0.714423 0.0215565 0.699382
  outer loop
    vertex 19.57469023405449 71.37385087436091 15.55093251997486
    vertex 16.19374161676408 70.01956299097505 19.04633120707196
    vertex 18.62807757766469 66.33619613149445 16.67317383585099
  endloop
endfacet
facet normal 0.874384 -0.0227458 0.484701
  outer loop
    vertex 21.23906899885029 48.70021278959565 13.18718878541125
    vertex 20.43479932791207 43.67081826973123 14.40204764705229
    vertex 22.93079888778394 44.93853198898099 9.958838404553367
  endloop
endfacet
facet normal 0.436659 -0.0227754 0.899339
  outer loop
    vertex 13.0362804374372 41.13442718280172 21.33202738504928
    vertex 9.799286564623277 44.91487028442933 22.99943440227159
    vertex 8.436237712450929 39.87434448163732 23.53359074300011
  endloop
endfacet
facet normal 0.9916 -0.0224797 0.127376
  outer loop
    vertex 24.60894895039265 32.35979514572939 4.404501283569849
    vertex 24.31349017484735 27.33858964412048 5.818435830839888
    vertex 24.98741433513519 28.59145560480562 0.7931739054459557
  endloop
endfacet
facet normal 0.913401 -0.0225023 0.406438
  outer loop
    vertex 22.31011193260784 39.90680973868282 11.28090889753611
    vertex 21.62023712226447 34.87142094252117 12.55250360593684
    vertex 23.71129782641558 36.13267633842995 7.92302690813428
  endloop
endfacet
facet normal 0.921575 -0.0233847 -0.387495
  outer loop
    vertex 23.48092266198376 77.5506643228226 -8.581740554336145
    vertex 23.95502683777534 72.54977192084647 -7.152390453649973
    vertex 22.00507242057683 73.79256750459602 -11.86493943369155
  endloop
endfacet
facet normal 0.68461 0.0213809 -0.728596
  outer loop
    vertex 15.12120939819971 62.54664992155859 -19.90851642729304
    vertex 18.74935763888188 61.27641858518076 -16.53667403468127
    vertex 16.22070910529655 57.50406604505009 -19.023369736231
  endloop
endfacet
facet normal 0.78779 0.0227027 0.615525
  outer loop
    vertex 18.12749608287523 47.43924006830969 17.21609380101489
    vertex 20.43479932791207 43.67081826973123 14.40204764705229
    vertex 21.23906899885029 48.70021278959565 13.18718878541125
  endloop
endfacet
facet normal 0.790181 -0.0290316 0.612186
  outer loop
    vertex 19.09160029822713 19.71108816550653 16.14034690001221
    vertex 17.8469235827112 14.64734379647267 17.50677921928722
    vertex 21.23150631890919 15.93869197915764 13.19936132659908
  endloop
endfacet
facet normal 0.618603 0.00987035 0.785641
  outer loop
    vertex 17.11326546037189 9.618843038205441 18.22460274691447
    vertex 13.77696295822019 8.841024857087788 20.86133484817855
    vertex 16.60389477509035 4.510322073175431 18.68985495657276
  endloop
endfacet
facet normal 0.773243 -0.0223784 -0.633715
  outer loop
    vertex 20.07941925025797 70.03856490208528 -14.89351948239131
    vertex 20.90818545273352 65.03975494747469 -13.70575722366708
    vertex 17.74302510142265 66.29329930498189 -17.6120714355321
  endloop
endfacet
facet normal 0.960793 -0.0226579 -0.276338
  outer loop
    vertex 23.25042214797214 63.79012101732175 -9.187919783122103
    vertex 24.3380418495573 67.55225672619559 -5.714868233756336
    vertex 24.62817596475839 62.54675856110309 -4.295689542890333
  endloop
endfacet
facet normal 0.970147 -0.022604 0.241464
  outer loop
    vertex 23.93329502061545 55.00618388795333 7.224776083463329
    vertex 23.47302114337205 49.97776729448211 8.60332949519014
    vertex 24.72777216498363 51.23058646213777 3.679304792574353
  endloop
endfacet
facet normal 0.886586 -0.0225002 -0.462016
  outer loop
    vertex 20.97009202643532 32.31345908154915 -13.61085009846313
    vertex 22.70096384339506 36.06643206312089 -10.47216503789309
    vertex 23.27141644731137 31.0791498760884 -9.134614197425407
  endloop
endfacet
facet normal 0.722769 -0.021549 0.690754
  outer loop
    vertex 17.33563762457858 75.20277286308635 18.0132081581626
    vertex 16.19374161676408 70.01956299097505 19.04633120707196
    vertex 19.57469023405449 71.37385087436091 15.55093251997486
  endloop
endfacet
facet normal 0.717749 -0.0223572 -0.695942
  outer loop
    vertex 18.74935763888188 61.27641858518076 -16.53667403468127
    vertex 19.68879147105539 56.24646277900126 -15.40621596659273
    vertex 16.22070910529655 57.50406604505009 -19.023369736231
  endloop
endfacet
facet normal 0.908782 0.0226573 0.416655
  outer loop
    vertex 23.71129782641558 36.13267633842995 7.92302690813428
    vertex 21.62023712226447 34.87142094252117 12.55250360593684
    vertex 23.20831122877046 31.10009632685941 9.293776945275102
  endloop
endfacet
facet normal 0.780291 0.0225434 -0.62501
  outer loop
    vertex 17.74302510142265 66.29329930498189 -17.6120714355321
    vertex 20.90818545273352 65.03975494747469 -13.70575722366708
    vertex 18.74935763888188 61.27641858518076 -16.53667403468127
  endloop
endfacet
facet normal 0.862007 0.022591 -0.506393
  outer loop
    vertex 20.07941925025797 70.03856490208528 -14.89351948239131
    vertex 22.66994580099989 68.79789125073677 -10.53914405346693
    vertex 20.90818545273352 65.03975494747469 -13.70575722366708
  endloop
endfacet
facet normal 0.729624 0.0151982 -0.68368
  outer loop
    vertex 16.47709750193382 89.9069919994844 -18.80173550265417
    vertex 19.70689100716386 88.6401033871459 -15.38305713542547
    vertex 17.17042457810668 85.00620413213321 -18.17076002283751
  endloop
endfacet
facet normal 0.856294 -0.022975 -0.515977
  outer loop
    vertex 22.00507242057683 73.79256750459602 -11.86493943369155
    vertex 22.66994580099989 68.79789125073677 -10.53914405346693
    vertex 20.07941925025797 70.03856490208528 -14.89351948239131
  endloop
endfacet
facet normal 0.925918 0.02318 -0.377013
  outer loop
    vertex 23.95502683777534 72.54977192084647 -7.152390453649973
    vertex 22.66994580099989 68.79789125073677 -10.53914405346693
    vertex 22.00507242057683 73.79256750459602 -11.86493943369155
  endloop
endfacet
facet normal 0.99488 0.0232325 -0.0983584
  outer loop
    vertex 24.9999358937353 80.07533365433606 -0.05661544953068953
    vertex 24.73284176843037 76.32076756260804 -3.645070377617692
    vertex 24.47089258807194 81.30992868449717 -5.116191546750943
  endloop
endfacet
facet normal 0.736985 -0.00236955 -0.675905
  outer loop
    vertex 16.56738284481902 6.313308710562644 -18.72222811721929
    vertex 20.05520796065671 8.278855160144325 -14.92610577661875
    vertex 20.11161928841686 4.117802203597002 -14.85000907736352
  endloop
endfacet
facet normal 0.63584 -0.0162116 -0.771651
  outer loop
    vertex 13.96459792329068 34.78080659751522 -20.73620034723877
    vertex 17.1662147610571 38.43013491350362 -18.17473715840935
    vertex 17.82381229015784 33.5480034884574 -17.53030848117678
  endloop
endfacet
facet normal 0.550799 0.0188676 -0.834424
  outer loop
    vertex 11.57206392546587 77.41650885253074 -22.16049043917872
    vertex 15.64865373780243 76.21790345200606 -19.49665705177075
    vertex 12.60103007109857 72.52011526137289 -21.5919902081135
  endloop
endfacet
facet normal 0.947413 0.0227588 -0.319203
  outer loop
    vertex 22.70096384339506 36.06643206312089 -10.47216503789309
    vertex 24.3484283966017 34.83131177253357 -5.670452769890592
    vertex 23.27141644731137 31.0791498760884 -9.134614197425407
  endloop
endfacet
facet normal 0.970422 0.0233219 -0.240285
  outer loop
    vertex 23.48092266198376 77.5506643228226 -8.581740554336145
    vertex 24.73284176843037 76.32076756260804 -3.645070377617692
    vertex 23.95502683777534 72.54977192084647 -7.152390453649973
  endloop
endfacet
facet normal 0.961272 -0.02231 -0.274696
  outer loop
    vertex 23.27141644731137 31.0791498760884 -9.134614197425407
    vertex 24.3484283966017 34.83131177253357 -5.670452769890592
    vertex 24.63217551546531 29.84700514276272 -4.272695797188375
  endloop
endfacet
facet normal 0.740256 0.0320315 0.671562
  outer loop
    vertex 20.23870503962576 4.655165404729011 14.67633531638695
    vertex 16.60389477509035 4.510322073175431 18.68985495657276
    vertex 18.5786206369348 0 16.72826515897151
  endloop
endfacet
facet normal 0.0816737 0 -0.996659
  outer loop
    vertex 3.06151588455594e-15 80.00000000000006 -25
    vertex 4.070039817646343 77.35952613625008 -24.66647068152988
    vertex 3.06151588455594e-15 75.00000000000006 -25
  endloop
endfacet
facet normal 0.0976399 0 -0.995222
  outer loop
    vertex 3.06151588455594e-15 25.00000000000003 -25
    vertex 4.858668123917631 22.62842351925114 -24.52332245152819
    vertex 3.06151588455594e-15 20.00000000000005 -25
  endloop
endfacet
facet normal 0.584909 0.0283771 0.810602
  outer loop
    vertex 14.69463130731178 0 20.22542485937372
    vertex 16.60389477509035 4.510322073175431 18.68985495657276
    vertex 12.49999999999996 4.524142824125299 21.65063509461099
  endloop
endfacet
facet normal 0.967658 -0.0232609 -0.251189
  outer loop
    vertex 24.47089258807194 81.30992868449717 -5.116191546750943
    vertex 24.73284176843037 76.32076756260804 -3.645070377617692
    vertex 23.48092266198376 77.5506643228226 -8.581740554336145
  endloop
endfacet
facet normal 0.999684 -0.0234501 0.00900516
  outer loop
    vertex 24.90305976957211 71.35590056763876 -2.199457686139687
    vertex 24.95829900747701 75.10966445465024 1.443367816383561
    vertex 24.82763216207519 70.11042955038506 2.930645189150284
  endloop
endfacet
facet normal 0.221019 -0.0166181 -0.975128
  outer loop
    vertex 7.591568579383402 27.37661142339066 -23.81948963568528
    vertex 3.444287590793163 27.50000000000002 -24.76160097796401
    vertex 6.225952764607523 32.26610387615221 -24.21234214554379
  endloop
endfacet
facet normal 0.995229 -0.0231042 0.0947946
  outer loop
    vertex 24.73834447921164 83.84080901084803 3.607535506112031
    vertex 24.48494875233003 78.83775724893083 5.048493299566926
    vertex 24.9999358937353 80.07533365433606 -0.05661544953068953
  endloop
endfacet
facet normal 0.776609 -0.0198724 -0.629669
  outer loop
    vertex 17.82381229015784 33.5480034884574 -17.53030848117678
    vertex 20.28698465610491 37.2614476314682 -14.60952612383317
    vertex 20.97009202643532 32.31345908154915 -13.61085009846313
  endloop
endfacet
facet normal 0.086589 0 -0.996244
  outer loop
    vertex 3.06151588455594e-15 20.00000000000005 -25
    vertex 4.313188421785364 17.50117382339202 -24.62511737308427
    vertex 3.06151588455594e-15 15.00000000000005 -25
  endloop
endfacet
facet normal 0.107838 0 -0.994168
  outer loop
    vertex 3.06151588455594e-15 85.00000000000003 -25
    vertex 5.360468203870129 82.48996904225464 -24.41854583375713
    vertex 3.06151588455594e-15 80.00000000000006 -25
  endloop
endfacet
facet normal 0.739348 0.00604383 -0.673297
  outer loop
    vertex 20.11161928841686 4.117802203597002 -14.85000907736352
    vertex 16.72885143724657 2.617720820687758 -18.57809273285429
    vertex 16.56738284481902 6.313308710562644 -18.72222811721929
  endloop
endfacet
facet normal 0.865918 0.0186621 -0.499837
  outer loop
    vertex 20.97009202643532 32.31345908154915 -13.61085009846313
    vertex 20.28698465610491 37.2614476314682 -14.60952612383317
    vertex 22.70096384339506 36.06643206312089 -10.47216503789309
  endloop
endfacet
facet normal 0.0930502 0 -0.995661
  outer loop
    vertex 3.06151588455594e-15 15.00000000000005 -25
    vertex 4.632324200065963 12.37871631802936 -24.56708310942679
    vertex 3.06151588455594e-15 10.00000000000004 -25
  endloop
endfacet
facet normal 0.0866025 0 -0.996243
  outer loop
    vertex 3.06151588455594e-15 90.00000000000001 -25
    vertex 4.313858481684325 87.50000000000003 -24.625
    vertex 3.06151588455594e-15 85.00000000000003 -25
  endloop
endfacet
facet normal 0.435422 -0.00203575 0.900224
  outer loop
    vertex 8.81503420168201 21.07090589627048 23.39434059816982
    vertex 12.83579874784396 22.70075433763454 21.45325780632973
    vertex 8.928612053696721 26.29943291905173 23.35122880695107
  endloop
endfacet
facet normal 0.0866025 0 -0.996243
  outer loop
    vertex 3.06151588455594e-15 70.00000000000003 -25
    vertex 4.313858481686797 67.50000000000003 -24.62499999999957
    vertex 3.06151588455594e-15 65.00000000000001 -25
  endloop
endfacet
facet normal 0.998484 -0.0234198 -0.0498147
  outer loop
    vertex 24.9999358937353 80.07533365433606 -0.05661544953068953
    vertex 24.95829900747701 75.10966445465024 1.443367816383561
    vertex 24.73284176843037 76.32076756260804 -3.645070377617692
  endloop
endfacet
facet normal 0.754814 0.0151102 -0.655765
  outer loop
    vertex 17.1662147610571 38.43013491350362 -18.17473715840935
    vertex 20.28698465610491 37.2614476314682 -14.60952612383317
    vertex 17.82381229015784 33.5480034884574 -17.53030848117678
  endloop
endfacet
facet normal 0.0910156 -0.000241592 0.995849
  outer loop
    vertex 4.538288827356801 55.44022258149842 24.58462801263197
    vertex 4.525090629456807 60.49572745416217 24.58706071890665
    vertex -3.06151588455594e-15 57.89473684210524 25
  endloop
endfacet
facet normal 0.0884612 -0.00414012 0.996071
  outer loop
    vertex -3.06151588455594e-15 63.15789473684209 25
    vertex 4.525090629456807 60.49572745416217 24.58706071890665
    vertex 4.280080770793967 65.80633373600571 24.63089337794063
  endloop
endfacet
facet normal 0.668825 -0.030227 0.742805
  outer loop
    vertex 18.5786206369348 0 16.72826515897151
    vertex 16.60389477509035 4.510322073175431 18.68985495657276
    vertex 14.69463130731178 0 20.22542485937372
  endloop
endfacet
facet normal 0.411774 0.0285945 0.910837
  outer loop
    vertex 7.958138933387295 95.61597693647366 23.69953638189796
    vertex 9.948460213764571 91.29795599608903 22.93530334168579
    vertex 12.50000000000002 95.47585717587467 21.65063509461095
  endloop
endfacet
facet normal 0.977688 0.0306668 -0.207814
  outer loop
    vertex 24.86304738420682 100 -2.613211581691433
    vertex 24.43652742030766 95.54065494775506 -5.277890453254209
    vertex 23.77641290737881 100 -7.72542485937378
  endloop
endfacet
facet normal 0.998983 0.0229524 -0.0387998
  outer loop
    vertex 24.73284176843037 76.32076756260804 -3.645070377617692
    vertex 24.95829900747701 75.10966445465024 1.443367816383561
    vertex 24.90305976957211 71.35590056763876 -2.199457686139687
  endloop
endfacet
facet normal 0.0835498 1.14179e-15 -0.996504
  outer loop
    vertex 3.06151588455594e-15 65.00000000000001 -25
    vertex 4.162883692655841 62.51572167741291 -24.6509715703341
    vertex 7.13915417668159e-14 60 -25
  endloop
endfacet
facet normal 0.0940862 6.99416e-16 -0.995564
  outer loop
    vertex -3.41074011481896e-14 40 -25
    vertex 4.683440673691692 37.31048497761478 -24.55738958961254
    vertex 3.06151588455594e-15 35.00000000000001 -25
  endloop
endfacet
facet normal 0.096918 0.0237059 -0.99501
  outer loop
    vertex 3.06151588455594e-15 80.00000000000006 -25
    vertex 5.360468203870129 82.48996904225464 -24.41854583375713
    vertex 4.070039817646343 77.35952613625008 -24.66647068152988
  endloop
endfacet
facet normal 0.244121 -0.00485697 -0.969732
  outer loop
    vertex 8.281816459208125 73.80224159169016 -23.58837671684911
    vertex 3.806125161262154 72.50000000000004 -24.70856959147589
    vertex 4.070039817646343 77.35952613625008 -24.66647068152988
  endloop
endfacet
facet normal 0.0923034 0.00994796 -0.995681
  outer loop
    vertex 4.858668123917631 22.62842351925114 -24.52332245152819
    vertex 4.313188421785364 17.50117382339202 -24.62511737308427
    vertex 3.06151588455594e-15 20.00000000000005 -25
  endloop
endfacet
facet normal 0.708075 -0.0267331 -0.705631
  outer loop
    vertex 15.84352043163189 15.37734675344284 -19.3386364651819
    vertex 17.41491173691173 19.99060368191304 -17.93657852533682
    vertex 19.31296743092694 15.84258903751105 -15.87480044006712
  endloop
endfacet
facet normal 0.0898591 -0.00568502 -0.995938
  outer loop
    vertex 3.06151588455594e-15 15.00000000000005 -25
    vertex 4.313188421785364 17.50117382339202 -24.62511737308427
    vertex 4.632324200065963 12.37871631802936 -24.56708310942679
  endloop
endfacet
facet normal 0.0983439 -0.0204554 -0.994942
  outer loop
    vertex 4.313858481684325 87.50000000000003 -24.625
    vertex 5.360468203870129 82.48996904225464 -24.41854583375713
    vertex 3.06151588455594e-15 85.00000000000003 -25
  endloop
endfacet
facet normal 0.440557 -0.012712 -0.897635
  outer loop
    vertex 12.7327367627748 86.36927018818409 -21.51458608781222
    vertex 9.280824354296263 86.7024770272356 -23.2134939055865
    vertex 10.16852221504461 90.9939889871865 -22.8385891850207
  endloop
endfacet
facet normal 0.0908779 -0 0.995862
  outer loop
    vertex -3.06151588455594e-15 57.89473684210524 25
    vertex 4.525090629456807 60.49572745416217 24.58706071890665
    vertex -3.06151588455594e-15 63.15789473684209 25
  endloop
endfacet
facet normal 0.994081 0.0236911 0.106023
  outer loop
    vertex 24.48494875233003 78.83775724893083 5.048493299566926
    vertex 24.95829900747701 75.10966445465024 1.443367816383561
    vertex 24.9999358937353 80.07533365433606 -0.05661544953068953
  endloop
endfacet
facet normal 0.0850985 0.00261413 -0.996369
  outer loop
    vertex 3.06151588455594e-15 65.00000000000001 -25
    vertex 4.313858481686797 67.50000000000003 -24.62499999999957
    vertex 4.162883692655841 62.51572167741291 -24.6509715703341
  endloop
endfacet
facet normal 0.993817 -0.0314239 -0.106487
  outer loop
    vertex 25 95.47585717587467 -8.173591834795255e-14
    vertex 24.43652742030766 95.54065494775506 -5.277890453254209
    vertex 24.86304738420682 100 -2.613211581691433
  endloop
endfacet
facet normal 0.729569 0.020438 -0.683602
  outer loop
    vertex 19.72270565902909 23.69744165388003 -15.36277583925841
    vertex 17.41491173691173 19.99060368191304 -17.93657852533682
    vertex 16.43539799785877 24.79902715833416 -18.83819770179674
  endloop
endfacet
facet normal 0.944475 -0.0408265 0.326036
  outer loop
    vertex 22.5385731760889 4.483143338321355 10.81724175499863
    vertex 24.45369001834512 3.9109104052731 5.197792270444084
    vertex 23.74943811940055 8.463326281017466 7.807956775800194
  endloop
endfacet
facet normal 0.913109 0.0309178 -0.406542
  outer loop
    vertex 23.77641290737881 100 -7.72542485937378
    vertex 22.82004892081899 95.5738977198048 -10.21006205913696
    vertex 21.65063509461092 100 -12.50000000000008
  endloop
endfacet
facet normal 0.481142 -0.0243884 0.876304
  outer loop
    vertex 9.948460213764571 91.29795599608903 22.93530334168579
    vertex 13.94595980268078 91.59604352109895 20.7487398456391
    vertex 12.50000000000002 95.47585717587467 21.65063509461095
  endloop
endfacet
facet normal 0.177163 -0.0131398 -0.984094
  outer loop
    vertex 6.225952764607523 32.26610387615221 -24.21234214554379
    vertex 2.653706164553637 32.51437495473271 -24.85875788514402
    vertex 4.683440673691692 37.31048497761478 -24.55738958961254
  endloop
endfacet
facet normal 0.952238 0.0133536 0.305066
  outer loop
    vertex 24.31787444294032 92.74945337210443 5.800084704328916
    vertex 24.45369001834515 96.82403553795497 5.197792270443921
    vertex 22.96135346794184 96.08861766976187 9.888187241362054
  endloop
endfacet
facet normal 0.987549 -0.0113108 -0.156906
  outer loop
    vertex 24.75245853316525 10.92162910627358 -3.50938692137744
    vertex 24.8795915896067 7.335302946112421 -2.450698336060898
    vertex 24.34567453766262 5.547859623508053 -5.682264628315554
  endloop
endfacet
facet normal 0.989708 -0.0675755 -0.126141
  outer loop
    vertex 24.34567453766262 5.547859623508053 -5.682264628315554
    vertex 24.8795915896067 7.335302946112421 -2.450698336060898
    vertex 25 4.524142824125327 9.58997655920725e-14
  endloop
endfacet
facet normal 0.601259 0.0040676 -0.799044
  outer loop
    vertex 16.47709750193382 89.9069919994844 -18.80173550265417
    vertex 13.41690825291307 91.82095964777676 -21.09470485531649
    vertex 16.68635528759678 95.40801310845964 -18.6162710341274
  endloop
endfacet
facet normal 0.471328 0.000716085 0.881957
  outer loop
    vertex 9.680908930367629 9.828927585364617 23.04951197491887
    vertex 13.77696295822019 8.841024857087788 20.86133484817855
    vertex 13.80654650416754 13.46894163541874 20.84176752649014
  endloop
endfacet
facet normal 0.308869 -0.0309502 0.950601
  outer loop
    vertex 10.16841607689498 0 22.83863644106503
    vertex 7.958138933387267 4.384023063526314 23.69953638189797
    vertex 5.197792270443975 0 24.45369001834514
  endloop
endfacet
facet normal 0.308869 0.0309502 0.950601
  outer loop
    vertex 5.197792270443991 100 24.45369001834514
    vertex 7.958138933387295 95.61597693647366 23.69953638189796
    vertex 10.16841607689502 100 22.83863644106502
  endloop
endfacet
facet normal 0.243076 -0.0061726 -0.969988
  outer loop
    vertex 4.070039817646343 77.35952613625008 -24.66647068152988
    vertex 7.920477654203658 79.02296366199657 -23.7121494961815
    vertex 8.281816459208125 73.80224159169016 -23.58837671684911
  endloop
endfacet
facet normal 0.703538 -0.0242543 -0.710244
  outer loop
    vertex 19.2081220377592 42.43891967668905 -16.00150142275872
    vertex 15.9376033191264 43.02557311509693 -19.26117339214232
    vertex 17.42063760446712 47.09228635187132 -17.93101741267979
  endloop
endfacet
facet normal 0.621084 0.026502 -0.783296
  outer loop
    vertex 13.5132375128982 19.90581346390679 -21.03312653696546
    vertex 17.41491173691173 19.99060368191304 -17.93657852533682
    vertex 15.84352043163189 15.37734675344284 -19.3386364651819
  endloop
endfacet
facet normal 0.0685309 0 -0.997649
  outer loop
    vertex 3.06151588455594e-15 95 -25
    vertex 3.41848844242598 92.3806294405581 -24.7651758881095
    vertex 3.06151588455594e-15 90.00000000000001 -25
  endloop
endfacet
facet normal 0.0933998 0.0176785 0.995472
  outer loop
    vertex -3.06151588455594e-15 78.94736842105262 25
    vertex 4.092467599519051 76.31578947368419 24.66275955660451
    vertex 5.115225073151271 81.70492645310522 24.47109463123799
  endloop
endfacet
facet normal 0.0818433 0.000443891 0.996645
  outer loop
    vertex 4.064237957549154 71.04043343478274 24.66742730453293
    vertex 4.092467599519051 76.31578947368419 24.66275955660451
    vertex -3.06151588455594e-15 73.68421052631578 25
  endloop
endfacet
facet normal 0.862277 -0.0186216 -0.506094
  outer loop
    vertex 22.50365045750718 7.249039301289422 -10.8897068870717
    vertex 22.83863644106505 3.157549093686541 -10.16841607689495
    vertex 20.11161928841686 4.117802203597002 -14.85000907736352
  endloop
endfacet
facet normal 0.865463 -0.0300598 -0.500071
  outer loop
    vertex 21.65063509461092 100 -12.50000000000008
    vertex 22.82004892081899 95.5738977198048 -10.21006205913696
    vertex 20.22542485937363 95.47585717587469 -14.6946313073119
  endloop
endfacet
facet normal 0.178669 0.00910633 -0.983867
  outer loop
    vertex 3.444287590793163 27.50000000000002 -24.76160097796401
    vertex 2.653706164553637 32.51437495473271 -24.85875788514402
    vertex 6.225952764607523 32.26610387615221 -24.21234214554379
  endloop
endfacet
facet normal 0.921082 0.0139851 0.389119
  outer loop
    vertex 23.74943811940055 8.463326281017466 7.807956775800194
    vertex 22.15954518632681 8.394178431010253 11.57387390354415
    vertex 22.5385731760889 4.483143338321355 10.81724175499863
  endloop
endfacet
facet normal 0.993593 0.0324549 0.10826
  outer loop
    vertex 25 4.524142824125327 9.58997655920725e-14
    vertex 24.45369001834512 3.9109104052731 5.197792270444084
    vertex 24.86304738420682 0 2.613211581691435
  endloop
endfacet
facet normal 0.947006 0.0418361 0.318481
  outer loop
    vertex 23.77641290737881 0 7.725424859373787
    vertex 24.45369001834512 3.9109104052731 5.197792270444084
    vertex 22.5385731760889 4.483143338321355 10.81724175499863
  endloop
endfacet
facet normal 0.259493 -0.00695972 0.96572
  outer loop
    vertex 4.127798373082118 50.15941360523399 24.65687085968495
    vertex 8.54773090957217 53.50450935930183 23.49332450500662
    vertex 4.538288827356801 55.44022258149842 24.58462801263197
  endloop
endfacet
facet normal 0.485464 0.0132839 -0.874156
  outer loop
    vertex 10.85259789393345 31.02233673961919 -22.52157008187021
    vertex 10.1348086073892 35.40670213096307 -22.85356984130904
    vertex 13.96459792329068 34.78080659751522 -20.73620034723877
  endloop
endfacet
facet normal 0.104487 -0.0283317 -0.994123
  outer loop
    vertex 3.06151588455594e-15 0 -25
    vertex 3.823786683991785 3.780416840776574 -24.70584253562965
    vertex 5.197792270443988 0 -24.45369001834514
  endloop
endfacet
facet normal 0.0841032 -0.00881781 0.996418
  outer loop
    vertex 4.457122938472499 34.09377095910353 24.59947265921248
    vertex 3.897548091464623 39.47368421052629 24.69431349267925
    vertex -3.06151588455594e-15 36.84210526315786 25
  endloop
endfacet
facet normal 0.0961586 0.0268369 0.995004
  outer loop
    vertex -3.06151588455594e-15 42.10526315789471 25
    vertex 3.897548091464623 39.47368421052629 24.69431349267925
    vertex 5.425805097360136 44.75735039327613 24.4041111095131
  endloop
endfacet
facet normal 0.0767017 0 -0.997054
  outer loop
    vertex 3.06151588455594e-15 5.000000000000021 -25
    vertex 3.823786683991785 3.780416840776574 -24.70584253562965
    vertex 3.06151588455594e-15 0 -25
  endloop
endfacet
facet normal 0.870473 -0.0360917 0.49089
  outer loop
    vertex 20.2254248593737 95.47585717587467 14.6946313073118
    vertex 22.96135346794184 96.08861766976187 9.888187241362054
    vertex 21.65063509461098 100 12.49999999999997
  endloop
endfacet
facet normal 0.0791757 0.00433596 -0.996851
  outer loop
    vertex 4.070039817646343 77.35952613625008 -24.66647068152988
    vertex 3.806125161262154 72.50000000000004 -24.70856959147589
    vertex 3.06151588455594e-15 75.00000000000006 -25
  endloop
endfacet
facet normal 0.587416 0.0191094 0.80906
  outer loop
    vertex 16.54699094972337 23.48420535226935 18.74025321359807
    vertex 12.83579874784396 22.70075433763454 21.45325780632973
    vertex 15.42909678058461 18.44723989096629 19.67086608503433
  endloop
endfacet
facet normal 0.247498 0.00866314 0.96885
  outer loop
    vertex 4.457122938472499 34.09377095910353 24.59947265921248
    vertex 8.081595905030985 35.86753839823169 23.657721945018
    vertex 3.897548091464623 39.47368421052629 24.69431349267925
  endloop
endfacet
facet normal 0.944568 0.0195595 -0.327732
  outer loop
    vertex 24.34567453766262 5.547859623508053 -5.682264628315554
    vertex 22.83863644106505 3.157549093686541 -10.16841607689495
    vertex 22.50365045750718 7.249039301289422 -10.8897068870717
  endloop
endfacet
facet normal 0.410335 -0.0278822 0.911509
  outer loop
    vertex 10.16841607689502 100 22.83863644106502
    vertex 7.958138933387295 95.61597693647366 23.69953638189796
    vertex 12.50000000000002 95.47585717587467 21.65063509461095
  endloop
endfacet
facet normal 0.410335 0.0278822 0.911509
  outer loop
    vertex 12.49999999999996 4.524142824125299 21.65063509461099
    vertex 7.958138933387267 4.384023063526314 23.69953638189797
    vertex 10.16841607689498 0 22.83863644106503
  endloop
endfacet
facet normal 0.081795 -0.00835132 -0.996614
  outer loop
    vertex 3.06151588455594e-15 70.00000000000003 -25
    vertex 3.806125161262154 72.50000000000004 -24.70856959147589
    vertex 4.313858481686797 67.50000000000003 -24.62499999999957
  endloop
endfacet
facet normal 0.855234 0.00211696 -0.518237
  outer loop
    vertex 20.11161928841686 4.117802203597002 -14.85000907736352
    vertex 20.05520796065671 8.278855160144325 -14.92610577661875
    vertex 22.50365045750718 7.249039301289422 -10.8897068870717
  endloop
endfacet
facet normal 0.0783959 -0.0142475 -0.99682
  outer loop
    vertex 3.06151588455594e-15 90.00000000000001 -25
    vertex 3.41848844242598 92.3806294405581 -24.7651758881095
    vertex 4.313858481684325 87.50000000000003 -24.625
  endloop
endfacet
facet normal 0.0904272 0 -0.995903
  outer loop
    vertex 3.06151588455594e-15 10.00000000000004 -25
    vertex 4.502835454788337 8.103360790908638 -24.59114622922447
    vertex 3.06151588455594e-15 5.000000000000021 -25
  endloop
endfacet
facet normal 0.594495 -0.0126846 -0.803999
  outer loop
    vertex 12.7327367627748 86.36927018818409 -21.51458608781222
    vertex 13.41690825291307 91.82095964777676 -21.09470485531649
    vertex 16.47709750193382 89.9069919994844 -18.80173550265417
  endloop
endfacet
facet normal 0.441259 0.0350237 0.896696
  outer loop
    vertex 8.614845334836021 77.65827564073675 23.46879715402675
    vertex 11.31493470289617 73.74680642410377 22.29287448197733
    vertex 13.43129900587215 77.99371421265786 21.08554497789559
  endloop
endfacet
facet normal 0.34465 -0.00864967 -0.938691
  outer loop
    vertex 10.16852221504461 90.9939889871865 -22.8385891850207
    vertex 6.903373906078849 89.96857374098181 -24.02797179773752
    vertex 7.738674451843424 95.48381709166003 -23.77210377161403
  endloop
endfacet
facet normal 0.586016 -0.00599806 -0.810277
  outer loop
    vertex 16.56738284481902 6.313308710562644 -18.72222811721929
    vertex 16.72885143724657 2.617720820687758 -18.57809273285429
    vertex 12.50000000000002 4.52414282412532 -21.65063509461095
  endloop
endfacet
facet normal 0.940764 0.0292977 -0.337793
  outer loop
    vertex 24.19890303506552 21.18524000755554 -6.277984700482837
    vertex 23.66387735594642 17.77812175660657 -8.063554333091966
    vertex 22.56458573889662 21.95462443714612 -10.76287463608042
  endloop
endfacet
facet normal 0.388463 0.0194267 -0.92126
  outer loop
    vertex 9.702744601619189 10.23283507987905 -23.04032871284066
    vertex 7.696004415699194 15.00105979135744 -23.7859520733045
    vertex 11.64068999752217 14.91088486692905 -22.12451889604805
  endloop
endfacet
facet normal 0.916047 0.00517614 -0.401037
  outer loop
    vertex 22.01863054995981 16.37261549703638 -11.83975965568459
    vertex 23.66387735594642 17.77812175660657 -8.063554333091966
    vertex 23.53911334671669 12.17828744438717 -8.420816044209968
  endloop
endfacet
facet normal 0.744186 -0.0319425 -0.667209
  outer loop
    vertex 18.11004994993756 11.17733034430129 -17.23444489418695
    vertex 20.05520796065671 8.278855160144325 -14.92610577661875
    vertex 16.56738284481902 6.313308710562644 -18.72222811721929
  endloop
endfacet
facet normal 0.967228 -0.0053544 -0.253852
  outer loop
    vertex 23.53911334671669 12.17828744438717 -8.420816044209968
    vertex 23.66387735594642 17.77812175660657 -8.063554333091966
    vertex 24.59838750012775 15.89271765041464 -4.463107929857734
  endloop
endfacet
facet normal 0.41851 0.00163246 -0.908211
  outer loop
    vertex 8.649706950355728 55.01797607027472 -23.45596404783786
    vertex 8.545931420442299 60.47313420265343 -23.49397914694523
    vertex 12.27789516790487 58.75332118866409 -21.77735728333303
  endloop
endfacet
facet normal 0.433846 -0.0115924 0.900913
  outer loop
    vertex 9.251732008023831 59.00676407637025 23.2251039793519
    vertex 8.54773090957217 53.50450935930183 23.49332450500662
    vertex 12.87794338408642 55.05328586140642 21.42798577086201
  endloop
endfacet
facet normal 0.220978 0.0152725 -0.975159
  outer loop
    vertex 5.197792270443988 0 -24.45369001834514
    vertex 3.823786683991785 3.780416840776574 -24.70584253562965
    vertex 7.4831887700464 5.23841415290336 -23.85376041281231
  endloop
endfacet
facet normal 0.104483 0.0295676 -0.994087
  outer loop
    vertex 5.197792270443972 100 -24.45369001834514
    vertex 3.766297033366775 96.28403863633497 -24.71467189052796
    vertex 3.06151588455594e-15 100 -25
  endloop
endfacet
facet normal 0.27279 -0.00151495 -0.962072
  outer loop
    vertex 5.021463271338252 58.64767971091922 -24.49044855191334
    vertex 8.545931420442299 60.47313420265343 -23.49397914694523
    vertex 8.649706950355728 55.01797607027472 -23.45596404783786
  endloop
endfacet
facet normal 0.0889419 0.0244961 0.995736
  outer loop
    vertex -3.06151588455594e-15 89.4736842105263 25
    vertex 3.531827571520783 86.84210526315789 24.74926653468837
    vertex 4.989744096755333 91.80339384991161 24.49698866899553
  endloop
endfacet
facet normal 0.090145 -0.026125 0.995586
  outer loop
    vertex 5.115225073151271 81.70492645310522 24.47109463123799
    vertex 3.531827571520783 86.84210526315789 24.74926653468837
    vertex -3.06151588455594e-15 84.21052631578947 25
  endloop
endfacet
facet normal 0.586517 0.0247697 -0.809558
  outer loop
    vertex 16.68635528759678 95.40801310845964 -18.6162710341274
    vertex 13.41690825291307 91.82095964777676 -21.09470485531649
    vertex 12.46956791676405 95.50984137159622 -21.66817657231934
  endloop
endfacet
facet normal 0.0755418 0 -0.997143
  outer loop
    vertex 3.06151588455594e-15 100 -25
    vertex 3.766297033366775 96.28403863633497 -24.71467189052796
    vertex 3.06151588455594e-15 95 -25
  endloop
endfacet
facet normal 0.640369 -0.00397081 -0.768057
  outer loop
    vertex 17.42063760446712 47.09228635187132 -17.93101741267979
    vertex 14.63470878152318 50.00000000000087 -20.26882578937439
    vertex 17.20062249715771 52.4543173449634 -18.14217698376553
  endloop
endfacet
facet normal 0.392683 0.0150742 0.91955
  outer loop
    vertex 11.78651991416422 68.87417890438175 22.0471755178075
    vertex 7.850801936532477 68.42087635442705 23.73530932921115
    vertex 10.75417815275427 63.95095895052444 22.56873173793385
  endloop
endfacet
facet normal 0.393093 0.0054078 -0.919483
  outer loop
    vertex 8.281816459208125 73.80224159169016 -23.58837671684911
    vertex 7.920477654203658 79.02296366199657 -23.7121494961815
    vertex 11.57206392546587 77.41650885253074 -22.16049043917872
  endloop
endfacet
facet normal 0.0861453 -0.0237055 -0.996001
  outer loop
    vertex 3.06151588455594e-15 25.00000000000003 -25
    vertex 3.444287590793163 27.50000000000002 -24.76160097796401
    vertex 4.858668123917631 22.62842351925114 -24.52332245152819
  endloop
endfacet
facet normal 0.07699 4.47842e-17 0.997032
  outer loop
    vertex 0 0 25
    vertex 3.838074565367074 3.85945970705891 24.70362693271339
    vertex -3.06151588455594e-15 5.263157894736835 25
  endloop
endfacet
facet normal 0.07699 -4.47842e-17 0.997032
  outer loop
    vertex -3.06151588455594e-15 94.73684210526315 25
    vertex 3.838074565367084 96.1405402929411 24.70362693271339
    vertex 0 100 25
  endloop
endfacet
facet normal 0.104489 -0.0275681 0.994144
  outer loop
    vertex 5.197792270443975 0 24.45369001834514
    vertex 3.838074565367074 3.85945970705891 24.70362693271339
    vertex 0 0 25
  endloop
endfacet
facet normal 0.104489 0.0275681 0.994144
  outer loop
    vertex 0 100 25
    vertex 3.838074565367084 96.1405402929411 24.70362693271339
    vertex 5.197792270443991 100 24.45369001834514
  endloop
endfacet
facet normal 0.598618 0.0383301 -0.800117
  outer loop
    vertex 12.50000000000002 4.52414282412532 -21.65063509461095
    vertex 16.72885143724657 2.617720820687758 -18.57809273285429
    vertex 14.69463130731184 0 -20.22542485937367
  endloop
endfacet
facet normal 0.866978 0.0405713 -0.496691
  outer loop
    vertex 20.11161928841686 4.117802203597002 -14.85000907736352
    vertex 22.83863644106505 3.157549093686541 -10.16841607689495
    vertex 21.65063509461099 0 -12.49999999999995
  endloop
endfacet
facet normal 0.732538 0.0373199 -0.679703
  outer loop
    vertex 18.57862063693487 0 -16.72826515897144
    vertex 16.72885143724657 2.617720820687758 -18.57809273285429
    vertex 20.11161928841686 4.117802203597002 -14.85000907736352
  endloop
endfacet
facet normal 0.436387 -0.0396561 0.898885
  outer loop
    vertex 13.80654650416754 13.46894163541874 20.84176752649014
    vertex 11.91409684396569 18.41014226940736 21.97849622682605
    vertex 8.538182347786352 15.67596137875765 23.49679642410747
  endloop
endfacet
facet normal 0.568721 -0.0353369 0.821771
  outer loop
    vertex 16.19374161676408 70.01956299097505 19.04633120707196
    vertex 14.52502353702732 73.42355016175402 20.34757212172505
    vertex 11.78651991416422 68.87417890438175 22.0471755178075
  endloop
endfacet
facet normal 0.921194 -0.0213267 0.388518
  outer loop
    vertex 22.90691695482899 12.25316560182418 10.01364846719557
    vertex 22.15954518632681 8.394178431010253 11.57387390354415
    vertex 23.74943811940055 8.463326281017466 7.807956775800194
  endloop
endfacet
facet normal 0.992893 -0.0355476 0.113577
  outer loop
    vertex 24.86304738420684 100 2.613211581691265
    vertex 24.45369001834515 96.82403553795497 5.197792270443921
    vertex 25 95.47585717587467 -8.173591834795255e-14
  endloop
endfacet
facet normal 0.215343 0.0126862 -0.976456
  outer loop
    vertex 7.738674451843424 95.48381709166003 -23.77210377161403
    vertex 6.903373906078849 89.96857374098181 -24.02797179773752
    vertex 3.41848844242598 92.3806294405581 -24.7651758881095
  endloop
endfacet
facet normal 0.0821268 -0 0.996622
  outer loop
    vertex -3.06151588455594e-15 73.68421052631578 25
    vertex 4.092467599519051 76.31578947368419 24.66275955660451
    vertex -3.06151588455594e-15 78.94736842105262 25
  endloop
endfacet
facet normal 0.851359 -0.0288596 -0.523789
  outer loop
    vertex 22.50365045750718 7.249039301289422 -10.8897068870717
    vertex 20.05520796065671 8.278855160144325 -14.92610577661875
    vertex 21.26331045857916 11.64723493818261 -13.14806557414734
  endloop
endfacet
facet normal 0.858599 -0.0159206 0.512401
  outer loop
    vertex 22.5385731760889 4.483143338321355 10.81724175499863
    vertex 22.15954518632681 8.394178431010253 11.57387390354415
    vertex 20.23870503962576 4.655165404729011 14.67633531638695
  endloop
endfacet
facet normal 0.495256 -0.032879 -0.868125
  outer loop
    vertex 13.16086129330563 53.84840151409951 -21.25539296316042
    vertex 14.63470878152318 50.00000000000087 -20.26882578937439
    vertex 10 50 -22.9128784747792
  endloop
endfacet
facet normal 0.495376 0.0244422 -0.868335
  outer loop
    vertex 10 50 -22.9128784747792
    vertex 14.63470878152318 50.00000000000087 -20.26882578937439
    vertex 13.78157781411297 46.3494006932949 -20.85828643377852
  endloop
endfacet
facet normal 0.767321 0.032788 -0.640424
  outer loop
    vertex 17.41491173691173 19.99060368191304 -17.93657852533682
    vertex 20.70705922592761 19.68467245570062 -14.00777277849432
    vertex 19.31296743092694 15.84258903751105 -15.87480044006712
  endloop
endfacet
facet normal 0.912302 0.025061 -0.408751
  outer loop
    vertex 22.34228926915298 87.49422599697257 -11.21704552070159
    vertex 21.64260600091329 91.81299807148358 -12.51389649506627
    vertex 23.70527164305457 91.30973843575416 -7.941038743703061
  endloop
endfacet
facet normal 0.246434 0.0114675 0.969092
  outer loop
    vertex 4.127798373082118 50.15941360523399 24.65687085968495
    vertex 7.911641195428737 48.43228447242772 23.71509927440311
    vertex 8.54773090957217 53.50450935930183 23.49332450500662
  endloop
endfacet
facet normal 0.586554 0.0304642 0.809337
  outer loop
    vertex 12.50000000000002 95.47585717587467 21.65063509461095
    vertex 13.94595980268078 91.59604352109895 20.7487398456391
    vertex 16.69012053477285 95.50296828777098 18.61289543662548
  endloop
endfacet
facet normal 0.619413 0.00758966 -0.785028
  outer loop
    vertex 13.96459792329068 34.78080659751522 -20.73620034723877
    vertex 13.579778014815 39.9120579775988 -20.99022698944314
    vertex 17.1662147610571 38.43013491350362 -18.17473715840935
  endloop
endfacet
facet normal 0.414001 -0.0303218 0.909771
  outer loop
    vertex 12.45816783311262 87.74247014705881 21.67473308352373
    vertex 9.948460213764571 91.29795599608903 22.93530334168579
    vertex 7.805506090862859 86.49031946404496 23.75024367591842
  endloop
endfacet
facet normal 0.297284 -0.031863 0.954257
  outer loop
    vertex 4.989744096755333 91.80339384991161 24.49698866899553
    vertex 9.948460213764571 91.29795599608903 22.93530334168579
    vertex 7.958138933387295 95.61597693647366 23.69953638189796
  endloop
endfacet
facet normal 0.359356 -0.0101212 0.933146
  outer loop
    vertex 7.850801936532477 68.42087635442705 23.73530932921115
    vertex 7.058207751107763 63.11101025381981 23.98294609388518
    vertex 10.75417815275427 63.95095895052444 22.56873173793385
  endloop
endfacet
facet normal 0.0799736 0.0287635 -0.996382
  outer loop
    vertex 4.683440673691692 37.31048497761478 -24.55738958961254
    vertex 2.653706164553637 32.51437495473271 -24.85875788514402
    vertex 3.06151588455594e-15 35.00000000000001 -25
  endloop
endfacet
facet normal 0.0763453 0 -0.997081
  outer loop
    vertex 3.06151588455594e-15 75.00000000000006 -25
    vertex 3.806125161262154 72.50000000000004 -24.70856959147589
    vertex 3.06151588455594e-15 70.00000000000003 -25
  endloop
endfacet
facet normal 0.246737 -0.0152358 -0.968963
  outer loop
    vertex 5.360468203870129 82.48996904225464 -24.41854583375713
    vertex 7.920477654203658 79.02296366199657 -23.7121494961815
    vertex 4.070039817646343 77.35952613625008 -24.66647068152988
  endloop
endfacet
facet normal 0.247082 0.00814927 0.96896
  outer loop
    vertex 3.897548091464623 39.47368421052629 24.69431349267925
    vertex 8.081595905030985 35.86753839823169 23.657721945018
    vertex 8.436237712450929 39.87434448163732 23.53359074300011
  endloop
endfacet
facet normal 0.0955803 -0.0200857 -0.995219
  outer loop
    vertex 7.13915417668159e-14 60 -25
    vertex 4.162883692655841 62.51572167741291 -24.6509715703341
    vertex 5.021463271338252 58.64767971091922 -24.49044855191334
  endloop
endfacet
facet normal 0.0987612 0.00822102 -0.995077
  outer loop
    vertex 5.0214632713382 41.35232028908074 -24.49044855191332
    vertex 4.683440673691692 37.31048497761478 -24.55738958961254
    vertex -3.41074011481896e-14 40 -25
  endloop
endfacet
facet normal 0.707759 0.0222884 -0.706103
  outer loop
    vertex 17.1662147610571 38.43013491350362 -18.17473715840935
    vertex 15.9376033191264 43.02557311509693 -19.26117339214232
    vertex 19.2081220377592 42.43891967668905 -16.00150142275872
  endloop
endfacet
facet normal 0.765007 -0.0295788 -0.643342
  outer loop
    vertex 19.72270565902909 23.69744165388003 -15.36277583925841
    vertex 20.70705922592761 19.68467245570062 -14.00777277849432
    vertex 17.41491173691173 19.99060368191304 -17.93657852533682
  endloop
endfacet
facet normal 0.977548 -0.0349966 0.207784
  outer loop
    vertex 24.86304738420682 0 2.613211581691435
    vertex 24.45369001834512 3.9109104052731 5.197792270444084
    vertex 23.77641290737881 0 7.725424859373787
  endloop
endfacet
facet normal 0.518771 0.00710108 0.854883
  outer loop
    vertex 11.78651991416422 68.87417890438175 22.0471755178075
    vertex 14.52502353702732 73.42355016175402 20.34757212172505
    vertex 11.31493470289617 73.74680642410377 22.29287448197733
  endloop
endfacet
facet normal 0.255938 0.030794 -0.966203
  outer loop
    vertex 8.78521514950954 68.59899198625834 -23.40555478464093
    vertex 7.216373482305542 64.99999999999872 -23.93582991592055
    vertex 4.313858481686797 67.50000000000003 -24.62499999999957
  endloop
endfacet
facet normal 0.0781903 -0 0.996938
  outer loop
    vertex -3.06151588455594e-15 36.84210526315786 25
    vertex 3.897548091464623 39.47368421052629 24.69431349267925
    vertex -3.06151588455594e-15 42.10526315789471 25
  endloop
endfacet
facet normal 0.306614 -0.0290268 0.951391
  outer loop
    vertex 9.799286564623277 44.91487028442933 22.99943440227159
    vertex 7.911641195428737 48.43228447242772 23.71509927440311
    vertex 5.425805097360136 44.75735039327613 24.4041111095131
  endloop
endfacet
facet normal 0.909813 -0.0313343 -0.413835
  outer loop
    vertex 23.70527164305457 91.30973843575416 -7.941038743703061
    vertex 21.64260600091329 91.81299807148358 -12.51389649506627
    vertex 22.82004892081899 95.5738977198048 -10.21006205913696
  endloop
endfacet
facet normal 0.703897 -0.00282877 -0.710297
  outer loop
    vertex 16.68635528759678 95.40801310845964 -18.6162710341274
    vertex 18.57028356589528 92.44582483721734 -16.73751977690361
    vertex 16.47709750193382 89.9069919994844 -18.80173550265417
  endloop
endfacet
facet normal 0.339488 -0.0156371 -0.94048
  outer loop
    vertex 6.225952764607523 32.26610387615221 -24.21234214554379
    vertex 10.1348086073892 35.40670213096307 -22.85356984130904
    vertex 10.85259789393345 31.02233673961919 -22.52157008187021
  endloop
endfacet
facet normal 0.913001 0.0345147 0.406494
  outer loop
    vertex 21.65063509461098 100 12.49999999999997
    vertex 22.96135346794184 96.08861766976187 9.888187241362054
    vertex 23.77641290737886 100 7.725424859373634
  endloop
endfacet
facet normal 0.841622 -0.0256387 -0.539458
  outer loop
    vertex 19.70689100716386 88.6401033871459 -15.38305713542547
    vertex 21.64260600091329 91.81299807148358 -12.51389649506627
    vertex 22.34228926915298 87.49422599697257 -11.21704552070159
  endloop
endfacet
facet normal 0.644708 -0.0353812 0.76361
  outer loop
    vertex 13.94595980268078 91.59604352109895 20.7487398456391
    vertex 17.97935506902278 92.1865782552961 17.37074527192212
    vertex 16.69012053477285 95.50296828777098 18.61289543662548
  endloop
endfacet
facet normal 0.591248 -0.00808414 0.806449
  outer loop
    vertex 13.2132735452381 27.32334662454861 21.22285094464716
    vertex 12.83579874784396 22.70075433763454 21.45325780632973
    vertex 16.54699094972337 23.48420535226935 18.74025321359807
  endloop
endfacet
facet normal 0.0916091 0.00283006 -0.995791
  outer loop
    vertex 4.632324200065963 12.37871631802936 -24.56708310942679
    vertex 4.502835454788337 8.103360790908638 -24.59114622922447
    vertex 3.06151588455594e-15 10.00000000000004 -25
  endloop
endfacet
facet normal 0.442424 0.0112162 -0.896736
  outer loop
    vertex 9.998259909422082 82.37669658972118 -22.91363783391112
    vertex 9.280824354296263 86.7024770272356 -23.2134939055865
    vertex 12.7327367627748 86.36927018818409 -21.51458608781222
  endloop
endfacet
facet normal 0.478208 0.0263163 0.877852
  outer loop
    vertex 12.45816783311262 87.74247014705881 21.67473308352373
    vertex 13.94595980268078 91.59604352109895 20.7487398456391
    vertex 9.948460213764571 91.29795599608903 22.93530334168579
  endloop
endfacet
facet normal 0.629247 0.025156 0.776798
  outer loop
    vertex 13.43129900587215 77.99371421265786 21.08554497789559
    vertex 14.52502353702732 73.42355016175402 20.34757212172505
    vertex 17.33563762457858 75.20277286308635 18.0132081581626
  endloop
endfacet
facet normal 0.832106 -0.0328906 -0.553641
  outer loop
    vertex 19.31296743092694 15.84258903751105 -15.87480044006712
    vertex 20.70705922592761 19.68467245570062 -14.00777277849432
    vertex 22.01863054995981 16.37261549703638 -11.83975965568459
  endloop
endfacet
facet normal 0.810633 0.0340546 -0.584563
  outer loop
    vertex 19.70689100716386 88.6401033871459 -15.38305713542547
    vertex 18.57028356589528 92.44582483721734 -16.73751977690361
    vertex 21.64260600091329 91.81299807148358 -12.51389649506627
  endloop
endfacet
facet normal 0.423693 0.0229308 0.905515
  outer loop
    vertex 12.87794338408642 55.05328586140642 21.42798577086201
    vertex 8.54773090957217 53.50450935930183 23.49332450500662
    vertex 11.4300331871194 49.97445316481944 22.23408062730162
  endloop
endfacet
facet normal 0.397574 0.0129903 0.917478
  outer loop
    vertex 11.76738347343806 36.0902464972749 22.05739527208634
    vertex 8.081595905030985 35.86753839823169 23.657721945018
    vertex 8.930049384003457 31.58605801430789 23.35067917640212
  endloop
endfacet
facet normal 0.247582 0.014161 0.968763
  outer loop
    vertex 5.425805097360136 44.75735039327613 24.4041111095131
    vertex 7.911641195428737 48.43228447242772 23.71509927440311
    vertex 4.127798373082118 50.15941360523399 24.65687085968495
  endloop
endfacet
facet normal 0.953905 -0.0338958 0.298188
  outer loop
    vertex 22.96135346794184 96.08861766976187 9.888187241362054
    vertex 24.45369001834515 96.82403553795497 5.197792270443921
    vertex 23.77641290737886 100 7.725424859373634
  endloop
endfacet
facet normal 0.402349 0.0255813 -0.915129
  outer loop
    vertex 12.14333232889111 26.14476244254241 -21.8526767227749
    vertex 8.853746056899572 23.2568778104515 -23.37971729426888
    vertex 7.591568579383402 27.37661142339066 -23.81948963568528
  endloop
endfacet
facet normal 0.387641 -0.0218965 -0.921551
  outer loop
    vertex 11.64068999752217 14.91088486692905 -22.12451889604805
    vertex 7.696004415699194 15.00105979135744 -23.7859520733045
    vertex 9.530508442793691 19.11790212970332 -23.11210524426189
  endloop
endfacet
facet normal 0.0690506 0 -0.997613
  outer loop
    vertex 3.06151588455594e-15 30.00000000000001 -25
    vertex 3.444287590793163 27.50000000000002 -24.76160097796401
    vertex 3.06151588455594e-15 25.00000000000003 -25
  endloop
endfacet
facet normal 0.267296 0.0384893 -0.962845
  outer loop
    vertex 9.530508442793691 19.11790212970332 -23.11210524426189
    vertex 7.696004415699194 15.00105979135744 -23.7859520733045
    vertex 4.313188421785364 17.50117382339202 -24.62511737308427
  endloop
endfacet
facet normal 0.999433 0.0180249 -0.0284283
  outer loop
    vertex 25 4.524142824125327 9.58997655920725e-14
    vertex 24.8795915896067 7.335302946112421 -2.450698336060898
    vertex 24.95154975008245 9.664158940115918 1.5556879729433
  endloop
endfacet
facet normal 0.0708143 -0 0.99749
  outer loop
    vertex -3.06151588455594e-15 84.21052631578947 25
    vertex 3.531827571520783 86.84210526315789 24.74926653468837
    vertex -3.06151588455594e-15 89.4736842105263 25
  endloop
endfacet
facet normal 0.805089 -0.0408119 -0.591748
  outer loop
    vertex 21.64260600091329 91.81299807148358 -12.51389649506627
    vertex 18.57028356589528 92.44582483721734 -16.73751977690361
    vertex 20.22542485937363 95.47585717587469 -14.6946313073119
  endloop
endfacet
facet normal 0.243686 0.00419424 -0.969845
  outer loop
    vertex 4.313188421785364 17.50117382339202 -24.62511737308427
    vertex 7.696004415699194 15.00105979135744 -23.7859520733045
    vertex 4.632324200065963 12.37871631802936 -24.56708310942679
  endloop
endfacet
facet normal 0.856228 0.0360204 -0.515341
  outer loop
    vertex 22.56458573889662 21.95462443714612 -10.76287463608042
    vertex 20.70705922592761 19.68467245570062 -14.00777277849432
    vertex 19.72270565902909 23.69744165388003 -15.36277583925841
  endloop
endfacet
facet normal 0.548856 -0.0155928 0.835771
  outer loop
    vertex 12.83579874784396 22.70075433763454 21.45325780632973
    vertex 11.91409684396569 18.41014226940736 21.97849622682605
    vertex 15.42909678058461 18.44723989096629 19.67086608503433
  endloop
endfacet
facet normal 0.864657 0.0362311 -0.501054
  outer loop
    vertex 22.82004892081899 95.5738977198048 -10.21006205913696
    vertex 21.64260600091329 91.81299807148358 -12.51389649506627
    vertex 20.22542485937363 95.47585717587469 -14.6946313073119
  endloop
endfacet
facet normal 0.354036 0.0165535 0.935085
  outer loop
    vertex 10.75417815275427 63.95095895052444 22.56873173793385
    vertex 7.058207751107763 63.11101025381981 23.98294609388518
    vertex 9.251732008023831 59.00676407637025 23.2251039793519
  endloop
endfacet
facet normal 0.763434 0.00416599 0.645873
  outer loop
    vertex 20.2254248593737 95.47585717587467 14.6946313073118
    vertex 17.97935506902278 92.1865782552961 17.37074527192212
    vertex 20.03350167173377 90.24520044035657 14.95522687118588
  endloop
endfacet
facet normal 0.742058 0.037798 0.66927
  outer loop
    vertex 16.69012053477285 95.50296828777098 18.61289543662548
    vertex 17.97935506902278 92.1865782552961 17.37074527192212
    vertex 20.2254248593737 95.47585717587467 14.6946313073118
  endloop
endfacet
facet normal 0.241094 0.00316812 0.970497
  outer loop
    vertex 4.280080770793967 65.80633373600571 24.63089337794063
    vertex 7.850801936532477 68.42087635442705 23.73530932921115
    vertex 4.064237957549154 71.04043343478274 24.66742730453293
  endloop
endfacet
facet normal 0.358066 -0.0185415 -0.933512
  outer loop
    vertex 10.88785994233863 63.84111024222385 -22.50454411615614
    vertex 7.216373482305542 64.99999999999872 -23.93582991592055
    vertex 8.78521514950954 68.59899198625834 -23.40555478464093
  endloop
endfacet
facet normal 0.235937 -0.00473363 0.971757
  outer loop
    vertex 7.850801936532477 68.42087635442705 23.73530932921115
    vertex 7.529306127121865 73.73312557103094 23.83924388994091
    vertex 4.064237957549154 71.04043343478274 24.66742730453293
  endloop
endfacet
facet normal 0.410965 -0.0179951 -0.911473
  outer loop
    vertex 12.27789516790487 58.75332118866409 -21.77735728333303
    vertex 8.545931420442299 60.47313420265343 -23.49397914694523
    vertex 10.88785994233863 63.84111024222385 -22.50454411615614
  endloop
endfacet
facet normal 0.965746 -0.0159189 -0.258999
  outer loop
    vertex 24.59838750012775 15.89271765041464 -4.463107929857734
    vertex 23.66387735594642 17.77812175660657 -8.063554333091966
    vertex 24.19890303506552 21.18524000755554 -6.277984700482837
  endloop
endfacet
facet normal 0.391235 -0.00882702 0.920248
  outer loop
    vertex 8.54773090957217 53.50450935930183 23.49332450500662
    vertex 7.911641195428737 48.43228447242772 23.71509927440311
    vertex 11.4300331871194 49.97445316481944 22.23408062730162
  endloop
endfacet
facet normal 0.232745 -0.000384948 0.972538
  outer loop
    vertex 4.064237957549154 71.04043343478274 24.66742730453293
    vertex 7.529306127121865 73.73312557103094 23.83924388994091
    vertex 4.092467599519051 76.31578947368419 24.66275955660451
  endloop
endfacet
facet normal 0.999128 0.0257094 -0.0328897
  outer loop
    vertex 24.95154975008245 9.664158940115918 1.5556879729433
    vertex 24.8795915896067 7.335302946112421 -2.450698336060898
    vertex 24.75245853316525 10.92162910627358 -3.50938692137744
  endloop
endfacet
facet normal 0.266168 -0.0463511 -0.962812
  outer loop
    vertex 4.313858481684325 87.50000000000003 -24.625
    vertex 6.903373906078849 89.96857374098181 -24.02797179773752
    vertex 9.280824354296263 86.7024770272356 -23.2134939055865
  endloop
endfacet
facet normal 0.266364 -0.0354978 0.963219
  outer loop
    vertex 9.251732008023831 59.00676407637025 23.2251039793519
    vertex 7.058207751107763 63.11101025381981 23.98294609388518
    vertex 4.525090629456807 60.49572745416217 24.58706071890665
  endloop
endfacet
facet normal 0.062156 -0.00953763 -0.998021
  outer loop
    vertex 3.06151588455594e-15 30.00000000000001 -25
    vertex 2.653706164553637 32.51437495473271 -24.85875788514402
    vertex 3.444287590793163 27.50000000000002 -24.76160097796401
  endloop
endfacet
facet normal 0.236347 0.0100343 0.971617
  outer loop
    vertex 4.280080770793967 65.80633373600571 24.63089337794063
    vertex 7.058207751107763 63.11101025381981 23.98294609388518
    vertex 7.850801936532477 68.42087635442705 23.73530932921115
  endloop
endfacet
facet normal 0.590108 -0.0340061 0.806608
  outer loop
    vertex 16.60035653109095 88.89665639915914 18.69299770076127
    vertex 13.94595980268078 91.59604352109895 20.7487398456391
    vertex 12.45816783311262 87.74247014705881 21.67473308352373
  endloop
endfacet
facet normal 0.0810415 0.0137122 -0.996616
  outer loop
    vertex 4.502835454788337 8.103360790908638 -24.59114622922447
    vertex 3.823786683991785 3.780416840776574 -24.70584253562965
    vertex 3.06151588455594e-15 5.000000000000021 -25
  endloop
endfacet
facet normal 0.384206 -0.0182534 -0.923067
  outer loop
    vertex 11.57206392546587 77.41650885253074 -22.16049043917872
    vertex 7.920477654203658 79.02296366199657 -23.7121494961815
    vertex 9.998259909422082 82.37669658972118 -22.91363783391112
  endloop
endfacet
facet normal 0.412784 -0.00388531 0.910821
  outer loop
    vertex 8.538182347786352 15.67596137875765 23.49679642410747
    vertex 11.91409684396569 18.41014226940736 21.97849622682605
    vertex 8.81503420168201 21.07090589627048 23.39434059816982
  endloop
endfacet
facet normal 0.227178 -0.0191323 -0.973665
  outer loop
    vertex 7.738674451843424 95.48381709166003 -23.77210377161403
    vertex 3.766297033366775 96.28403863633497 -24.71467189052796
    vertex 5.197792270443972 100 -24.45369001834514
  endloop
endfacet
facet normal 0.259593 -0.0178009 0.965554
  outer loop
    vertex 8.930049384003457 31.58605801430789 23.35067917640212
    vertex 8.081595905030985 35.86753839823169 23.657721945018
    vertex 4.457122938472499 34.09377095910353 24.59947265921248
  endloop
endfacet
facet normal 0.234372 0.0196282 0.971949
  outer loop
    vertex 7.958138933387267 4.384023063526314 23.69953638189797
    vertex 3.838074565367074 3.85945970705891 24.70362693271339
    vertex 5.197792270443975 0 24.45369001834514
  endloop
endfacet
facet normal 0.234372 -0.0196282 0.971949
  outer loop
    vertex 5.197792270443991 100 24.45369001834514
    vertex 3.838074565367084 96.1405402929411 24.70362693271339
    vertex 7.958138933387295 95.61597693647366 23.69953638189796
  endloop
endfacet
facet normal 0.86624 0.0337769 0.498485
  outer loop
    vertex 20.4295951000891 10.91281935061923 14.40942899793103
    vertex 22.15954518632681 8.394178431010253 11.57387390354415
    vertex 22.90691695482899 12.25316560182418 10.01364846719557
  endloop
endfacet
facet normal 0.720751 -0.0312011 -0.692491
  outer loop
    vertex 16.47709750193382 89.9069919994844 -18.80173550265417
    vertex 18.57028356589528 92.44582483721734 -16.73751977690361
    vertex 19.70689100716386 88.6401033871459 -15.38305713542547
  endloop
endfacet
facet normal 0.245328 -0.0225442 -0.969178
  outer loop
    vertex 4.162883692655841 62.51572167741291 -24.6509715703341
    vertex 7.216373482305542 64.99999999999872 -23.93582991592055
    vertex 8.545931420442299 60.47313420265343 -23.49397914694523
  endloop
endfacet
facet normal 0.741181 0.0466425 -0.669683
  outer loop
    vertex 20.22542485937363 95.47585717587469 -14.6946313073119
    vertex 18.57028356589528 92.44582483721734 -16.73751977690361
    vertex 16.68635528759678 95.40801310845964 -18.6162710341274
  endloop
endfacet
facet normal 0.617611 0.0351103 -0.7857
  outer loop
    vertex 17.20062249715771 52.4543173449634 -18.14217698376553
    vertex 14.63470878152318 50.00000000000087 -20.26882578937439
    vertex 13.16086129330563 53.84840151409951 -21.25539296316042
  endloop
endfacet
facet normal 0.977239 0.0430815 0.207719
  outer loop
    vertex 23.77641290737886 100 7.725424859373634
    vertex 24.45369001834515 96.82403553795497 5.197792270443921
    vertex 24.86304738420684 100 2.613211581691265
  endloop
endfacet
facet normal 0.912687 -0.0433323 -0.406355
  outer loop
    vertex 21.65063509461099 0 -12.49999999999995
    vertex 22.83863644106505 3.157549093686541 -10.16841607689495
    vertex 23.77641290737886 0 -7.725424859373627
  endloop
endfacet
facet normal 0.63792 0.0416688 0.768974
  outer loop
    vertex 16.60035653109095 88.89665639915914 18.69299770076127
    vertex 17.97935506902278 92.1865782552961 17.37074527192212
    vertex 13.94595980268078 91.59604352109895 20.7487398456391
  endloop
endfacet
facet normal 0.0808681 0.0106805 0.996668
  outer loop
    vertex -3.06151588455594e-15 5.263157894736835 25
    vertex 3.838074565367074 3.85945970705891 24.70362693271339
    vertex 4.354055975272852 7.950136306040264 24.61792429438743
  endloop
endfacet
facet normal 0.085921 -0.024638 0.995997
  outer loop
    vertex 4.989744096755333 91.80339384991161 24.49698866899553
    vertex 3.838074565367084 96.1405402929411 24.70362693271339
    vertex -3.06151588455594e-15 94.73684210526315 25
  endloop
endfacet
facet normal 0.556494 -0.0378399 -0.82999
  outer loop
    vertex 15.9376033191264 43.02557311509693 -19.26117339214232
    vertex 11.73771929155024 42.93945164323891 -22.07319518857135
    vertex 13.78157781411297 46.3494006932949 -20.85828643377852
  endloop
endfacet
facet normal 0.398608 -0.00686898 0.917096
  outer loop
    vertex 8.436237712450929 39.87434448163732 23.53359074300011
    vertex 8.081595905030985 35.86753839823169 23.657721945018
    vertex 11.76738347343806 36.0902464972749 22.05739527208634
  endloop
endfacet
facet normal 0.0733826 0.00636462 -0.997284
  outer loop
    vertex 3.06151588455594e-15 95 -25
    vertex 3.766297033366775 96.28403863633497 -24.71467189052796
    vertex 3.41848844242598 92.3806294405581 -24.7651758881095
  endloop
endfacet
facet normal 0.788757 0.0408661 -0.613345
  outer loop
    vertex 21.26331045857916 11.64723493818261 -13.14806557414734
    vertex 20.05520796065671 8.278855160144325 -14.92610577661875
    vertex 18.11004994993756 11.17733034430129 -17.23444489418695
  endloop
endfacet
facet normal 0.415467 0.0123893 -0.909524
  outer loop
    vertex 8.649706950355711 44.98202392972524 -23.45596404783778
    vertex 11.73771929155024 42.93945164323891 -22.07319518857135
    vertex 9.816780630132657 39.90751905997556 -22.99197290490427
  endloop
endfacet
facet normal 0.475814 -0.0145216 -0.879426
  outer loop
    vertex 12.46956791676405 95.50984137159622 -21.66817657231934
    vertex 13.41690825291307 91.82095964777676 -21.09470485531649
    vertex 10.16852221504461 90.9939889871865 -22.8385891850207
  endloop
endfacet
facet normal 0.381652 0.0167852 0.924153
  outer loop
    vertex 11.4300331871194 49.97445316481944 22.23408062730162
    vertex 7.911641195428737 48.43228447242772 23.71509927440311
    vertex 9.799286564623277 44.91487028442933 22.99943440227159
  endloop
endfacet
facet normal 0.438891 0.0564397 -0.896766
  outer loop
    vertex 13.78157781411297 46.3494006932949 -20.85828643377852
    vertex 11.73771929155024 42.93945164323891 -22.07319518857135
    vertex 8.649706950355711 44.98202392972524 -23.45596404783778
  endloop
endfacet
facet normal 0.743551 -0.0434861 0.667263
  outer loop
    vertex 20.03350167173377 90.24520044035657 14.95522687118588
    vertex 17.97935506902278 92.1865782552961 17.37074527192212
    vertex 16.60035653109095 88.89665639915914 18.69299770076127
  endloop
endfacet
facet normal 0.668217 -0.052246 -0.74213
  outer loop
    vertex 14.69463130731184 0 -20.22542485937367
    vertex 16.72885143724657 2.617720820687758 -18.57809273285429
    vertex 18.57862063693487 0 -16.72826515897144
  endloop
endfacet
facet normal 0.229484 0.00255399 0.973309
  outer loop
    vertex 4.525090629456807 60.49572745416217 24.58706071890665
    vertex 7.058207751107763 63.11101025381981 23.98294609388518
    vertex 4.280080770793967 65.80633373600571 24.63089337794063
  endloop
endfacet
facet normal 0.0531492 0 -0.998587
  outer loop
    vertex 3.06151588455594e-15 35.00000000000001 -25
    vertex 2.653706164553637 32.51437495473271 -24.85875788514402
    vertex 3.06151588455594e-15 30.00000000000001 -25
  endloop
endfacet
facet normal 0.517145 -0.0144253 0.855776
  outer loop
    vertex 11.31493470289617 73.74680642410377 22.29287448197733
    vertex 14.52502353702732 73.42355016175402 20.34757212172505
    vertex 13.43129900587215 77.99371421265786 21.08554497789559
  endloop
endfacet
facet normal 0.63333 0.0146961 0.773742
  outer loop
    vertex 17.33563762457858 75.20277286308635 18.0132081581626
    vertex 14.52502353702732 73.42355016175402 20.34757212172505
    vertex 16.19374161676408 70.01956299097505 19.04633120707196
  endloop
endfacet
facet normal 0.229483 -0.00187946 -0.973311
  outer loop
    vertex 4.313858481686797 67.50000000000003 -24.62499999999957
    vertex 7.216373482305542 64.99999999999872 -23.93582991592055
    vertex 4.162883692655841 62.51572167741291 -24.6509715703341
  endloop
endfacet
facet normal 0.237928 -0.00966314 0.971235
  outer loop
    vertex 4.354055975272852 7.950136306040264 24.61792429438743
    vertex 3.838074565367074 3.85945970705891 24.70362693271339
    vertex 7.958138933387267 4.384023063526314 23.69953638189797
  endloop
endfacet
facet normal 0.238803 0.0171528 0.970916
  outer loop
    vertex 7.958138933387295 95.61597693647366 23.69953638189796
    vertex 3.838074565367084 96.1405402929411 24.70362693271339
    vertex 4.989744096755333 91.80339384991161 24.49698866899553
  endloop
endfacet
facet normal 0.555317 0.0407513 -0.83064
  outer loop
    vertex 13.579778014815 39.9120579775988 -20.99022698944314
    vertex 11.73771929155024 42.93945164323891 -22.07319518857135
    vertex 15.9376033191264 43.02557311509693 -19.26117339214232
  endloop
endfacet
facet normal 0.248942 0.0225345 0.968256
  outer loop
    vertex 4.092467599519051 76.31578947368419 24.66275955660451
    vertex 7.529306127121865 73.73312557103094 23.83924388994091
    vertex 8.614845334836021 77.65827564073675 23.46879715402675
  endloop
endfacet
facet normal 0.229367 -0.00784438 -0.973308
  outer loop
    vertex 3.41848844242598 92.3806294405581 -24.7651758881095
    vertex 3.766297033366775 96.28403863633497 -24.71467189052796
    vertex 7.738674451843424 95.48381709166003 -23.77210377161403
  endloop
endfacet
facet normal 0.61127 -0.0235959 -0.79107
  outer loop
    vertex 17.1662147610571 38.43013491350362 -18.17473715840935
    vertex 13.579778014815 39.9120579775988 -20.99022698944314
    vertex 15.9376033191264 43.02557311509693 -19.26117339214232
  endloop
endfacet
facet normal 0.428583 0.0185121 0.903313
  outer loop
    vertex 8.81503420168201 21.07090589627048 23.39434059816982
    vertex 11.91409684396569 18.41014226940736 21.97849622682605
    vertex 12.83579874784396 22.70075433763454 21.45325780632973
  endloop
endfacet
facet normal 0.378149 -0.0172263 0.925585
  outer loop
    vertex 8.614845334836021 77.65827564073675 23.46879715402675
    vertex 7.529306127121865 73.73312557103094 23.83924388994091
    vertex 11.31493470289617 73.74680642410377 22.29287448197733
  endloop
endfacet
facet normal 0.263187 0.0183895 -0.96457
  outer loop
    vertex 4.162883692655841 62.51572167741291 -24.6509715703341
    vertex 8.545931420442299 60.47313420265343 -23.49397914694523
    vertex 5.021463271338252 58.64767971091922 -24.49044855191334
  endloop
endfacet
facet normal 0.367898 0.0173079 -0.929705
  outer loop
    vertex 8.545931420442299 60.47313420265343 -23.49397914694523
    vertex 7.216373482305542 64.99999999999872 -23.93582991592055
    vertex 10.88785994233863 63.84111024222385 -22.50454411615614
  endloop
endfacet
facet normal 0.230706 -0.0104246 -0.972968
  outer loop
    vertex 7.4831887700464 5.23841415290336 -23.85376041281231
    vertex 3.823786683991785 3.780416840776574 -24.70584253562965
    vertex 4.502835454788337 8.103360790908638 -24.59114622922447
  endloop
endfacet
facet normal 0.21442 0.0112852 -0.976676
  outer loop
    vertex 3.41848844242598 92.3806294405581 -24.7651758881095
    vertex 6.903373906078849 89.96857374098181 -24.02797179773752
    vertex 4.313858481684325 87.50000000000003 -24.625
  endloop
endfacet
facet normal 0.338888 0.0120846 -0.940749
  outer loop
    vertex 9.280824354296263 86.7024770272356 -23.2134939055865
    vertex 6.903373906078849 89.96857374098181 -24.02797179773752
    vertex 10.16852221504461 90.9939889871865 -22.8385891850207
  endloop
endfacet
facet normal 0.469457 -0.0300231 -0.882445
  outer loop
    vertex 9.816780630132657 39.90751905997556 -22.99197290490427
    vertex 11.73771929155024 42.93945164323891 -22.07319518857135
    vertex 13.579778014815 39.9120579775988 -20.99022698944314
  endloop
endfacet
facet normal -0.705745 -0.0184032 -0.708227
  outer loop
    vertex -15.64376120280345 88.70089214877908 -19.50058295102127
    vertex -19.2849341604853 90.1122533166276 -15.9088439060086
    vertex -16.88721095425965 95.34989690459003 -18.4342644601387
  endloop
endfacet
facet normal -0.298623 -0.0115322 0.954301
  outer loop
    vertex -8.985291483190387 54.880152886396 23.32947785446786
    vertex -9.706257973908864 49.49956022240274 23.03884884589355
    vertex -5.211572775861273 49.94763911402265 24.45075682268141
  endloop
endfacet
facet normal -0.272454 0.0102656 0.962114
  outer loop
    vertex -5.211572775861273 49.94763911402265 24.45075682268141
    vertex -4.539049752944884 55.26315789473682 24.58448753462823
    vertex -8.985291483190387 54.880152886396 23.32947785446786
  endloop
endfacet
facet normal -0.476352 -0.0178109 0.879074
  outer loop
    vertex -13.4572711729562 72.42123657384116 21.06897844171668
    vertex -14.25448331387653 67.53600448739954 20.53800636513719
    vertex -9.546620799173896 68.34333931766849 23.10545457931482
  endloop
endfacet
facet normal -0.419842 -0.00248633 -0.907594
  outer loop
    vertex -8.30760517366047 90.04316854029953 -23.57930652666803
    vertex -12.56014897379164 91.38063985632162 -21.61579648673999
    vertex -8.446725988163276 95.47389521217727 -23.52982830538479
  endloop
endfacet
facet normal -0.411513 0.0132393 0.911308
  outer loop
    vertex -8.91870432449379 89.47368614633353 23.35501473286317
    vertex -7.958138933384534 95.61597693647776 23.69953638189889
    vertex -12.49999999999997 95.47585717587469 21.65063509461098
  endloop
endfacet
facet normal -0.455457 -0.0190158 0.890055
  outer loop
    vertex -12.49999999999997 95.47585717587469 21.65063509461098
    vertex -13.53159884436 90.72838274321217 21.02131852941949
    vertex -8.91870432449379 89.47368614633353 23.35501473286317
  endloop
endfacet
facet normal -0.605203 0.0143047 0.795942
  outer loop
    vertex -17.08176527312184 57.32685639207524 18.25413090656383
    vertex -13.77158419188068 52.10638638273566 20.8648860252325
    vertex -12.87687707069809 58.59200608966117 21.42862657535778
  endloop
endfacet
facet normal -0.269343 -0.0145843 -0.962934
  outer loop
    vertex -4.313858481684363 12.50000000000004 -24.625
    vertex -8.991926262512861 13.18854721059018 -23.32692140188095
    vertex -5.189219761485155 17.47558229346969 -24.4555105910102
  endloop
endfacet
facet normal -0.284087 -0.000417833 -0.958799
  outer loop
    vertex -5.189219761485155 17.47558229346969 -24.4555105910102
    vertex -8.991926262512861 13.18854721059018 -23.32692140188095
    vertex -8.970979286568923 17.45036308610004 -23.33498512191408
  endloop
endfacet
facet normal -0.991074 -0.0292316 0.130065
  outer loop
    vertex -25 4.524142824125327 -9.341026746681509e-14
    vertex -24.32170082194269 7.262744583620659 5.784018423891156
    vertex -24.90238346198289 11.03496763067047 2.207101699596398
  endloop
endfacet
facet normal -0.462355 0.0182639 0.886507
  outer loop
    vertex -9.706257973908864 49.49956022240274 23.03884884589355
    vertex -13.77158419188068 52.10638638273566 20.8648860252325
    vertex -12.00663854749184 45.18032730080832 21.92807859320745
  endloop
endfacet
facet normal -0.579908 -0.0227661 0.814364
  outer loop
    vertex -13.77158419188068 52.10638638273566 20.8648860252325
    vertex -16.31884862112508 48.10959346112358 18.93924971272105
    vertex -12.00663854749184 45.18032730080832 21.92807859320745
  endloop
endfacet
facet normal -0.420674 -0.00147081 -0.907211
  outer loop
    vertex -8.446725988163276 95.47389521217727 -23.52982830538479
    vertex -12.56014897379164 91.38063985632162 -21.61579648673999
    vertex -12.50098742635191 95.59668419722561 -21.65006497371755
  endloop
endfacet
facet normal -0.436132 0.0184804 0.899693
  outer loop
    vertex -12.99022692107094 25.98582385850174 21.36010310225781
    vertex -9.955432019529347 21.06682187083926 22.93227797896515
    vertex -8.482478358452763 27.36344859924668 23.51696325843072
  endloop
endfacet
facet normal -0.458723 0.00431988 0.888569
  outer loop
    vertex -13.75933835875787 85.99280897066697 20.8729635636441
    vertex -9.112498911580271 84.30735651880616 23.28008512841928
    vertex -8.91870432449379 89.47368614633353 23.35501473286317
  endloop
endfacet
facet normal -0.26171 -0.00912317 -0.965103
  outer loop
    vertex -4.313858481684703 32.50000000000001 -24.62499999999994
    vertex -3.865212795642716 27.50000000000002 -24.69939533762719
    vertex -8.821520558819076 31.36294850169353 -23.39189549887594
  endloop
endfacet
facet normal -0.578744 0.022503 -0.815199
  outer loop
    vertex -16.88721095425965 95.34989690459003 -18.4342644601387
    vertex -12.56014897379164 91.38063985632162 -21.61579648673999
    vertex -15.64376120280345 88.70089214877908 -19.50058295102127
  endloop
endfacet
facet normal -0.487494 -0.0217855 0.872855
  outer loop
    vertex -14.30311336375845 21.0705357309168 20.50416904201374
    vertex -9.955432019529347 21.06682187083926 22.93227797896515
    vertex -12.99022692107094 25.98582385850174 21.36010310225781
  endloop
endfacet
facet normal -0.999401 0.0235779 -0.0253515
  outer loop
    vertex -24.90238346198289 11.03496763067047 2.207101699596398
    vertex -24.81244125421252 9.187720222884728 -3.056592711869361
    vertex -25 4.524142824125327 -9.341026746681509e-14
  endloop
endfacet
facet normal -0.249737 0.00731554 -0.968286
  outer loop
    vertex -8.821520558819076 31.36294850169353 -23.39189549887594
    vertex -3.865212795642716 27.50000000000002 -24.69939533762719
    vertex -8.461632535260806 26.10094449727141 -23.52447182910205
  endloop
endfacet
facet normal -0.99411 0.0176756 0.106926
  outer loop
    vertex -24.95214452340787 90.1516358320541 1.546118909711194
    vertex -24.46474503996966 95.78993495923746 5.145507762046386
    vertex -24.99927033736776 95.69875531339632 0.1910041863537229
  endloop
endfacet
facet normal -0.632397 -0.0136496 0.774524
  outer loop
    vertex -17.6699631211238 52.30531433779296 17.68537258013313
    vertex -13.77158419188068 52.10638638273566 20.8648860252325
    vertex -17.08176527312184 57.32685639207524 18.25413090656383
  endloop
endfacet
facet normal -0.482981 0.0338832 0.874975
  outer loop
    vertex -9.546620799173896 68.34333931766849 23.10545457931482
    vertex -14.25448331387653 67.53600448739954 20.53800636513719
    vertex -11.78089295104907 63.7459357052546 22.05018279461471
  endloop
endfacet
facet normal -0.745525 0.0200834 -0.666175
  outer loop
    vertex -16.88721095425965 95.34989690459003 -18.4342644601387
    vertex -19.2849341604853 90.1122533166276 -15.9088439060086
    vertex -20.22542485937371 95.47585717587468 -14.69463130731179
  endloop
endfacet
facet normal -0.980053 -0.0396035 0.194748
  outer loop
    vertex -23.76919324529733 91.37306510048842 7.747609467939885
    vertex -24.46474503996966 95.78993495923746 5.145507762046386
    vertex -24.95214452340787 90.1516358320541 1.546118909711194
  endloop
endfacet
facet normal -0.45587 0.00729477 0.890016
  outer loop
    vertex -13.4572711729562 72.42123657384116 21.06897844171668
    vertex -9.546620799173896 68.34333931766849 23.10545457931482
    vertex -9.137912826247744 73.79405165775228 23.27012138300737
  endloop
endfacet
facet normal -0.430558 -0.0035345 -0.902556
  outer loop
    vertex -8.649706950355702 55.01797607027477 -23.45596404783778
    vertex -12.68360110259716 58.0731487593569 -21.54358983712316
    vertex -8.893506505945073 61.39172675619639 -23.36462158967512
  endloop
endfacet
facet normal -0.45275 -0.00615904 0.891616
  outer loop
    vertex -8.91870432449379 89.47368614633353 23.35501473286317
    vertex -13.53159884436 90.72838274321217 21.02131852941949
    vertex -13.75933835875787 85.99280897066697 20.8729635636441
  endloop
endfacet
facet normal -0.610207 -0.00344774 0.792234
  outer loop
    vertex -16.88838953188757 90.12807753939404 18.4331847226471
    vertex -13.53159884436 90.72838274321217 21.02131852941949
    vertex -16.72279359211275 95.37014937248463 18.58354579932454
  endloop
endfacet
facet normal -0.450671 -0.0154114 0.892557
  outer loop
    vertex -12.87687707069809 58.59200608966117 21.42862657535778
    vertex -13.77158419188068 52.10638638273566 20.8648860252325
    vertex -8.985291483190387 54.880152886396 23.32947785446786
  endloop
endfacet
facet normal -0.587879 0.0205444 0.808688
  outer loop
    vertex -16.72279359211275 95.37014937248463 18.58354579932454
    vertex -13.53159884436 90.72838274321217 21.02131852941949
    vertex -12.49999999999997 95.47585717587469 21.65063509461098
  endloop
endfacet
facet normal -0.281391 -0.0232537 0.959311
  outer loop
    vertex -9.955432019529347 21.06682187083926 22.93227797896515
    vertex -4.539049752944884 23.68421052631575 24.58448753462823
    vertex -8.482478358452763 27.36344859924668 23.51696325843072
  endloop
endfacet
facet normal -0.956304 -0.0325541 -0.290558
  outer loop
    vertex -23.01239479054377 95.794333108885 -9.768811903407396
    vertex -24.55047144190399 95.91024659215805 -4.719571164868305
    vertex -23.77641290737886 100 -7.725424859373627
  endloop
endfacet
facet normal -0.270908 -0.00914821 0.962562
  outer loop
    vertex -8.985291483190387 54.880152886396 23.32947785446786
    vertex -4.539049752944884 55.26315789473682 24.58448753462823
    vertex -8.453068140332226 59.96026614794841 23.52755063781397
  endloop
endfacet
facet normal -0.277122 0.00316959 -0.960829
  outer loop
    vertex -8.649706950355702 55.01797607027477 -23.45596404783778
    vertex -8.893506505945073 61.39172675619639 -23.36462158967512
    vertex -5.021463271338182 58.64767971091929 -24.4904485519133
  endloop
endfacet
facet normal -0.856257 0.00541781 0.516521
  outer loop
    vertex -20.04183740932937 9.759838381873273 14.94405411051519
    vertex -22.53552263343411 8.480212487111231 10.82359550417415
    vertex -20.2254248593737 4.524142824125327 14.69463130731181
  endloop
endfacet
facet normal -0.993933 0.0165253 0.108735
  outer loop
    vertex -25 4.524142824125327 -9.341026746681509e-14
    vertex -24.45369001834515 3.181432902114551 5.197792270443921
    vertex -24.32170082194269 7.262744583620659 5.784018423891156
  endloop
endfacet
facet normal -0.985308 0.0214156 -0.169439
  outer loop
    vertex -24.81244125421252 9.187720222884728 -3.056592711869361
    vertex -24.95258786378491 14.74724952751457 -1.538947335061936
    vertex -24.10080951389911 13.54087654777982 -6.644620438727113
  endloop
endfacet
facet normal -0.449131 0.0366825 0.892712
  outer loop
    vertex -13.75933835875787 85.99280897066697 20.8729635636441
    vertex -11.95697917519113 81.72300546827375 21.95519640094448
    vertex -9.112498911580271 84.30735651880616 23.28008512841928
  endloop
endfacet
facet normal -0.9997 -0.0227137 -0.00911099
  outer loop
    vertex -24.90238346198289 11.03496763067047 2.207101699596398
    vertex -24.95258786378491 14.74724952751457 -1.538947335061936
    vertex -24.81244125421252 9.187720222884728 -3.056592711869361
  endloop
endfacet
facet normal -0.285593 0.0162601 -0.958213
  outer loop
    vertex -7.523932021803819 72.57517266164234 -23.84094056305823
    vertex -9.061905218841643 77.4502722570474 -23.29982561747471
    vertex -5.167244703550232 77.47706795604446 -24.46016316735504
  endloop
endfacet
facet normal -0.259503 -0.0135808 0.965647
  outer loop
    vertex -4.354055975271391 92.04986369395971 24.61792429438768
    vertex -7.958138933384534 95.61597693647776 23.69953638189889
    vertex -8.91870432449379 89.47368614633353 23.35501473286317
  endloop
endfacet
facet normal -0.591335 0.00174319 -0.806424
  outer loop
    vertex -12.50098742635191 95.59668419722561 -21.65006497371755
    vertex -12.56014897379164 91.38063985632162 -21.61579648673999
    vertex -16.88721095425965 95.34989690459003 -18.4342644601387
  endloop
endfacet
facet normal -0.867684 -0.020662 0.496687
  outer loop
    vertex -22.53552263343411 8.480212487111231 10.82359550417415
    vertex -22.9584956570076 3.916093584491591 9.894820724356906
    vertex -20.2254248593737 4.524142824125327 14.69463130731181
  endloop
endfacet
facet normal -0.283938 -0.0175327 -0.958682
  outer loop
    vertex -8.970979286568923 17.45036308610004 -23.33498512191408
    vertex -7.819077525294424 21.25765570317709 -23.7457791334257
    vertex -5.189219761485155 17.47558229346969 -24.4555105910102
  endloop
endfacet
facet normal -0.249626 0.00987507 0.968292
  outer loop
    vertex -4.539049752944884 55.26315789473682 24.58448753462823
    vertex -3.91639883401829 60.52631578947366 24.69133087083198
    vertex -8.453068140332226 59.96026614794841 23.52755063781397
  endloop
endfacet
facet normal -0.832924 -0.0208639 -0.552994
  outer loop
    vertex -20.22542485937371 95.47585717587468 -14.69463130731179
    vertex -19.2849341604853 90.1122533166276 -15.9088439060086
    vertex -22.03335134648208 91.25700391545075 -11.81234220815144
  endloop
endfacet
facet normal -0.955501 0.0417396 -0.292019
  outer loop
    vertex -23.95945825161392 92.52315921292924 -7.137531806525941
    vertex -24.55047144190399 95.91024659215805 -4.719571164868305
    vertex -23.01239479054377 95.794333108885 -9.768811903407396
  endloop
endfacet
facet normal -0.275516 -0.000429416 0.961296
  outer loop
    vertex -9.18867222018725 41.03146952927845 23.25012479170723
    vertex -4.515441182102748 39.50728717084976 24.58883468021554
    vertex -4.538240093300052 44.73826223891872 24.58463700882248
  endloop
endfacet
facet normal -0.301475 0.0203654 0.953257
  outer loop
    vertex -9.706257973908864 49.49956022240274 23.03884884589355
    vertex -8.574209339255566 45.43641157323644 23.48367378002476
    vertex -5.211572775861273 49.94763911402265 24.45075682268141
  endloop
endfacet
facet normal -0.219628 -0.0176277 -0.975424
  outer loop
    vertex -5.167244703550232 77.47706795604446 -24.46016316735504
    vertex -3.404712819357884 72.50000000000004 -24.76707351742834
    vertex -7.523932021803819 72.57517266164234 -23.84094056305823
  endloop
endfacet
facet normal -0.974375 -0.0249623 -0.223538
  outer loop
    vertex -24.10080951389911 13.54087654777982 -6.644620438727113
    vertex -23.61857111571915 8.603722278719594 -8.195309539713392
    vertex -24.81244125421252 9.187720222884728 -3.056592711869361
  endloop
endfacet
facet normal -0.264678 -0.00942853 0.964291
  outer loop
    vertex -5.211572775861273 49.94763911402265 24.45075682268141
    vertex -8.574209339255566 45.43641157323644 23.48367378002476
    vertex -4.538240093300052 44.73826223891872 24.58463700882248
  endloop
endfacet
facet normal -0.420098 0.0193526 -0.907272
  outer loop
    vertex -8.461632535260806 26.10094449727141 -23.52447182910205
    vertex -11.48492605973832 22.29454589620106 -22.20577567666447
    vertex -12.70133888634977 27.42322703965818 -21.53313703328196
  endloop
endfacet
facet normal -0.549893 -0.0209142 -0.834973
  outer loop
    vertex -12.70133888634977 27.42322703965818 -21.53313703328196
    vertex -11.48492605973832 22.29454589620106 -22.20577567666447
    vertex -15.66291043310247 23.53026151823022 -19.48520558692183
  endloop
endfacet
facet normal -0.291475 -0.023025 -0.956301
  outer loop
    vertex -4.702114035374947 62.71164387792922 -24.55382095720196
    vertex -9.194241181985658 65.3397974748368 -23.24792311341981
    vertex -6.154954294081941 67.6742212475165 -24.23048777135455
  endloop
endfacet
facet normal -0.273594 0.00219794 0.961843
  outer loop
    vertex -9.137912826247744 73.79405165775228 23.27012138300737
    vertex -4.539320806074498 71.05680177082962 24.58443748836932
    vertex -4.423150504233007 76.25478901673651 24.60560382548868
  endloop
endfacet
facet normal -0.587162 0.0209971 -0.809197
  outer loop
    vertex -16.72741997112498 28.67150941454283 -18.57938161268047
    vertex -12.70133888634977 27.42322703965818 -21.53313703328196
    vertex -15.66291043310247 23.53026151823022 -19.48520558692183
  endloop
endfacet
facet normal -0.279234 -0.00806983 0.960189
  outer loop
    vertex -9.137912826247744 73.79405165775228 23.27012138300737
    vertex -9.546620799173896 68.34333931766849 23.10545457931482
    vertex -4.539320806074498 71.05680177082962 24.58443748836932
  endloop
endfacet
facet normal -0.948319 0.0350145 -0.315381
  outer loop
    vertex -24.45738642480639 4.480498647498926 -5.180371537611587
    vertex -22.70694247042265 4.341601173142514 -10.45919517194876
    vertex -23.77641290737881 0 -7.72542485937378
  endloop
endfacet
facet normal -0.99419 -0.028113 -0.103899
  outer loop
    vertex -24.81244125421252 9.187720222884728 -3.056592711869361
    vertex -24.45738642480639 4.480498647498926 -5.180371537611587
    vertex -25 4.524142824125327 -9.341026746681509e-14
  endloop
endfacet
facet normal -0.574398 0.00154968 -0.818575
  outer loop
    vertex -12.68360110259716 58.0731487593569 -21.54358983712316
    vertex -15.91426766181805 56.0435259111465 -19.28045862493972
    vertex -15.9938685939913 61.39137360024734 -19.21447806728402
  endloop
endfacet
facet normal -0.799467 -0.0214888 -0.600326
  outer loop
    vertex -21.33450228674144 21.10268581239991 -13.03222974693987
    vertex -19.21058892990387 24.95368507302583 -15.99853971355683
    vertex -18.28369018246752 19.84715775636848 -17.05012238406342
  endloop
endfacet
facet normal -0.526861 -0.0216591 -0.849676
  outer loop
    vertex -12.32404496554421 41.24388328243259 -21.75127388653926
    vertex -10.93905658316387 36.12974607025647 -22.47970286881789
    vertex -15.05068468434097 37.37301760977455 -19.96188594628634
  endloop
endfacet
facet normal -0.464328 0.014385 0.885546
  outer loop
    vertex -8.985291483190387 54.880152886396 23.32947785446786
    vertex -13.77158419188068 52.10638638273566 20.8648860252325
    vertex -9.706257973908864 49.49956022240274 23.03884884589355
  endloop
endfacet
facet normal -0.993597 -0.0237151 0.110463
  outer loop
    vertex -24.95214452340787 90.1516358320541 1.546118909711194
    vertex -24.99999529553827 85.02617424792766 0.0153369835505581
    vertex -24.45876258020516 86.37813888810719 5.173870219203002
  endloop
endfacet
facet normal -0.998455 0.0242515 -0.0499896
  outer loop
    vertex -24.72537206080587 88.68371470892617 -3.695399363359853
    vertex -24.99999529553827 85.02617424792766 0.0153369835505581
    vertex -24.95214452340787 90.1516358320541 1.546118909711194
  endloop
endfacet
facet normal -0.705086 -0.021107 -0.708807
  outer loop
    vertex -15.66291043310247 23.53026151823022 -19.48520558692183
    vertex -19.21058892990387 24.95368507302583 -15.99853971355683
    vertex -16.72741997112498 28.67150941454283 -18.57938161268047
  endloop
endfacet
facet normal -0.568886 0.0206651 -0.822156
  outer loop
    vertex -15.05068468434097 37.37301760977455 -19.96188594628634
    vertex -16.21178504405148 42.44533326221961 -19.03097542653736
    vertex -12.32404496554421 41.24388328243259 -21.75127388653926
  endloop
endfacet
facet normal -0.487285 0.0343373 0.872567
  outer loop
    vertex -14.30311336375845 21.0705357309168 20.50416904201374
    vertex -12.32873578556764 17.46575907661323 21.74861544856738
    vertex -9.955432019529347 21.06682187083926 22.93227797896515
  endloop
endfacet
facet normal -0.475665 -0.00726415 -0.879596
  outer loop
    vertex -10.3307860657106 8.988069303932875 -22.76565086406536
    vertex -13.46183927978108 8.214232791471638 -21.06605998295227
    vertex -12.91797367682205 13.50664358291827 -21.40387712740224
  endloop
endfacet
facet normal -0.857296 0.0220841 -0.51435
  outer loop
    vertex -22.68788058367188 31.16606557170544 -10.50047973290004
    vertex -20.10485035113481 29.92212372443115 -14.85917199437689
    vertex -22.04593424054801 26.07957071518625 -11.78884148088492
  endloop
endfacet
facet normal -0.731867 -0.0384702 -0.680361
  outer loop
    vertex -20.1122414959139 62.53801435580434 -14.84916637424602
    vertex -17.74760317069497 66.33405880396622 -17.60745812704201
    vertex -15.9938685939913 61.39137360024734 -19.21447806728402
  endloop
endfacet
facet normal -0.630631 0.028403 -0.775563
  outer loop
    vertex -15.9938685939913 61.39137360024734 -19.21447806728402
    vertex -17.74760317069497 66.33405880396622 -17.60745812704201
    vertex -13.89529193081347 65.16445037903772 -20.78270584301934
  endloop
endfacet
facet normal -0.241053 0.0123623 -0.970433
  outer loop
    vertex -3.987785066788485 22.6359841341202 -24.67990215258356
    vertex -7.819077525294424 21.25765570317709 -23.7457791334257
    vertex -8.461632535260806 26.10094449727141 -23.52447182910205
  endloop
endfacet
facet normal -0.574157 -0.0210874 -0.818473
  outer loop
    vertex -16.22047291486604 75.05329822845371 -19.02357112684412
    vertex -13.30732328277006 78.81302685836701 -21.16400593101046
    vertex -12.13478786158403 73.80167547003322 -21.85742261920085
  endloop
endfacet
facet normal -0.696427 0.0213051 -0.717311
  outer loop
    vertex -18.28369018246752 19.84715775636848 -17.05012238406342
    vertex -19.21058892990387 24.95368507302583 -15.99853971355683
    vertex -15.66291043310247 23.53026151823022 -19.48520558692183
  endloop
endfacet
facet normal -0.826417 0.0224247 -0.562612
  outer loop
    vertex -22.04593424054801 26.07957071518625 -11.78884148088492
    vertex -19.21058892990387 24.95368507302583 -15.99853971355683
    vertex -21.33450228674144 21.10268581239991 -13.03222974693987
  endloop
endfacet
facet normal -0.607766 0.0220076 -0.793811
  outer loop
    vertex -13.20584929512582 46.23055136894727 -21.22747145550842
    vertex -16.21178504405148 42.44533326221961 -19.03097542653736
    vertex -17.24134225777843 47.4673650710862 -18.10348356394823
  endloop
endfacet
facet normal -0.943894 0.0203987 0.329617
  outer loop
    vertex -24.32170082194269 7.262744583620659 5.784018423891156
    vertex -22.9584956570076 3.916093584491591 9.894820724356906
    vertex -22.53552263343411 8.480212487111231 10.82359550417415
  endloop
endfacet
facet normal -0.998913 0.0227564 0.0406824
  outer loop
    vertex -24.7254337528407 81.34951905843585 3.694986567483788
    vertex -24.96163594424994 80.06191564848783 -1.384460539968322
    vertex -24.89882453594499 76.32718102877521 2.246894908139679
  endloop
endfacet
facet normal -0.831997 -0.0226327 -0.554319
  outer loop
    vertex -20.10485035113481 29.92212372443115 -14.85917199437689
    vertex -19.21058892990387 24.95368507302583 -15.99853971355683
    vertex -22.04593424054801 26.07957071518625 -11.78884148088492
  endloop
endfacet
facet normal -0.576575 -0.0161511 -0.816884
  outer loop
    vertex -12.32404496554421 41.24388328243259 -21.75127388653926
    vertex -16.21178504405148 42.44533326221961 -19.03097542653736
    vertex -13.20584929512582 46.23055136894727 -21.22747145550842
  endloop
endfacet
facet normal -0.926931 -0.022107 -0.374579
  outer loop
    vertex -22.04593424054801 26.07957071518625 -11.78884148088492
    vertex -23.96532092384059 27.41283269445481 -7.117822210292163
    vertex -22.68788058367188 31.16606557170544 -10.50047973290004
  endloop
endfacet
facet normal -0.773983 0.0223138 -0.632814
  outer loop
    vertex -20.92989725661641 67.544326157802 -13.67257842645201
    vertex -17.74760317069497 66.33405880396622 -17.60745812704201
    vertex -20.1122414959139 62.53801435580434 -14.84916637424602
  endloop
endfacet
facet normal -0.971304 -0.0222031 -0.236802
  outer loop
    vertex -24.74457324221484 23.60585615525095 -3.564560991295477
    vertex -23.96532092384059 27.41283269445481 -7.117822210292163
    vertex -23.51674704830418 22.35016984462466 -8.483077759049289
  endloop
endfacet
facet normal -0.724949 -0.021471 -0.688468
  outer loop
    vertex -17.24134225777843 47.4673650710862 -18.10348356394823
    vertex -16.21178504405148 42.44533326221961 -19.03097542653736
    vertex -19.67484306647847 43.7154930822041 -15.42402510077846
  endloop
endfacet
facet normal -0.610227 0.0219765 -0.791922
  outer loop
    vertex -17.2643761985239 80.01376451116778 -18.08151858876465
    vertex -13.30732328277006 78.81302685836701 -21.16400593101046
    vertex -16.22047291486604 75.05329822845371 -19.02357112684412
  endloop
endfacet
facet normal -0.93455 -0.0233142 -0.355067
  outer loop
    vertex -22.97843328436319 17.34338310947756 -9.848431539898613
    vertex -22.32020122846924 12.47007346763925 -11.26093322600929
    vertex -24.10080951389911 13.54087654777982 -6.644620438727113
  endloop
endfacet
facet normal -0.994888 0.0239035 0.0981188
  outer loop
    vertex -24.45876258020516 86.37813888810719 5.173870219203002
    vertex -24.99999529553827 85.02617424792766 0.0153369835505581
    vertex -24.7254337528407 81.34951905843585 3.694986567483788
  endloop
endfacet
facet normal -0.42108 -0.0217009 -0.906764
  outer loop
    vertex -10.16841607689503 100 -22.83863644106501
    vertex -8.446725988163276 95.47389521217727 -23.52982830538479
    vertex -12.50098742635191 95.59668419722561 -21.65006497371755
  endloop
endfacet
facet normal -0.480324 -0.0450849 -0.875931
  outer loop
    vertex -14.52189883425875 18.59100605136083 -20.34980231470454
    vertex -11.48492605973832 22.29454589620106 -22.20577567666447
    vertex -8.970979286568923 17.45036308610004 -23.33498512191408
  endloop
endfacet
facet normal -0.585928 0.0298258 -0.809814
  outer loop
    vertex -14.69463130731178 0 -20.22542485937372
    vertex -16.69208513168329 4.590352735148727 -18.61113360213821
    vertex -12.48132694248946 4.491434313360692 -21.66140525807794
  endloop
endfacet
facet normal -0.74619 -0.0273828 -0.66517
  outer loop
    vertex -18.57862063693487 100 -16.72826515897144
    vertex -16.88721095425965 95.34989690459003 -18.4342644601387
    vertex -20.22542485937371 95.47585717587468 -14.69463130731179
  endloop
endfacet
facet normal -0.930893 0.0235689 -0.364532
  outer loop
    vertex -24.10080951389911 13.54087654777982 -6.644620438727113
    vertex -22.32020122846924 12.47007346763925 -11.26093322600929
    vertex -23.61857111571915 8.603722278719594 -8.195309539713392
  endloop
endfacet
facet normal -0.569471 0.00884405 -0.821964
  outer loop
    vertex -15.9938685939913 61.39137360024734 -19.21447806728402
    vertex -12.33399850247523 61.80645624654851 -21.74563130702208
    vertex -12.68360110259716 58.0731487593569 -21.54358983712316
  endloop
endfacet
facet normal -0.922484 0.0221943 -0.385397
  outer loop
    vertex -23.51674704830418 22.35016984462466 -8.483077759049289
    vertex -23.96532092384059 27.41283269445481 -7.117822210292163
    vertex -22.04593424054801 26.07957071518625 -11.78884148088492
  endloop
endfacet
facet normal -0.426756 -0.00640242 -0.904344
  outer loop
    vertex -8.821520558819076 31.36294850169353 -23.39189549887594
    vertex -8.461632535260806 26.10094449727141 -23.52447182910205
    vertex -12.70133888634977 27.42322703965818 -21.53313703328196
  endloop
endfacet
facet normal -0.506629 -0.0152521 -0.862029
  outer loop
    vertex -11.44202924080419 87.45102007202786 -22.22790963749362
    vertex -10.5495514983125 82.51529886467694 -22.66510452621943
    vertex -14.50366353131503 83.73580607061439 -20.36280295466227
  endloop
endfacet
facet normal -0.406284 -0.0299618 -0.913255
  outer loop
    vertex -12.48132694248946 4.491434313360692 -21.66140525807794
    vertex -10.3307860657106 8.988069303932875 -22.76565086406536
    vertex -7.738674451843439 4.516182908339971 -23.77210377161402
  endloop
endfacet
facet normal -0.948835 -0.0363341 -0.313675
  outer loop
    vertex -23.61857111571915 8.603722278719594 -8.195309539713392
    vertex -22.70694247042265 4.341601173142514 -10.45919517194876
    vertex -24.45738642480639 4.480498647498926 -5.180371537611587
  endloop
endfacet
facet normal -0.462879 -0.036135 -0.885685
  outer loop
    vertex -13.89424047538436 32.40790484766143 -20.7834088063578
    vertex -10.93905658316387 36.12974607025647 -22.47970286881789
    vertex -8.821520558819076 31.36294850169353 -23.39189549887594
  endloop
endfacet
facet normal -0.389729 0.0237185 -0.920624
  outer loop
    vertex -12.13478786158403 73.80167547003322 -21.85742261920085
    vertex -7.523932021803819 72.57517266164234 -23.84094056305823
    vertex -10.79746547813791 68.96920488244481 -22.54805400136384
  endloop
endfacet
facet normal -0.981316 0.0225194 -0.191081
  outer loop
    vertex -24.74457324221484 23.60585615525095 -3.564560991295477
    vertex -24.90957985242548 28.63596084012227 -2.124342621998265
    vertex -23.96532092384059 27.41283269445481 -7.117822210292163
  endloop
endfacet
facet normal -0.565172 0.022278 -0.824672
  outer loop
    vertex -16.22047291486604 75.05329822845371 -19.02357112684412
    vertex -12.13478786158403 73.80167547003322 -21.85742261920085
    vertex -15.08847306858867 70.09390531752867 -19.93333841729665
  endloop
endfacet
facet normal -0.452969 0.0256342 -0.891158
  outer loop
    vertex -13.89424047538436 32.40790484766143 -20.7834088063578
    vertex -8.821520558819076 31.36294850169353 -23.39189549887594
    vertex -12.70133888634977 27.42322703965818 -21.53313703328196
  endloop
endfacet
facet normal -0.406545 0.0299843 -0.913139
  outer loop
    vertex -12.48132694248946 4.491434313360692 -21.66140525807794
    vertex -7.738674451843439 4.516182908339971 -23.77210377161402
    vertex -10.16841607689497 0 -22.83863644106504
  endloop
endfacet
facet normal -0.717836 0.0224233 -0.695851
  outer loop
    vertex -19.6901944040836 76.28852699372025 -15.40442288206199
    vertex -16.22047291486604 75.05329822845371 -19.02357112684412
    vertex -18.75943777888138 71.30308361889362 -16.52523809874696
  endloop
endfacet
facet normal -0.595782 -0.0218248 -0.80285
  outer loop
    vertex -13.89424047538436 32.40790484766143 -20.7834088063578
    vertex -12.70133888634977 27.42322703965818 -21.53313703328196
    vertex -16.72741997112498 28.67150941454283 -18.57938161268047
  endloop
endfacet
facet normal -0.781304 -0.0225358 -0.623744
  outer loop
    vertex -20.93459835195187 34.92789208007231 -13.66537931571803
    vertex -18.76439980991708 38.68720528162808 -16.51960349928484
    vertex -17.76563448760092 33.66650799861586 -17.589264659245
  endloop
endfacet
facet normal -0.467656 0.0355734 -0.883194
  outer loop
    vertex -14.52189883425875 18.59100605136083 -20.34980231470454
    vertex -8.970979286568923 17.45036308610004 -23.33498512191408
    vertex -12.91797367682205 13.50664358291827 -21.40387712740224
  endloop
endfacet
facet normal -0.792772 0.0228313 -0.609091
  outer loop
    vertex -21.33450228674144 21.10268581239991 -13.03222974693987
    vertex -18.28369018246752 19.84715775636848 -17.05012238406342
    vertex -20.52848966720097 16.11718677556497 -14.26818530800687
  endloop
endfacet
facet normal -0.308899 0.0276801 -0.950692
  outer loop
    vertex -5.197792270443988 100 -24.45369001834514
    vertex -8.446725988163276 95.47389521217727 -23.52982830538479
    vertex -10.16841607689503 100 -22.83863644106501
  endloop
endfacet
facet normal -0.435425 0.0175449 -0.900054
  outer loop
    vertex -8.649706950355739 44.98202392972527 -23.45596404783785
    vertex -12.32404496554421 41.24388328243259 -21.75127388653926
    vertex -13.20584929512582 46.23055136894727 -21.22747145550842
  endloop
endfacet
facet normal -0.684169 -0.0224381 -0.728978
  outer loop
    vertex -16.22047291486604 75.05329822845371 -19.02357112684412
    vertex -15.08847306858867 70.09390531752867 -19.93333841729665
    vertex -18.75943777888138 71.30308361889362 -16.52523809874696
  endloop
endfacet
facet normal -0.655049 0.0222549 -0.755259
  outer loop
    vertex -18.28369018246752 19.84715775636848 -17.05012238406342
    vertex -14.52189883425875 18.59100605136083 -20.34980231470454
    vertex -17.2732819231285 14.87390638951632 -18.07301113827251
  endloop
endfacet
facet normal -0.524711 -0.0235929 -0.850954
  outer loop
    vertex -12.13478786158403 73.80167547003322 -21.85742261920085
    vertex -10.79746547813791 68.96920488244481 -22.54805400136384
    vertex -15.08847306858867 70.09390531752867 -19.93333841729665
  endloop
endfacet
facet normal -0.346078 -0.0221181 -0.937945
  outer loop
    vertex -7.523932021803819 72.57517266164234 -23.84094056305823
    vertex -6.154954294081941 67.6742212475165 -24.23048777135455
    vertex -10.79746547813791 68.96920488244481 -22.54805400136384
  endloop
endfacet
facet normal -0.809919 0.0228699 -0.586096
  outer loop
    vertex -21.70276855852165 72.54920407965243 -12.40926415607486
    vertex -18.75943777888138 71.30308361889362 -16.52523809874696
    vertex -20.92989725661641 67.544326157802 -13.67257842645201
  endloop
endfacet
facet normal -0.589757 -0.0327367 -0.806917
  outer loop
    vertex -12.50098742635191 95.59668419722561 -21.65006497371755
    vertex -16.88721095425965 95.34989690459003 -18.4342644601387
    vertex -14.69463130731184 100 -20.22542485937367
  endloop
endfacet
facet normal -0.898961 0.0226374 -0.437443
  outer loop
    vertex -23.51674704830418 22.35016984462466 -8.483077759049289
    vertex -21.33450228674144 21.10268581239991 -13.03222974693987
    vertex -22.97843328436319 17.34338310947756 -9.848431539898613
  endloop
endfacet
facet normal -0.742403 0.0305972 -0.669254
  outer loop
    vertex -20.22542485937363 4.524142824125306 -14.6946313073119
    vertex -16.69208513168329 4.590352735148727 -18.61113360213821
    vertex -18.5786206369348 0 -16.72826515897151
  endloop
endfacet
facet normal -0.631949 0.0222095 -0.774692
  outer loop
    vertex -17.76563448760092 33.66650799861586 -17.589264659245
    vertex -13.89424047538436 32.40790484766143 -20.7834088063578
    vertex -16.72741997112498 28.67150941454283 -18.57938161268047
  endloop
endfacet
facet normal -0.53966 0.0222293 -0.84159
  outer loop
    vertex -15.64376120280345 88.70089214877908 -19.50058295102127
    vertex -11.44202924080419 87.45102007202786 -22.22790963749362
    vertex -14.50366353131503 83.73580607061439 -20.36280295466227
  endloop
endfacet
facet normal -0.862881 -0.0226191 -0.504901
  outer loop
    vertex -20.93459835195187 34.92789208007231 -13.66537931571803
    vertex -20.10485035113481 29.92212372443115 -14.85917199437689
    vertex -22.68788058367188 31.16606557170544 -10.50047973290004
  endloop
endfacet
facet normal -0.743919 -0.0222317 -0.6679
  outer loop
    vertex -17.76563448760092 33.66650799861586 -17.589264659245
    vertex -16.72741997112498 28.67150941454283 -18.57938161268047
    vertex -20.10485035113481 29.92212372443115 -14.85917199437689
  endloop
endfacet
facet normal -0.65464 0.0224389 -0.755607
  outer loop
    vertex -18.28178123679291 84.9939464709868 -17.05216921127769
    vertex -14.50366353131503 83.73580607061439 -20.36280295466227
    vertex -17.2643761985239 80.01376451116778 -18.08151858876465
  endloop
endfacet
facet normal -0.717321 0.0218525 -0.6964
  outer loop
    vertex -16.21178504405148 42.44533326221961 -19.03097542653736
    vertex -18.76439980991708 38.68720528162808 -16.51960349928484
    vertex -19.67484306647847 43.7154930822041 -15.42402510077846
  endloop
endfacet
facet normal -0.945426 0.0415136 0.323182
  outer loop
    vertex -22.53284416891931 95.53968146420985 10.82917049728181
    vertex -24.46474503996966 95.78993495923746 5.145507762046386
    vertex -23.76919324529733 91.37306510048842 7.747609467939885
  endloop
endfacet
facet normal -0.724568 0.0202718 -0.688905
  outer loop
    vertex -20.1122414959139 62.53801435580434 -14.84916637424602
    vertex -15.9938685939913 61.39137360024734 -19.21447806728402
    vertex -19.5250172683979 57.56065012975722 -15.61325400641275
  endloop
endfacet
facet normal -0.308875 -0.0303101 -0.95062
  outer loop
    vertex -10.16841607689497 0 -22.83863644106504
    vertex -7.738674451843439 4.516182908339971 -23.77210377161402
    vertex -5.197792270443972 0 -24.45369001834514
  endloop
endfacet
facet normal -0.499768 -0.0304757 -0.865623
  outer loop
    vertex -14.69463130731178 0 -20.22542485937372
    vertex -12.48132694248946 4.491434313360692 -21.66140525807794
    vertex -10.16841607689497 0 -22.83863644106504
  endloop
endfacet
facet normal -0.499758 0.0310871 -0.865607
  outer loop
    vertex -10.16841607689503 100 -22.83863644106501
    vertex -12.50098742635191 95.59668419722561 -21.65006497371755
    vertex -14.69463130731184 100 -20.22542485937367
  endloop
endfacet
facet normal -0.540919 0.0222184 -0.840781
  outer loop
    vertex -15.66291043310247 23.53026151823022 -19.48520558692183
    vertex -11.48492605973832 22.29454589620106 -22.20577567666447
    vertex -14.52189883425875 18.59100605136083 -20.34980231470454
  endloop
endfacet
facet normal -0.774227 0.022508 -0.632508
  outer loop
    vertex -20.93459835195187 34.92789208007231 -13.66537931571803
    vertex -17.76563448760092 33.66650799861586 -17.589264659245
    vertex -20.10485035113481 29.92212372443115 -14.85917199437689
  endloop
endfacet
facet normal -0.618622 -0.0225166 -0.785366
  outer loop
    vertex -14.50366353131503 83.73580607061439 -20.36280295466227
    vertex -13.30732328277006 78.81302685836701 -21.16400593101046
    vertex -17.2643761985239 80.01376451116778 -18.08151858876465
  endloop
endfacet
facet normal -0.877062 -0.0228403 -0.479834
  outer loop
    vertex -21.33450228674144 21.10268581239991 -13.03222974693987
    vertex -20.52848966720097 16.11718677556497 -14.26818530800687
    vertex -22.97843328436319 17.34338310947756 -9.848431539898613
  endloop
endfacet
facet normal -0.816452 -0.022715 -0.576967
  outer loop
    vertex -21.70276855852165 72.54920407965243 -12.40926415607486
    vertex -19.6901944040836 76.28852699372025 -15.40442288206199
    vertex -18.75943777888138 71.30308361889362 -16.52523809874696
  endloop
endfacet
facet normal -0.808647 0.0302576 -0.587516
  outer loop
    vertex -18.57862063693487 100 -16.72826515897144
    vertex -20.22542485937371 95.47585717587468 -14.69463130731179
    vertex -21.65063509461099 100 -12.49999999999995
  endloop
endfacet
facet normal -0.808647 -0.0302576 -0.587516
  outer loop
    vertex -21.65063509461092 0 -12.50000000000008
    vertex -20.22542485937363 4.524142824125306 -14.6946313073119
    vertex -18.5786206369348 0 -16.72826515897151
  endloop
endfacet
facet normal -0.675283 0.0227286 -0.737208
  outer loop
    vertex -17.76563448760092 33.66650799861586 -17.589264659245
    vertex -18.76439980991708 38.68720528162808 -16.51960349928484
    vertex -15.05068468434097 37.37301760977455 -19.96188594628634
  endloop
endfacet
facet normal -0.890732 -0.022525 -0.453971
  outer loop
    vertex -21.69333269182101 39.94782400184983 -12.42575215920429
    vertex -20.93459835195187 34.92789208007231 -13.66537931571803
    vertex -23.25793624091695 36.17943360629967 -9.168882255402892
  endloop
endfacet
facet normal -0.80981 0.0223749 -0.586266
  outer loop
    vertex -21.69333269182101 39.94782400184983 -12.42575215920429
    vertex -18.76439980991708 38.68720528162808 -16.51960349928484
    vertex -20.93459835195187 34.92789208007231 -13.66537931571803
  endloop
endfacet
facet normal -0.983333 -0.0226492 -0.180399
  outer loop
    vertex -24.90957985242548 28.63596084012227 -2.124342621998265
    vertex -24.33863639327005 32.42603528019934 -5.712335644566985
    vertex -23.96532092384059 27.41283269445481 -7.117822210292163
  endloop
endfacet
facet normal -0.804798 -0.0231922 -0.593095
  outer loop
    vertex -21.41107659207361 53.77753218564854 -12.90603731469724
    vertex -19.5250172683979 57.56065012975722 -15.61325400641275
    vertex -18.4603776973421 52.46517164446765 -16.85866113519915
  endloop
endfacet
facet normal -0.999101 -0.0224889 -0.035923
  outer loop
    vertex -24.9548694414492 24.856212829028 1.501496307096601
    vertex -24.90957985242548 28.63596084012227 -2.124342621998265
    vertex -24.74457324221484 23.60585615525095 -3.564560991295477
  endloop
endfacet
facet normal -0.787236 -0.0249529 0.616147
  outer loop
    vertex -18.12149599684852 85.13062210196709 17.22240932146844
    vertex -20.32601403525803 88.82024144983579 14.55517617339253
    vertex -21.23714459489011 83.86298038415691 13.1902876941987
  endloop
endfacet
facet normal -0.87207 0.0257288 0.488703
  outer loop
    vertex -21.23714459489011 83.86298038415691 13.1902876941987
    vertex -20.32601403525803 88.82024144983579 14.55517617339253
    vertex -22.90288464540523 87.5664734160945 10.02286759960749
  endloop
endfacet
facet normal -0.663466 -0.0223544 -0.747872
  outer loop
    vertex -18.28369018246752 19.84715775636848 -17.05012238406342
    vertex -15.66291043310247 23.53026151823022 -19.48520558692183
    vertex -14.52189883425875 18.59100605136083 -20.34980231470454
  endloop
endfacet
facet normal -0.517485 0.0210098 -0.855434
  outer loop
    vertex -15.05068468434097 37.37301760977455 -19.96188594628634
    vertex -10.93905658316387 36.12974607025647 -22.47970286881789
    vertex -13.89424047538436 32.40790484766143 -20.7834088063578
  endloop
endfacet
facet normal -0.683936 -0.0227333 -0.729187
  outer loop
    vertex -15.05068468434097 37.37301760977455 -19.96188594628634
    vertex -18.76439980991708 38.68720528162808 -16.51960349928484
    vertex -16.21178504405148 42.44533326221961 -19.03097542653736
  endloop
endfacet
facet normal -0.968601 0.0226706 -0.247583
  outer loop
    vertex -24.74457324221484 23.60585615525095 -3.564560991295477
    vertex -23.51674704830418 22.35016984462466 -8.483077759049289
    vertex -24.49366169082457 18.58370536274109 -5.006050037248225
  endloop
endfacet
facet normal -0.990745 0.0225314 -0.133853
  outer loop
    vertex -24.99082009196846 33.65941764774321 -0.6774297977396626
    vertex -24.33863639327005 32.42603528019934 -5.712335644566985
    vertex -24.90957985242548 28.63596084012227 -2.124342621998265
  endloop
endfacet
facet normal -0.885621 0.0225052 -0.463864
  outer loop
    vertex -20.93459835195187 34.92789208007231 -13.66537931571803
    vertex -22.68788058367188 31.16606557170544 -10.50047973290004
    vertex -23.25793624091695 36.17943360629967 -9.168882255402892
  endloop
endfacet
facet normal -0.763248 -0.0222572 -0.645722
  outer loop
    vertex -18.28369018246752 19.84715775636848 -17.05012238406342
    vertex -17.2732819231285 14.87390638951632 -18.07301113827251
    vertex -20.52848966720097 16.11718677556497 -14.26818530800687
  endloop
endfacet
facet normal -0.498478 0.0199139 -0.866673
  outer loop
    vertex -10.5495514983125 82.51529886467694 -22.66510452621943
    vertex -13.30732328277006 78.81302685836701 -21.16400593101046
    vertex -14.50366353131503 83.73580607061439 -20.36280295466227
  endloop
endfacet
facet normal -0.613095 -0.029742 -0.78945
  outer loop
    vertex -14.52189883425875 18.59100605136083 -20.34980231470454
    vertex -12.91797367682205 13.50664358291827 -21.40387712740224
    vertex -17.2732819231285 14.87390638951632 -18.07301113827251
  endloop
endfacet
facet normal -0.95577 -0.0227972 -0.29323
  outer loop
    vertex -23.51674704830418 22.35016984462466 -8.483077759049289
    vertex -22.97843328436319 17.34338310947756 -9.848431539898613
    vertex -24.49366169082457 18.58370536274109 -5.006050037248225
  endloop
endfacet
facet normal -0.736429 0.0225044 -0.67614
  outer loop
    vertex -16.72741997112498 28.67150941454283 -18.57938161268047
    vertex -19.21058892990387 24.95368507302583 -15.99853971355683
    vertex -20.10485035113481 29.92212372443115 -14.85917199437689
  endloop
endfacet
facet normal -0.668833 -0.0298113 -0.742815
  outer loop
    vertex -18.5786206369348 0 -16.72826515897151
    vertex -16.69208513168329 4.590352735148727 -18.61113360213821
    vertex -14.69463130731178 0 -20.22542485937372
  endloop
endfacet
facet normal -0.839932 -0.0158197 -0.542461
  outer loop
    vertex -22.16829850981011 58.81668870856122 -11.55709916804174
    vertex -20.1122414959139 62.53801435580434 -14.84916637424602
    vertex -19.5250172683979 57.56065012975722 -15.61325400641275
  endloop
endfacet
facet normal -0.903784 -0.0224145 -0.427402
  outer loop
    vertex -23.51674704830418 22.35016984462466 -8.483077759049289
    vertex -22.04593424054801 26.07957071518625 -11.78884148088492
    vertex -21.33450228674144 21.10268581239991 -13.03222974693987
  endloop
endfacet
facet normal -0.943304 0.0225983 -0.331159
  outer loop
    vertex -23.96532092384059 27.41283269445481 -7.117822210292163
    vertex -24.33863639327005 32.42603528019934 -5.712335644566985
    vertex -22.68788058367188 31.16606557170544 -10.50047973290004
  endloop
endfacet
facet normal -0.261289 -1.03812e-05 0.965261
  outer loop
    vertex -4.537525123459166 18.42029353902732 24.5847689790646
    vertex -8.483506202878143 15.66613674138765 23.51659249350824
    vertex -4.536867617761556 13.15406730692401 24.58489032350778
  endloop
endfacet
facet normal -0.987006 -0.025332 -0.158676
  outer loop
    vertex -24.10080951389911 13.54087654777982 -6.644620438727113
    vertex -24.95258786378491 14.74724952751457 -1.538947335061936
    vertex -24.49366169082457 18.58370536274109 -5.006050037248225
  endloop
endfacet
facet normal -0.668844 0.0292407 -0.742827
  outer loop
    vertex -14.69463130731184 100 -20.22542485937367
    vertex -16.88721095425965 95.34989690459003 -18.4342644601387
    vertex -18.57862063693487 100 -16.72826515897144
  endloop
endfacet
facet normal -0.816287 -0.0220328 -0.577226
  outer loop
    vertex -19.67484306647847 43.7154930822041 -15.42402510077846
    vertex -18.76439980991708 38.68720528162808 -16.51960349928484
    vertex -21.69333269182101 39.94782400184983 -12.42575215920429
  endloop
endfacet
facet normal -0.99839 -0.0224075 0.0521068
  outer loop
    vertex -24.99999529553827 85.02617424792766 0.0153369835505581
    vertex -24.96163594424994 80.06191564848783 -1.384460539968322
    vertex -24.7254337528407 81.34951905843585 3.694986567483788
  endloop
endfacet
facet normal -0.725419 -0.0220093 -0.687956
  outer loop
    vertex -19.6901944040836 76.28852699372025 -15.40442288206199
    vertex -17.2643761985239 80.01376451116778 -18.08151858876465
    vertex -16.22047291486604 75.05329822845371 -19.02357112684412
  endloop
endfacet
facet normal -0.980284 -0.0227503 0.19628
  outer loop
    vertex -24.7254337528407 81.34951905843585 3.694986567483788
    vertex -24.89882453594499 76.32718102877521 2.246894908139679
    vertex -23.9273933929049 77.58491889358 7.244297441517084
  endloop
endfacet
facet normal -0.972854 0.0301406 -0.229447
  outer loop
    vertex -23.61857111571915 8.603722278719594 -8.195309539713392
    vertex -24.45738642480639 4.480498647498926 -5.180371537611587
    vertex -24.81244125421252 9.187720222884728 -3.056592711869361
  endloop
endfacet
facet normal -0.091123 1.15691e-05 0.99584
  outer loop
    vertex -4.537525123459166 18.42029353902732 24.5847689790646
    vertex -4.536867617761556 13.15406730692401 24.58489032350778
    vertex -3.06151588455594e-15 15.7894736842105 25
  endloop
endfacet
facet normal -0.0885392 0.00300984 0.996068
  outer loop
    vertex -3.06151588455594e-15 84.21052631578947 25
    vertex -4.496009708704125 86.84498404149443 24.59239509887637
    vertex -4.32160174671183 81.63462584637617 24.6236422639466
  endloop
endfacet
facet normal -0.27174 -0.00332461 0.962365
  outer loop
    vertex -4.496009708704125 86.84498404149443 24.59239509887637
    vertex -9.112498911580271 84.30735651880616 23.28008512841928
    vertex -4.32160174671183 81.63462584637617 24.6236422639466
  endloop
endfacet
facet normal -0.995292 -0.0226775 -0.0942362
  outer loop
    vertex -24.74457324221484 23.60585615525095 -3.564560991295477
    vertex -24.49366169082457 18.58370536274109 -5.006050037248225
    vertex -24.99996600770804 19.83093934561352 0.04122636829227966
  endloop
endfacet
facet normal -0.291752 -3.33619e-05 0.956494
  outer loop
    vertex -4.537525123459166 18.42029353902732 24.5847689790646
    vertex -4.539049752944884 23.68421052631575 24.58448753462823
    vertex -9.955432019529347 21.06682187083926 22.93227797896515
  endloop
endfacet
facet normal -0.281743 -0.00305434 0.959485
  outer loop
    vertex -4.539320806074498 71.05680177082962 24.58443748836932
    vertex -9.546620799173896 68.34333931766849 23.10545457931482
    vertex -4.392958999478857 65.90392324035278 24.61101199115749
  endloop
endfacet
facet normal -0.248332 0.00237585 -0.968672
  outer loop
    vertex -8.461632535260806 26.10094449727141 -23.52447182910205
    vertex -3.865212795642716 27.50000000000002 -24.69939533762719
    vertex -3.987785066788485 22.6359841341202 -24.67990215258356
  endloop
endfacet
facet normal -0.0896747 0.00258931 0.995968
  outer loop
    vertex -3.06151588455594e-15 68.42105263157893 25
    vertex -4.539320806074498 71.05680177082962 24.58443748836932
    vertex -4.392958999478857 65.90392324035278 24.61101199115749
  endloop
endfacet
facet normal -0.268008 0.00258402 0.963413
  outer loop
    vertex -4.354055975271391 92.04986369395971 24.61792429438768
    vertex -8.91870432449379 89.47368614633353 23.35501473286317
    vertex -4.496009708704125 86.84498404149443 24.59239509887637
  endloop
endfacet
facet normal -0.998637 0.0226308 -0.0470397
  outer loop
    vertex -24.9548694414492 24.856212829028 1.501496307096601
    vertex -24.74457324221484 23.60585615525095 -3.564560991295477
    vertex -24.99996600770804 19.83093934561352 0.04122636829227966
  endloop
endfacet
facet normal -0.751518 -0.0227317 0.659321
  outer loop
    vertex -19.57464830080387 28.63974907278745 15.55098530318373
    vertex -20.45514912309798 23.58638028145991 14.37313029064386
    vertex -17.12014986889947 24.85238592131503 18.21813570227265
  endloop
endfacet
facet normal -0.794541 0.0227864 0.606783
  outer loop
    vertex -18.12149599684852 85.13062210196709 17.22240932146844
    vertex -21.23714459489011 83.86298038415691 13.1902876941987
    vertex -19.09794210203635 80.09712894693919 16.13284251045883
  endloop
endfacet
facet normal -0.994136 0.0235406 -0.105541
  outer loop
    vertex -24.49366169082457 18.58370536274109 -5.006050037248225
    vertex -24.95258786378491 14.74724952751457 -1.538947335061936
    vertex -24.99996600770804 19.83093934561352 0.04122636829227966
  endloop
endfacet
facet normal -0.903488 -0.0221952 -0.428039
  outer loop
    vertex -23.51059931737213 87.51330378043684 -8.500101160455745
    vertex -22.03335134648208 91.25700391545075 -11.81234220815144
    vertex -21.32520339777094 86.24992579261385 -13.04744036367666
  endloop
endfacet
facet normal -0.0911451 2.68451e-05 0.995838
  outer loop
    vertex -3.06151588455594e-15 21.05263157894733 25
    vertex -4.539049752944884 23.68421052631575 24.58448753462823
    vertex -4.537525123459166 18.42029353902732 24.5847689790646
  endloop
endfacet
facet normal -0.0888609 -0.00246192 0.996041
  outer loop
    vertex -4.354055975271391 92.04986369395971 24.61792429438768
    vertex -4.496009708704125 86.84498404149443 24.59239509887637
    vertex -3.06151588455594e-15 89.4736842105263 25
  endloop
endfacet
facet normal -0.0982299 -0.0124007 0.995086
  outer loop
    vertex -3.06151588455594e-15 10.52631578947367 25
    vertex -4.536867617761556 13.15406730692401 24.58489032350778
    vertex -5.201267009497624 7.829618485317553 24.45295118172675
  endloop
endfacet
facet normal -0.975526 0.0227922 -0.218701
  outer loop
    vertex -24.84068555412074 75.0656831674235 -2.817861103975337
    vertex -23.75628822010113 73.79692480567044 -7.78708995732581
    vertex -24.63351307634572 70.04713132737722 -4.26497755181718
  endloop
endfacet
facet normal -0.0874158 0 0.996172
  outer loop
    vertex -3.06151588455594e-15 94.73684210526315 25
    vertex -4.354055975271391 92.04986369395971 24.61792429438768
    vertex -3.06151588455594e-15 89.4736842105263 25
  endloop
endfacet
facet normal -0.104599 0 0.994514
  outer loop
    vertex -3.06151588455594e-15 10.52631578947367 25
    vertex -5.201267009497624 7.829618485317553 24.45295118172675
    vertex -3.06151588455594e-15 5.263157894736835 25
  endloop
endfacet
facet normal -0.922216 0.0223647 -0.386027
  outer loop
    vertex -23.95945825161392 92.52315921292924 -7.137531806525941
    vertex -22.03335134648208 91.25700391545075 -11.81234220815144
    vertex -23.51059931737213 87.51330378043684 -8.500101160455745
  endloop
endfacet
facet normal -0.780785 -0.0230051 -0.624376
  outer loop
    vertex -18.75943777888138 71.30308361889362 -16.52523809874696
    vertex -17.74760317069497 66.33405880396622 -17.60745812704201
    vertex -20.92989725661641 67.544326157802 -13.67257842645201
  endloop
endfacet
facet normal -0.863265 -0.0224837 -0.504249
  outer loop
    vertex -22.69890161016986 63.7890384544498 -10.47663427307778
    vertex -20.92989725661641 67.544326157802 -13.67257842645201
    vertex -20.1122414959139 62.53801435580434 -14.84916637424602
  endloop
endfacet
facet normal -0.663074 -0.0223235 -0.748221
  outer loop
    vertex -18.28178123679291 84.9939464709868 -17.05216921127769
    vertex -15.64376120280345 88.70089214877908 -19.50058295102127
    vertex -14.50366353131503 83.73580607061439 -20.36280295466227
  endloop
endfacet
facet normal -0.969958 0.0227391 0.242207
  outer loop
    vertex -23.46403362780453 82.61337122552285 8.627811189013025
    vertex -24.7254337528407 81.34951905843585 3.694986567483788
    vertex -23.9273933929049 77.58491889358 7.244297441517084
  endloop
endfacet
facet normal -0.83447 0.0220006 -0.550613
  outer loop
    vertex -21.41107659207361 53.77753218564854 -12.90603731469724
    vertex -22.16829850981011 58.81668870856122 -11.55709916804174
    vertex -19.5250172683979 57.56065012975722 -15.61325400641275
  endloop
endfacet
facet normal -0.999682 0.0226292 0.011103
  outer loop
    vertex -24.82491665485608 29.88463797016117 2.953559391556103
    vertex -24.90957985242548 28.63596084012227 -2.124342621998265
    vertex -24.9548694414492 24.856212829028 1.501496307096601
  endloop
endfacet
facet normal -0.271511 -0.00377386 0.962428
  outer loop
    vertex -8.91870432449379 89.47368614633353 23.35501473286317
    vertex -9.112498911580271 84.30735651880616 23.28008512841928
    vertex -4.496009708704125 86.84498404149443 24.59239509887637
  endloop
endfacet
facet normal -0.982901 0.0434993 0.178924
  outer loop
    vertex -23.76919324529733 91.37306510048842 7.747609467939885
    vertex -24.95214452340787 90.1516358320541 1.546118909711194
    vertex -24.45876258020516 86.37813888810719 5.173870219203002
  endloop
endfacet
facet normal -0.279197 0.0277532 0.959833
  outer loop
    vertex -4.537525123459166 18.42029353902732 24.5847689790646
    vertex -9.955432019529347 21.06682187083926 22.93227797896515
    vertex -8.483506202878143 15.66613674138765 23.51659249350824
  endloop
endfacet
facet normal -0.0983875 -0.0125864 0.995069
  outer loop
    vertex -3.06151588455594e-15 52.6315789473684 25
    vertex -4.539049752944884 55.26315789473682 24.58448753462823
    vertex -5.211572775861273 49.94763911402265 24.45075682268141
  endloop
endfacet
facet normal -0.993804 -0.0226985 0.108804
  outer loop
    vertex -24.9548694414492 24.856212829028 1.501496307096601
    vertex -24.99996600770804 19.83093934561352 0.04122636829227966
    vertex -24.47518567209016 21.08249660337964 5.095614419941172
  endloop
endfacet
facet normal -0.752432 0.026205 0.658149
  outer loop
    vertex -16.88838953188757 90.12807753939404 18.4331847226471
    vertex -20.32601403525803 88.82024144983579 14.55517617339253
    vertex -18.12149599684852 85.13062210196709 17.22240932146844
  endloop
endfacet
facet normal -0.0877975 -0.00168277 0.996137
  outer loop
    vertex -4.32160174671183 81.63462584637617 24.6236422639466
    vertex -4.423150504233007 76.25478901673651 24.60560382548868
    vertex -3.06151588455594e-15 78.94736842105262 25
  endloop
endfacet
facet normal -0.0867592 0 0.996229
  outer loop
    vertex -3.06151588455594e-15 84.21052631578947 25
    vertex -4.32160174671183 81.63462584637617 24.6236422639466
    vertex -3.06151588455594e-15 78.94736842105262 25
  endloop
endfacet
facet normal -0.0911297 0 0.995839
  outer loop
    vertex -3.06151588455594e-15 21.05263157894733 25
    vertex -4.537525123459166 18.42029353902732 24.5847689790646
    vertex -3.06151588455594e-15 15.7894736842105 25
  endloop
endfacet
facet normal -0.985756 -0.0226484 0.166651
  outer loop
    vertex -24.82491665485608 29.88463797016117 2.953559391556103
    vertex -24.9548694414492 24.856212829028 1.501496307096601
    vertex -24.13592255779621 26.10914642536354 6.51592221286168
  endloop
endfacet
facet normal -0.967123 -0.0231921 0.25325
  outer loop
    vertex -23.46403362780453 82.61337122552285 8.627811189013025
    vertex -24.45876258020516 86.37813888810719 5.173870219203002
    vertex -24.7254337528407 81.34951905843585 3.694986567483788
  endloop
endfacet
facet normal -0.982428 0.0227153 0.185255
  outer loop
    vertex -23.9273933929049 77.58491889358 7.244297441517084
    vertex -24.89882453594499 76.32718102877521 2.246894908139679
    vertex -24.30902970966336 72.55614023288867 5.837043307591969
  endloop
endfacet
facet normal -0.0899924 -0.00204425 0.99594
  outer loop
    vertex -4.423150504233007 76.25478901673651 24.60560382548868
    vertex -4.539320806074498 71.05680177082962 24.58443748836932
    vertex -3.06151588455594e-15 73.68421052631578 25
  endloop
endfacet
facet normal -0.638144 -0.0289424 0.769373
  outer loop
    vertex -13.75933835875787 85.99280897066697 20.8729635636441
    vertex -16.88838953188757 90.12807753939404 18.4331847226471
    vertex -18.12149599684852 85.13062210196709 17.22240932146844
  endloop
endfacet
facet normal -0.890721 -0.0229585 -0.453971
  outer loop
    vertex -23.25967175410902 68.79145265232737 -9.164478702637856
    vertex -21.70276855852165 72.54920407965243 -12.40926415607486
    vertex -20.92989725661641 67.544326157802 -13.67257842645201
  endloop
endfacet
facet normal -0.852858 -0.0182794 0.521823
  outer loop
    vertex -21.99257168338386 13.53617775306888 11.88809449622698
    vertex -22.53552263343411 8.480212487111231 10.82359550417415
    vertex -20.04183740932937 9.759838381873273 14.94405411051519
  endloop
endfacet
facet normal -0.732882 -0.0226798 0.679978
  outer loop
    vertex -19.13292524109222 14.78643406610203 16.09133840669496
    vertex -20.04183740932937 9.759838381873273 14.94405411051519
    vertex -16.63276000921355 11.13308615755204 18.66417141144783
  endloop
endfacet
facet normal -0.0911606 0 0.995836
  outer loop
    vertex -3.06151588455594e-15 26.31578947368417 25
    vertex -4.539049752944884 23.68421052631575 24.58448753462823
    vertex -3.06151588455594e-15 21.05263157894733 25
  endloop
endfacet
facet normal -0.0911661 0 0.995836
  outer loop
    vertex -3.06151588455594e-15 73.68421052631578 25
    vertex -4.539320806074498 71.05680177082962 24.58443748836932
    vertex -3.06151588455594e-15 68.42105263157893 25
  endloop
endfacet
facet normal -0.0985135 0.0128394 0.995053
  outer loop
    vertex -5.211572775861273 49.94763911402265 24.45075682268141
    vertex -4.538240093300052 44.73826223891872 24.58463700882248
    vertex -3.06151588455594e-15 47.36842105263155 25
  endloop
endfacet
facet normal -0.090289 0 0.995916
  outer loop
    vertex -3.06151588455594e-15 89.4736842105263 25
    vertex -4.496009708704125 86.84498404149443 24.59239509887637
    vertex -3.06151588455594e-15 84.21052631578947 25
  endloop
endfacet
facet normal -0.0911164 0 0.99584
  outer loop
    vertex -3.06151588455594e-15 15.7894736842105 25
    vertex -4.536867617761556 13.15406730692401 24.58489032350778
    vertex -3.06151588455594e-15 10.52631578947367 25
  endloop
endfacet
facet normal -0.677832 0.0225576 0.734871
  outer loop
    vertex -14.88032610245395 34.93440144762016 20.08919846794858
    vertex -18.63931364737014 33.67569259321838 16.66061183615299
    vertex -16.02465371674551 29.88095436548432 19.18881114760355
  endloop
endfacet
facet normal -0.980652 -0.0226851 0.194443
  outer loop
    vertex -24.73098543278311 16.05877604721793 3.657643985336664
    vertex -24.90238346198289 11.03496763067047 2.207101699596398
    vertex -23.94241283535657 12.28543875887588 7.194502597216363
  endloop
endfacet
facet normal -0.0882029 0 0.996103
  outer loop
    vertex -3.06151588455594e-15 68.42105263157893 25
    vertex -4.392958999478857 65.90392324035278 24.61101199115749
    vertex -3.06151588455594e-15 63.15789473684209 25
  endloop
endfacet
facet normal -0.0857555 0 0.996316
  outer loop
    vertex -3.06151588455594e-15 36.84210526315786 25
    vertex -4.271981334202001 34.19342146083566 24.63229943550195
    vertex -3.06151588455594e-15 31.57894736842102 25
  endloop
endfacet
facet normal -0.104809 0 0.994492
  outer loop
    vertex -3.06151588455594e-15 52.6315789473684 25
    vertex -5.211572775861273 49.94763911402265 24.45075682268141
    vertex -3.06151588455594e-15 47.36842105263155 25
  endloop
endfacet
facet normal -0.982763 0.0226901 0.183472
  outer loop
    vertex -24.90238346198289 11.03496763067047 2.207101699596398
    vertex -24.32170082194269 7.262744583620659 5.784018423891156
    vertex -23.94241283535657 12.28543875887588 7.194502597216363
  endloop
endfacet
facet normal -0.0911606 0 0.995836
  outer loop
    vertex -3.06151588455594e-15 57.89473684210524 25
    vertex -4.539049752944884 55.26315789473682 24.58448753462823
    vertex -3.06151588455594e-15 52.6315789473684 25
  endloop
endfacet
facet normal -0.69004 -0.022732 0.723414
  outer loop
    vertex -15.43550706664603 81.35492895486377 19.66583640721951
    vertex -18.12149599684852 85.13062210196709 17.22240932146844
    vertex -19.09794210203635 80.09712894693919 16.13284251045883
  endloop
endfacet
facet normal -0.987557 0.0226822 0.155618
  outer loop
    vertex -24.9548694414492 24.856212829028 1.501496307096601
    vertex -24.47518567209016 21.08249660337964 5.095614419941172
    vertex -24.13592255779621 26.10914642536354 6.51592221286168
  endloop
endfacet
facet normal -0.952258 0.024691 -0.304295
  outer loop
    vertex -22.97843328436319 17.34338310947756 -9.848431539898613
    vertex -24.10080951389911 13.54087654777982 -6.644620438727113
    vertex -24.49366169082457 18.58370536274109 -5.006050037248225
  endloop
endfacet
facet normal -0.842403 0.0228851 -0.538362
  outer loop
    vertex -19.67484306647847 43.7154930822041 -15.42402510077846
    vertex -21.69333269182101 39.94782400184983 -12.42575215920429
    vertex -22.38820243558589 44.96632359405437 -11.12512434551749
  endloop
endfacet
facet normal -0.920273 -0.0226728 0.390619
  outer loop
    vertex -21.96779775160589 78.83969316447731 11.93381171062034
    vertex -23.46403362780453 82.61337122552285 8.627811189013025
    vertex -23.9273933929049 77.58491889358 7.244297441517084
  endloop
endfacet
facet normal -0.949629 -0.0296487 0.31197
  outer loop
    vertex -22.90288464540523 87.5664734160945 10.02286759960749
    vertex -23.76919324529733 91.37306510048842 7.747609467939885
    vertex -24.45876258020516 86.37813888810719 5.173870219203002
  endloop
endfacet
facet normal -0.994959 0.0227016 0.0976819
  outer loop
    vertex -24.99996600770804 19.83093934561352 0.04122636829227966
    vertex -24.73098543278311 16.05877604721793 3.657643985336664
    vertex -24.47518567209016 21.08249660337964 5.095614419941172
  endloop
endfacet
facet normal -0.704102 0.0180666 0.709869
  outer loop
    vertex -19.13292524109222 14.78643406610203 16.09133840669496
    vertex -16.63276000921355 11.13308615755204 18.66417141144783
    vertex -15.75495020079077 16.0047895199573 19.41086149995932
  endloop
endfacet
facet normal -0.088814 0 0.996048
  outer loop
    vertex -3.06151588455594e-15 78.94736842105262 25
    vertex -4.423150504233007 76.25478901673651 24.60560382548868
    vertex -3.06151588455594e-15 73.68421052631578 25
  endloop
endfacet
facet normal -0.988324 -0.0225258 -0.150691
  outer loop
    vertex -24.96181911943892 47.48635109375246 -1.381153955362481
    vertex -24.49870468485257 51.25106024793788 -4.981311952124915
    vertex -24.16906161750647 46.22435392747011 -6.391905860475072
  endloop
endfacet
facet normal -0.0911442 0 0.995838
  outer loop
    vertex -3.06151588455594e-15 47.36842105263155 25
    vertex -4.538240093300052 44.73826223891872 24.58463700882248
    vertex -3.06151588455594e-15 42.10526315789471 25
  endloop
endfacet
facet normal -0.669547 -0.0227502 0.742421
  outer loop
    vertex -14.88032610245395 34.93440144762016 20.08919846794858
    vertex -17.62888112536134 38.71629366751858 17.72632365347872
    vertex -18.63931364737014 33.67569259321838 16.66061183615299
  endloop
endfacet
facet normal -0.640536 -0.0221822 -0.767608
  outer loop
    vertex -17.76563448760092 33.66650799861586 -17.589264659245
    vertex -15.05068468434097 37.37301760977455 -19.96188594628634
    vertex -13.89424047538436 32.40790484766143 -20.7834088063578
  endloop
endfacet
facet normal -0.952732 0.0225422 -0.302975
  outer loop
    vertex -24.16906161750647 46.22435392747011 -6.391905860475072
    vertex -24.49870468485257 51.25106024793788 -4.981311952124915
    vertex -22.98700346498503 49.99546117845296 -9.828411453575105
  endloop
endfacet
facet normal -0.941478 -0.0226643 0.336312
  outer loop
    vertex -22.62594985106677 73.81112233768779 10.63326823403846
    vertex -23.9273933929049 77.58491889358 7.244297441517084
    vertex -24.30902970966336 72.55614023288867 5.837043307591969
  endloop
endfacet
facet normal -0.935667 0.0228152 0.352147
  outer loop
    vertex -24.13592255779621 26.10914642536354 6.51592221286168
    vertex -22.94193555839416 22.33117771189004 9.933156237293844
    vertex -22.31746063089977 27.36357581598878 11.26636369856037
  endloop
endfacet
facet normal -0.99769 -0.0227275 -0.0640133
  outer loop
    vertex -24.9871513669983 71.30134434743134 0.8014153496875666
    vertex -24.84068555412074 75.0656831674235 -2.817861103975337
    vertex -24.63351307634572 70.04713132737722 -4.26497755181718
  endloop
endfacet
facet normal -0.829713 0.0227319 0.557727
  outer loop
    vertex -21.99257168338386 13.53617775306888 11.88809449622698
    vertex -20.04183740932937 9.759838381873273 14.94405411051519
    vertex -19.13292524109222 14.78643406610203 16.09133840669496
  endloop
endfacet
facet normal -0.931668 -0.0230178 0.362582
  outer loop
    vertex -23.71144878324618 63.75309771016109 7.922575124256824
    vertex -24.13887899089771 58.72316424222876 6.504961265280294
    vertex -22.31482516202329 59.9777751215934 11.2715827632295
  endloop
endfacet
facet normal -0.970367 0.0226995 0.240569
  outer loop
    vertex -24.73098543278311 16.05877604721793 3.657643985336664
    vertex -23.94241283535657 12.28543875887588 7.194502597216363
    vertex -23.48108461150372 17.30924676628161 8.581297423315606
  endloop
endfacet
facet normal -0.645417 0.0346577 0.763043
  outer loop
    vertex -15.43550706664603 81.35492895486377 19.66583640721951
    vertex -13.75933835875787 85.99280897066697 20.8729635636441
    vertex -18.12149599684852 85.13062210196709 17.22240932146844
  endloop
endfacet
facet normal -0.998391 -0.0225747 0.052013
  outer loop
    vertex -24.72587935679048 48.74040799570455 3.692003525654127
    vertex -24.99989891882181 52.51649827353284 0.07109183280784886
    vertex -24.96181911943892 47.48635109375246 -1.381153955362481
  endloop
endfacet
facet normal -0.911096 0.0225714 -0.411575
  outer loop
    vertex -21.69333269182101 39.94782400184983 -12.42575215920429
    vertex -23.25793624091695 36.17943360629967 -9.168882255402892
    vertex -23.75247677844844 41.20150827677006 -7.798708026927772
  endloop
endfacet
facet normal -0.756333 0.0236739 -0.653758
  outer loop
    vertex -17.24134225777843 47.4673650710862 -18.10348356394823
    vertex -19.67484306647847 43.7154930822041 -15.42402510077846
    vertex -20.57400156276771 48.72229638387655 -14.20248075848835
  endloop
endfacet
facet normal -0.999051 0.0234959 0.0366734
  outer loop
    vertex -24.73098543278311 16.05877604721793 3.657643985336664
    vertex -24.95258786378491 14.74724952751457 -1.538947335061936
    vertex -24.90238346198289 11.03496763067047 2.207101699596398
  endloop
endfacet
facet normal -0.999602 0.022478 -0.0170732
  outer loop
    vertex -24.9871513669983 71.30134434743134 0.8014153496875666
    vertex -24.89882453594499 76.32718102877521 2.246894908139679
    vertex -24.84068555412074 75.0656831674235 -2.817861103975337
  endloop
endfacet
facet normal -0.986565 0.0226513 -0.161791
  outer loop
    vertex -24.96181911943892 47.48635109375246 -1.381153955362481
    vertex -24.16906161750647 46.22435392747011 -6.391905860475072
    vertex -24.83845869454083 42.45759824149562 -2.837423070250352
  endloop
endfacet
facet normal -0.976809 0.0226351 0.212913
  outer loop
    vertex -24.82491665485608 29.88463797016117 2.953559391556103
    vertex -24.13592255779621 26.10914642536354 6.51592221286168
    vertex -23.71526398343816 31.13855698891767 7.911147463917019
  endloop
endfacet
facet normal -0.924588 0.0226569 0.380293
  outer loop
    vertex -22.62594985106677 73.81112233768779 10.63326823403846
    vertex -21.96779775160589 78.83969316447731 11.93381171062034
    vertex -23.9273933929049 77.58491889358 7.244297441517084
  endloop
endfacet
facet normal -0.940415 -0.0242297 0.339165
  outer loop
    vertex -24.32170082194269 7.262744583620659 5.784018423891156
    vertex -22.53552263343411 8.480212487111231 10.82359550417415
    vertex -23.94241283535657 12.28543875887588 7.194502597216363
  endloop
endfacet
facet normal -0.92514 0.0195272 0.379124
  outer loop
    vertex -23.94241283535657 12.28543875887588 7.194502597216363
    vertex -22.53552263343411 8.480212487111231 10.82359550417415
    vertex -21.99257168338386 13.53617775306888 11.88809449622698
  endloop
endfacet
facet normal -0.71937 0.0227044 0.694255
  outer loop
    vertex -16.02465371674551 29.88095436548432 19.18881114760355
    vertex -19.57464830080387 28.63974907278745 15.55098530318373
    vertex -17.12014986889947 24.85238592131503 18.21813570227265
  endloop
endfacet
facet normal -0.953582 0.0234761 0.300219
  outer loop
    vertex -23.46403362780453 82.61337122552285 8.627811189013025
    vertex -22.90288464540523 87.5664734160945 10.02286759960749
    vertex -24.45876258020516 86.37813888810719 5.173870219203002
  endloop
endfacet
facet normal -0.999542 -0.0302576 -3.39724e-15
  outer loop
    vertex -24.86304738420684 0 2.613211581691265
    vertex -25 4.524142824125327 -9.341026746681509e-14
    vertex -24.86304738420682 0 -2.613211581691433
  endloop
endfacet
facet normal -0.999499 0.0316547 4.07652e-15
  outer loop
    vertex -24.86304738420684 100 -2.613211581691246
    vertex -24.99927033736776 95.69875531339632 0.1910041863537229
    vertex -24.86304738420682 100 2.613211581691435
  endloop
endfacet
facet normal -0.624779 -0.0227855 0.780469
  outer loop
    vertex -13.67466620017074 39.97655265079456 20.92853325758659
    vertex -16.57305378555639 43.70615128212199 18.71720834475737
    vertex -17.62888112536134 38.71629366751858 17.72632365347872
  endloop
endfacet
facet normal -0.869479 -0.0228304 0.493441
  outer loop
    vertex -22.94193555839416 22.33117771189004 9.933156237293844
    vertex -20.45514912309798 23.58638028145991 14.37313029064386
    vertex -22.31746063089977 27.36357581598878 11.26636369856037
  endloop
endfacet
facet normal -0.990043 -0.0225627 0.138946
  outer loop
    vertex -24.30902970966336 72.55614023288867 5.837043307591969
    vertex -24.89882453594499 76.32718102877521 2.246894908139679
    vertex -24.9871513669983 71.30134434743134 0.8014153496875666
  endloop
endfacet
facet normal -0.921086 -0.0227157 0.388696
  outer loop
    vertex -23.94241283535657 12.28543875887588 7.194502597216363
    vertex -21.99257168338386 13.53617775306888 11.88809449622698
    vertex -23.48108461150372 17.30924676628161 8.581297423315606
  endloop
endfacet
facet normal -0.999722 -0.0226957 -0.00631432
  outer loop
    vertex -24.89907128312669 43.71374384699267 2.244158915445952
    vertex -24.96181911943892 47.48635109375246 -1.381153955362481
    vertex -24.83845869454083 42.45759824149562 -2.837423070250352
  endloop
endfacet
facet normal -0.997348 0.0226839 0.0691521
  outer loop
    vertex -24.99082009196846 33.65941764774321 -0.6774297977396626
    vertex -24.82491665485608 29.88463797016117 2.953559391556103
    vertex -24.61058307004097 34.91293889847921 4.395361299439776
  endloop
endfacet
facet normal -0.848468 -0.0233761 -0.52873
  outer loop
    vertex -19.67484306647847 43.7154930822041 -15.42402510077846
    vertex -22.38820243558589 44.96632359405437 -11.12512434551749
    vertex -20.57400156276771 48.72229638387655 -14.20248075848835
  endloop
endfacet
facet normal -0.946965 -0.0225371 -0.320544
  outer loop
    vertex -22.68788058367188 31.16606557170544 -10.50047973290004
    vertex -24.33863639327005 32.42603528019934 -5.712335644566985
    vertex -23.25793624091695 36.17943360629967 -9.168882255402892
  endloop
endfacet
facet normal -0.999499 -0.022562 0.0222126
  outer loop
    vertex -24.99082009196846 33.65941764774321 -0.6774297977396626
    vertex -24.90957985242548 28.63596084012227 -2.124342621998265
    vertex -24.82491665485608 29.88463797016117 2.953559391556103
  endloop
endfacet
facet normal -0.996868 0.0227211 -0.0757455
  outer loop
    vertex -24.63116531404763 37.43399654120246 -4.278515545379845
    vertex -24.99082009196846 33.65941764774321 -0.6774297977396626
    vertex -24.98758419805143 38.68605070108529 0.7878045095647743
  endloop
endfacet
facet normal -0.915656 -0.0227751 -0.401318
  outer loop
    vertex -21.69333269182101 39.94782400184983 -12.42575215920429
    vertex -23.75247677844844 41.20150827677006 -7.798708026927772
    vertex -22.38820243558589 44.96632359405437 -11.12512434551749
  endloop
endfacet
facet normal -0.976728 0.0228964 0.213257
  outer loop
    vertex -23.71144878324618 63.75309771016109 7.922575124256824
    vertex -24.82410220339784 62.50653512681101 2.960396898265296
    vertex -24.13887899089771 58.72316424222876 6.504961265280294
  endloop
endfacet
facet normal -0.55472 -0.0225783 0.831731
  outer loop
    vertex -11.8067667746597 31.14902561613476 22.03633949477071
    vertex -14.88032610245395 34.93440144762016 20.08919846794858
    vertex -16.02465371674551 29.88095436548432 19.18881114760355
  endloop
endfacet
facet normal -0.444258 -0.0226155 -0.895613
  outer loop
    vertex -8.649706950355739 44.98202392972527 -23.45596404783785
    vertex -13.20584929512582 46.23055136894727 -21.22747145550842
    vertex -10 50 -22.9128784747792
  endloop
endfacet
facet normal -0.872687 0.0218644 -0.487791
  outer loop
    vertex -22.38820243558589 44.96632359405437 -11.12512434551749
    vertex -22.98700346498503 49.99546117845296 -9.828411453575105
    vertex -20.57400156276771 48.72229638387655 -14.20248075848835
  endloop
endfacet
facet normal -0.828536 0.0226833 0.559476
  outer loop
    vertex -20.00637203741364 75.0664044694123 14.99150018845991
    vertex -19.09794210203635 80.09712894693919 16.13284251045883
    vertex -21.96779775160589 78.83969316447731 11.93381171062034
  endloop
endfacet
facet normal -0.998908 0.0226485 0.0408581
  outer loop
    vertex -24.89907128312669 43.71374384699267 2.244158915445952
    vertex -24.72587935679048 48.74040799570455 3.692003525654127
    vertex -24.96181911943892 47.48635109375246 -1.381153955362481
  endloop
endfacet
facet normal -0.488818 0.0258382 -0.872003
  outer loop
    vertex -13.20584929512582 46.23055136894727 -21.22747145550842
    vertex -14.56173806089507 51.16084703529889 -20.32131355611344
    vertex -10 50 -22.9128784747792
  endloop
endfacet
facet normal -0.967618 -0.0226898 0.251398
  outer loop
    vertex -24.73098543278311 16.05877604721793 3.657643985336664
    vertex -23.48108461150372 17.30924676628161 8.581297423315606
    vertex -24.47518567209016 21.08249660337964 5.095614419941172
  endloop
endfacet
facet normal -0.913179 0.0283163 0.406574
  outer loop
    vertex -23.77641290737881 100 7.725424859373787
    vertex -22.53284416891931 95.53968146420985 10.82917049728181
    vertex -21.65063509461092 100 12.50000000000008
  endloop
endfacet
facet normal -0.658848 0.026553 -0.751807
  outer loop
    vertex -17.24134225777843 47.4673650710862 -18.10348356394823
    vertex -18.4603776973421 52.46517164446765 -16.85866113519915
    vertex -14.56173806089507 51.16084703529889 -20.32131355611344
  endloop
endfacet
facet normal -0.633545 0.0227525 0.773372
  outer loop
    vertex -14.88032610245395 34.93440144762016 20.08919846794858
    vertex -13.67466620017074 39.97655265079456 20.92853325758659
    vertex -17.62888112536134 38.71629366751858 17.72632365347872
  endloop
endfacet
facet normal -0.668821 -0.0304302 0.742801
  outer loop
    vertex -14.69463130731184 0 20.22542485937367
    vertex -16.69089283119151 4.496805057639747 18.61220289212644
    vertex -18.57862063693487 0 16.72826515897144
  endloop
endfacet
facet normal -0.601276 -0.0231849 0.798705
  outer loop
    vertex -12.99022692107094 25.98582385850174 21.36010310225781
    vertex -16.02465371674551 29.88095436548432 19.18881114760355
    vertex -17.12014986889947 24.85238592131503 18.21813570227265
  endloop
endfacet
facet normal -0.797531 0.022546 -0.602856
  outer loop
    vertex -20.57400156276771 48.72229638387655 -14.20248075848835
    vertex -21.41107659207361 53.77753218564854 -12.90603731469724
    vertex -18.4603776973421 52.46517164446765 -16.85866113519915
  endloop
endfacet
facet normal -0.581434 0.0302061 0.813032
  outer loop
    vertex -13.67466620017074 39.97655265079456 20.92853325758659
    vertex -12.00663854749184 45.18032730080832 21.92807859320745
    vertex -16.57305378555639 43.70615128212199 18.71720834475737
  endloop
endfacet
facet normal -0.756528 0.0145642 0.653799
  outer loop
    vertex -20.44447065902892 56.19285544138202 14.38831537992219
    vertex -17.6699631211238 52.30531433779296 17.68537258013313
    vertex -17.08176527312184 57.32685639207524 18.25413090656383
  endloop
endfacet
facet normal -0.431159 0.00999341 0.902221
  outer loop
    vertex -12.87687707069809 58.59200608966117 21.42862657535778
    vertex -8.985291483190387 54.880152886396 23.32947785446786
    vertex -8.453068140332226 59.96026614794841 23.52755063781397
  endloop
endfacet
facet normal -0.991595 0.0227058 0.127373
  outer loop
    vertex -24.61058307004097 34.91293889847921 4.395361299439776
    vertex -24.31156349856084 39.94341313663197 5.82648094954784
    vertex -24.98758419805143 38.68605070108529 0.7878045095647743
  endloop
endfacet
facet normal -0.931659 -0.0226733 0.362625
  outer loop
    vertex -24.13592255779621 26.10914642536354 6.51592221286168
    vertex -22.31746063089977 27.36357581598878 11.26636369856037
    vertex -23.71526398343816 31.13855698891767 7.911147463917019
  endloop
endfacet
facet normal -0.991531 0.0226902 0.12787
  outer loop
    vertex -24.60838482810367 67.53003127812839 4.407651999869899
    vertex -24.30902970966336 72.55614023288867 5.837043307591969
    vertex -24.9871513669983 71.30134434743134 0.8014153496875666
  endloop
endfacet
facet normal -0.945185 0.022692 0.325745
  outer loop
    vertex -23.20834446971675 68.78240963365738 9.293693935942139
    vertex -22.62594985106677 73.81112233768779 10.63326823403846
    vertex -24.30902970966336 72.55614023288867 5.837043307591969
  endloop
endfacet
facet normal -0.99691 0.0226823 -0.0752003
  outer loop
    vertex -24.99133324417447 66.27828260209346 -0.6582269203092862
    vertex -24.9871513669983 71.30134434743134 0.8014153496875666
    vertex -24.63351307634572 70.04713132737722 -4.26497755181718
  endloop
endfacet
facet normal -0.964014 -0.0226612 -0.264884
  outer loop
    vertex -23.25793624091695 36.17943360629967 -9.168882255402892
    vertex -24.63116531404763 37.43399654120246 -4.278515545379845
    vertex -23.75247677844844 41.20150827677006 -7.798708026927772
  endloop
endfacet
facet normal -0.844819 0.0227208 0.534569
  outer loop
    vertex -22.31482516202329 59.9777751215934 11.2715827632295
    vertex -20.44447065902892 56.19285544138202 14.38831537992219
    vertex -19.56827790950758 61.22844404656789 15.5590005995333
  endloop
endfacet
facet normal -0.970011 0.0226803 0.241999
  outer loop
    vertex -23.92972944214476 44.97014794053641 7.236577148469443
    vertex -23.46706224222471 50.00133112102268 8.619570158630365
    vertex -24.72587935679048 48.74040799570455 3.692003525654127
  endloop
endfacet
facet normal -0.668838 0.0295672 0.74282
  outer loop
    vertex -18.5786206369348 100 16.72826515897151
    vertex -16.72279359211275 95.37014937248463 18.58354579932454
    vertex -14.69463130731178 100 20.22542485937372
  endloop
endfacet
facet normal -0.974368 -0.0226445 0.223819
  outer loop
    vertex -24.82491665485608 29.88463797016117 2.953559391556103
    vertex -23.71526398343816 31.13855698891767 7.911147463917019
    vertex -24.61058307004097 34.91293889847921 4.395361299439776
  endloop
endfacet
facet normal -0.808647 -0.0302576 0.587516
  outer loop
    vertex -18.57862063693487 0 16.72826515897144
    vertex -20.2254248593737 4.524142824125327 14.69463130731181
    vertex -21.65063509461098 0 12.49999999999997
  endloop
endfacet
facet normal -0.808643 0.0303993 0.587514
  outer loop
    vertex -21.65063509461092 100 12.50000000000008
    vertex -20.26070852853395 95.49933719249761 14.64594448718796
    vertex -18.5786206369348 100 16.72826515897151
  endloop
endfacet
facet normal -0.996509 -0.0227718 0.0803216
  outer loop
    vertex -24.99082009196846 33.65941764774321 -0.6774297977396626
    vertex -24.61058307004097 34.91293889847921 4.395361299439776
    vertex -24.98758419805143 38.68605070108529 0.7878045095647743
  endloop
endfacet
facet normal -0.61673 -0.025003 -0.786778
  outer loop
    vertex -13.20584929512582 46.23055136894727 -21.22747145550842
    vertex -17.24134225777843 47.4673650710862 -18.10348356394823
    vertex -14.56173806089507 51.16084703529889 -20.32131355611344
  endloop
endfacet
facet normal -0.389597 -0.00960669 -0.920935
  outer loop
    vertex -8.461632535260806 26.10094449727141 -23.52447182910205
    vertex -7.819077525294424 21.25765570317709 -23.7457791334257
    vertex -11.48492605973832 22.29454589620106 -22.20577567666447
  endloop
endfacet
facet normal -0.913356 0.0227386 0.406526
  outer loop
    vertex -23.71144878324618 63.75309771016109 7.922575124256824
    vertex -22.31482516202329 59.9777751215934 11.2715827632295
    vertex -21.61709503387878 65.00659938971442 12.55791393091439
  endloop
endfacet
facet normal -0.823428 -0.0227007 0.566966
  outer loop
    vertex -21.99257168338386 13.53617775306888 11.88809449622698
    vertex -19.13292524109222 14.78643406610203 16.09133840669496
    vertex -21.26107690161675 18.56133485185836 13.15167704072521
  endloop
endfacet
facet normal -0.98033 -0.0226933 0.196055
  outer loop
    vertex -24.89907128312669 43.71374384699267 2.244158915445952
    vertex -23.92972944214476 44.97014794053641 7.236577148469443
    vertex -24.72587935679048 48.74040799570455 3.692003525654127
  endloop
endfacet
facet normal -0.581576 -0.0198561 0.81325
  outer loop
    vertex -16.63276000921355 11.13308615755204 18.66417141144783
    vertex -12.47420265246946 12.25730137260729 21.66550872204768
    vertex -15.75495020079077 16.0047895199573 19.41086149995932
  endloop
endfacet
facet normal -0.764159 -0.0258589 -0.644509
  outer loop
    vertex -17.24134225777843 47.4673650710862 -18.10348356394823
    vertex -20.57400156276771 48.72229638387655 -14.20248075848835
    vertex -18.4603776973421 52.46517164446765 -16.85866113519915
  endloop
endfacet
facet normal -0.853973 -0.0226721 0.519823
  outer loop
    vertex -22.62594985106677 73.81112233768779 10.63326823403846
    vertex -20.00637203741364 75.0664044694123 14.99150018845991
    vertex -21.96779775160589 78.83969316447731 11.93381171062034
  endloop
endfacet
facet normal -0.518048 0.019236 0.855135
  outer loop
    vertex -11.8067667746597 31.14902561613476 22.03633949477071
    vertex -10.71431674218341 36.06006936811797 22.58768285478101
    vertex -14.88032610245395 34.93440144762016 20.08919846794858
  endloop
endfacet
facet normal -0.827452 0.021388 -0.561129
  outer loop
    vertex -22.03335134648208 91.25700391545075 -11.81234220815144
    vertex -19.2849341604853 90.1122533166276 -15.9088439060086
    vertex -21.32520339777094 86.24992579261385 -13.04744036367666
  endloop
endfacet
facet normal -0.990825 0.0227568 -0.133224
  outer loop
    vertex -24.34300202853176 65.02746094536201 -5.693702858325042
    vertex -24.90963938054109 61.25627334027639 -2.123644492705057
    vertex -24.99133324417447 66.27828260209346 -0.6582269203092862
  endloop
endfacet
facet normal -0.998511 -0.0244599 0.0487536
  outer loop
    vertex -24.99996600770804 19.83093934561352 0.04122636829227966
    vertex -24.95258786378491 14.74724952751457 -1.538947335061936
    vertex -24.73098543278311 16.05877604721793 3.657643985336664
  endloop
endfacet
facet normal -0.698121 0.0226908 0.71562
  outer loop
    vertex -16.55657902044889 76.32134605276811 18.73178291406431
    vertex -15.43550706664603 81.35492895486377 19.66583640721951
    vertex -19.09794210203635 80.09712894693919 16.13284251045883
  endloop
endfacet
facet normal -0.845056 0.0227311 0.534194
  outer loop
    vertex -22.31746063089977 27.36357581598878 11.26636369856037
    vertex -20.45514912309798 23.58638028145991 14.37313029064386
    vertex -19.57464830080387 28.63974907278745 15.55098530318373
  endloop
endfacet
facet normal -0.763427 -0.0225431 -0.645501
  outer loop
    vertex -20.54142075242916 81.26713358349591 -14.24956257123959
    vertex -18.28178123679291 84.9939464709868 -17.05216921127769
    vertex -17.2643761985239 80.01376451116778 -18.08151858876465
  endloop
endfacet
facet normal -0.920362 -0.022681 0.39041
  outer loop
    vertex -23.92972944214476 44.97014794053641 7.236577148469443
    vertex -21.96938930625098 46.22577505628706 11.93088150600722
    vertex -23.46706224222471 50.00133112102268 8.619570158630365
  endloop
endfacet
facet normal -0.962591 0.0226817 0.270006
  outer loop
    vertex -24.60838482810367 67.53003127812839 4.407651999869899
    vertex -23.71144878324618 63.75309771016109 7.922575124256824
    vertex -23.20834446971675 68.78240963365738 9.293693935942139
  endloop
endfacet
facet normal -0.959619 -0.0227252 0.280384
  outer loop
    vertex -23.21124525433392 36.16931687975288 9.28644677705962
    vertex -24.31156349856084 39.94341313663197 5.82648094954784
    vertex -24.61058307004097 34.91293889847921 4.395361299439776
  endloop
endfacet
facet normal -0.895872 -0.0234719 0.443693
  outer loop
    vertex -23.46403362780453 82.61337122552285 8.627811189013025
    vertex -21.23714459489011 83.86298038415691 13.1902876941987
    vertex -22.90288464540523 87.5664734160945 10.02286759960749
  endloop
endfacet
facet normal -0.711657 -0.0225387 0.702165
  outer loop
    vertex -18.63931364737014 33.67569259321838 16.66061183615299
    vertex -19.57464830080387 28.63974907278745 15.55098530318373
    vertex -16.02465371674551 29.88095436548432 19.18881114760355
  endloop
endfacet
facet normal -0.878174 -0.0228801 -0.477794
  outer loop
    vertex -20.57400156276771 48.72229638387655 -14.20248075848835
    vertex -22.98700346498503 49.99546117845296 -9.828411453575105
    vertex -21.41107659207361 53.77753218564854 -12.90603731469724
  endloop
endfacet
facet normal -0.901697 0.0226869 0.431773
  outer loop
    vertex -21.99257168338386 13.53617775306888 11.88809449622698
    vertex -21.26107690161675 18.56133485185836 13.15167704072521
    vertex -23.48108461150372 17.30924676628161 8.581297423315606
  endloop
endfacet
facet normal -0.563755 0.0210784 0.825673
  outer loop
    vertex -12.99022692107094 25.98582385850174 21.36010310225781
    vertex -11.8067667746597 31.14902561613476 22.03633949477071
    vertex -16.02465371674551 29.88095436548432 19.18881114760355
  endloop
endfacet
facet normal -0.962708 0.0227523 0.269586
  outer loop
    vertex -23.71526398343816 31.13855698891767 7.911147463917019
    vertex -23.21124525433392 36.16931687975288 9.28644677705962
    vertex -24.61058307004097 34.91293889847921 4.395361299439776
  endloop
endfacet
facet normal -0.718819 0.0218796 0.694853
  outer loop
    vertex -17.08176527312184 57.32685639207524 18.25413090656383
    vertex -16.00822931149699 62.47736639731061 19.2025153120764
    vertex -19.56827790950758 61.22844404656789 15.5590005995333
  endloop
endfacet
facet normal -0.648205 -0.0227559 0.761126
  outer loop
    vertex -14.30311336375845 21.0705357309168 20.50416904201374
    vertex -17.12014986889947 24.85238592131503 18.21813570227265
    vertex -18.15932362393146 19.81473885121606 17.18251918437238
  endloop
endfacet
facet normal -0.999488 -0.022802 0.0224235
  outer loop
    vertex -24.90963938054109 61.25627334027639 -2.123644492705057
    vertex -24.82410220339784 62.50653512681101 2.960396898265296
    vertex -24.99133324417447 66.27828260209346 -0.6582269203092862
  endloop
endfacet
facet normal -0.750987 -0.0227489 0.659925
  outer loop
    vertex -20.44447065902892 56.19285544138202 14.38831537992219
    vertex -17.08176527312184 57.32685639207524 18.25413090656383
    vertex -19.56827790950758 61.22844404656789 15.5590005995333
  endloop
endfacet
facet normal -0.997655 -0.0226383 -0.064591
  outer loop
    vertex -24.63116531404763 37.43399654120246 -4.278515545379845
    vertex -24.98758419805143 38.68605070108529 0.7878045095647743
    vertex -24.83845869454083 42.45759824149562 -2.837423070250352
  endloop
endfacet
facet normal -0.562701 0.0199937 0.826418
  outer loop
    vertex -12.87687707069809 58.59200608966117 21.42862657535778
    vertex -11.78089295104907 63.7459357052546 22.05018279461471
    vertex -16.00822931149699 62.47736639731061 19.2025153120764
  endloop
endfacet
facet normal -0.999589 0.0226752 -0.0175282
  outer loop
    vertex -24.98758419805143 38.68605070108529 0.7878045095647743
    vertex -24.89907128312669 43.71374384699267 2.244158915445952
    vertex -24.83845869454083 42.45759824149562 -2.837423070250352
  endloop
endfacet
facet normal -0.975408 0.0226433 -0.219241
  outer loop
    vertex -24.63116531404763 37.43399654120246 -4.278515545379845
    vertex -24.83845869454083 42.45759824149562 -2.837423070250352
    vertex -23.75247677844844 41.20150827677006 -7.798708026927772
  endloop
endfacet
facet normal -0.454788 -0.0252201 0.890243
  outer loop
    vertex -13.67466620017074 39.97655265079456 20.92853325758659
    vertex -9.18867222018725 41.03146952927845 23.25012479170723
    vertex -12.00663854749184 45.18032730080832 21.92807859320745
  endloop
endfacet
facet normal -0.996461 -0.0226884 0.0809323
  outer loop
    vertex -24.99133324417447 66.27828260209346 -0.6582269203092862
    vertex -24.60838482810367 67.53003127812839 4.407651999869899
    vertex -24.9871513669983 71.30134434743134 0.8014153496875666
  endloop
endfacet
facet normal -0.838792 -0.0227654 0.543976
  outer loop
    vertex -22.31482516202329 59.9777751215934 11.2715827632295
    vertex -19.56827790950758 61.22844404656789 15.5590005995333
    vertex -21.61709503387878 65.00659938971442 12.55791393091439
  endloop
endfacet
facet normal -0.961084 0.0227408 -0.27532
  outer loop
    vertex -24.34300202853176 65.02746094536201 -5.693702858325042
    vertex -24.63351307634572 70.04713132737722 -4.26497755181718
    vertex -23.25967175410902 68.79145265232737 -9.164478702637856
  endloop
endfacet
facet normal -0.908746 -0.0227061 0.416733
  outer loop
    vertex -23.71144878324618 63.75309771016109 7.922575124256824
    vertex -21.61709503387878 65.00659938971442 12.55791393091439
    vertex -23.20834446971675 68.78240963365738 9.293693935942139
  endloop
endfacet
facet normal -0.959511 -0.0226962 0.280755
  outer loop
    vertex -24.60838482810367 67.53003127812839 4.407651999869899
    vertex -23.20834446971675 68.78240963365738 9.293693935942139
    vertex -24.30902970966336 72.55614023288867 5.837043307591969
  endloop
endfacet
facet normal -0.597974 -0.0228887 0.801189
  outer loop
    vertex -17.08176527312184 57.32685639207524 18.25413090656383
    vertex -12.87687707069809 58.59200608966117 21.42862657535778
    vertex -16.00822931149699 62.47736639731061 19.2025153120764
  endloop
endfacet
facet normal -0.609602 0.0248543 0.792318
  outer loop
    vertex -14.30311336375845 21.0705357309168 20.50416904201374
    vertex -12.99022692107094 25.98582385850174 21.36010310225781
    vertex -17.12014986889947 24.85238592131503 18.21813570227265
  endloop
endfacet
facet normal -0.744 -0.0307545 0.667471
  outer loop
    vertex -20.26070852853395 95.49933719249761 14.64594448718796
    vertex -16.72279359211275 95.37014937248463 18.58354579932454
    vertex -18.5786206369348 100 16.72826515897151
  endloop
endfacet
facet normal -0.859169 -0.0215734 0.511237
  outer loop
    vertex -21.65063509461092 100 12.50000000000008
    vertex -22.53284416891931 95.53968146420985 10.82917049728181
    vertex -20.26070852853395 95.49933719249761 14.64594448718796
  endloop
endfacet
facet normal -0.992256 -0.0226664 -0.122125
  outer loop
    vertex -24.34300202853176 65.02746094536201 -5.693702858325042
    vertex -24.99133324417447 66.27828260209346 -0.6582269203092862
    vertex -24.63351307634572 70.04713132737722 -4.26497755181718
  endloop
endfacet
facet normal -0.423753 -0.0191 0.905576
  outer loop
    vertex -12.87687707069809 58.59200608966117 21.42862657535778
    vertex -8.453068140332226 59.96026614794841 23.52755063781397
    vertex -11.78089295104907 63.7459357052546 22.05018279461471
  endloop
endfacet
facet normal -0.82221 -0.022664 0.568732
  outer loop
    vertex -19.09794210203635 80.09712894693919 16.13284251045883
    vertex -21.23714459489011 83.86298038415691 13.1902876941987
    vertex -21.96779775160589 78.83969316447731 11.93381171062034
  endloop
endfacet
facet normal -0.426365 -0.0207128 0.904314
  outer loop
    vertex -12.99022692107094 25.98582385850174 21.36010310225781
    vertex -8.482478358452763 27.36344859924668 23.51696325843072
    vertex -11.8067667746597 31.14902561613476 22.03633949477071
  endloop
endfacet
facet normal -0.499771 0.0302576 0.865629
  outer loop
    vertex -14.69463130731178 100 20.22542485937372
    vertex -12.49999999999997 95.47585717587469 21.65063509461098
    vertex -10.16841607689498 100 22.83863644106503
  endloop
endfacet
facet normal -0.499771 -0.0302576 0.865629
  outer loop
    vertex -10.16841607689502 0 22.83863644106502
    vertex -12.50000000000001 4.524142824125335 21.65063509461096
    vertex -14.69463130731184 0 20.22542485937367
  endloop
endfacet
facet normal -0.997304 0.022724 0.0697749
  outer loop
    vertex -24.99133324417447 66.27828260209346 -0.6582269203092862
    vertex -24.82410220339784 62.50653512681101 2.960396898265296
    vertex -24.60838482810367 67.53003127812839 4.407651999869899
  endloop
endfacet
facet normal -0.586839 0.0297687 0.809156
  outer loop
    vertex -12.50000000000001 4.524142824125335 21.65063509461096
    vertex -16.69089283119151 4.496805057639747 18.61220289212644
    vertex -14.69463130731184 0 20.22542485937367
  endloop
endfacet
facet normal -0.888057 0.0227015 0.459172
  outer loop
    vertex -21.61709503387878 65.00659938971442 12.55791393091439
    vertex -20.84674843890743 70.03838282550093 13.79902458599558
    vertex -23.20834446971675 68.78240963365738 9.293693935942139
  endloop
endfacet
facet normal -0.69697 -0.0206017 0.716804
  outer loop
    vertex -19.13292524109222 14.78643406610203 16.09133840669496
    vertex -15.75495020079077 16.0047895199573 19.41086149995932
    vertex -18.15932362393146 19.81473885121606 17.18251918437238
  endloop
endfacet
facet normal -0.73108 -0.0226931 0.681914
  outer loop
    vertex -20.00637203741364 75.0664044694123 14.99150018845991
    vertex -16.55657902044889 76.32134605276811 18.73178291406431
    vertex -19.09794210203635 80.09712894693919 16.13284251045883
  endloop
endfacet
facet normal -0.990103 -0.022688 0.1385
  outer loop
    vertex -24.98758419805143 38.68605070108529 0.7878045095647743
    vertex -24.31156349856084 39.94341313663197 5.82648094954784
    vertex -24.89907128312669 43.71374384699267 2.244158915445952
  endloop
endfacet
facet normal -0.588908 0.0162382 0.808037
  outer loop
    vertex -16.55657902044889 76.32134605276811 18.73178291406431
    vertex -13.4572711729562 72.42123657384116 21.06897844171668
    vertex -12.58982843575933 77.52971932956061 21.59852355968217
  endloop
endfacet
facet normal -0.970507 -0.0216511 -0.240099
  outer loop
    vertex -24.72537206080587 88.68371470892617 -3.695399363359853
    vertex -23.95945825161392 92.52315921292924 -7.137531806525941
    vertex -23.51059931737213 87.51330378043684 -8.500101160455745
  endloop
endfacet
facet normal -0.874977 0.0227738 0.483628
  outer loop
    vertex -21.26107690161675 18.56133485185836 13.15167704072521
    vertex -20.45514912309798 23.58638028145991 14.37313029064386
    vertex -22.94193555839416 22.33117771189004 9.933156237293844
  endloop
endfacet
facet normal -0.945328 0.0226486 0.325333
  outer loop
    vertex -23.21124525433392 36.16931687975288 9.28644677705962
    vertex -22.63071443493422 41.19954692513528 10.62312403036225
    vertex -24.31156349856084 39.94341313663197 5.82648094954784
  endloop
endfacet
facet normal -0.956055 -0.0226195 -0.292313
  outer loop
    vertex -22.98700346498503 49.99546117845296 -9.828411453575105
    vertex -24.49870468485257 51.25106024793788 -4.981311952124915
    vertex -23.51946090350664 55.01769279205554 -8.475550649274801
  endloop
endfacet
facet normal -0.994291 0.0225819 -0.104289
  outer loop
    vertex -24.99989891882181 52.51649827353284 0.07109183280784886
    vertex -24.49870468485257 51.25106024793788 -4.981311952124915
    vertex -24.96181911943892 47.48635109375246 -1.381153955362481
  endloop
endfacet
facet normal -0.4499 -0.0161664 0.892933
  outer loop
    vertex -13.4572711729562 72.42123657384116 21.06897844171668
    vertex -9.137912826247744 73.79405165775228 23.27012138300737
    vertex -12.58982843575933 77.52971932956061 21.59852355968217
  endloop
endfacet
facet normal -0.977941 -0.0224977 -0.207665
  outer loop
    vertex -24.84068555412074 75.0656831674235 -2.817861103975337
    vertex -24.1605976266857 78.78805488942363 -6.423824586754312
    vertex -23.75628822010113 73.79692480567044 -7.78708995732581
  endloop
endfacet
facet normal -0.509992 -0.0211978 0.859918
  outer loop
    vertex -14.88032610245395 34.93440144762016 20.08919846794858
    vertex -10.71431674218341 36.06006936811797 22.58768285478101
    vertex -13.67466620017074 39.97655265079456 20.92853325758659
  endloop
endfacet
facet normal -0.795718 0.0227282 0.605241
  outer loop
    vertex -19.13292524109222 14.78643406610203 16.09133840669496
    vertex -18.15932362393146 19.81473885121606 17.18251918437238
    vertex -21.26107690161675 18.56133485185836 13.15167704072521
  endloop
endfacet
facet normal -0.882851 -0.0227159 0.469104
  outer loop
    vertex -23.20834446971675 68.78240963365738 9.293693935942139
    vertex -20.84674843890743 70.03838282550093 13.79902458599558
    vertex -22.62594985106677 73.81112233768779 10.63326823403846
  endloop
endfacet
facet normal -0.974283 -0.0227467 0.224175
  outer loop
    vertex -24.60838482810367 67.53003127812839 4.407651999869899
    vertex -24.82410220339784 62.50653512681101 2.960396898265296
    vertex -23.71144878324618 63.75309771016109 7.922575124256824
  endloop
endfacet
facet normal -0.552609 -0.0283228 0.83296
  outer loop
    vertex -11.78089295104907 63.7459357052546 22.05018279461471
    vertex -14.25448331387653 67.53600448739954 20.53800636513719
    vertex -16.00822931149699 62.47736639731061 19.2025153120764
  endloop
endfacet
facet normal -0.581301 -0.0214726 0.813405
  outer loop
    vertex -16.55657902044889 76.32134605276811 18.73178291406431
    vertex -12.58982843575933 77.52971932956061 21.59852355968217
    vertex -15.43550706664603 81.35492895486377 19.66583640721951
  endloop
endfacet
facet normal -0.992153 -0.0227552 -0.122942
  outer loop
    vertex -24.63116531404763 37.43399654120246 -4.278515545379845
    vertex -24.33863639327005 32.42603528019934 -5.712335644566985
    vertex -24.99082009196846 33.65941764774321 -0.6774297977396626
  endloop
endfacet
facet normal -0.65723 0.0257926 0.753248
  outer loop
    vertex -15.75495020079077 16.0047895199573 19.41086149995932
    vertex -14.30311336375845 21.0705357309168 20.50416904201374
    vertex -18.15932362393146 19.81473885121606 17.18251918437238
  endloop
endfacet
facet normal -0.937645 -0.022201 -0.346885
  outer loop
    vertex -22.38820243558589 44.96632359405437 -11.12512434551749
    vertex -24.16906161750647 46.22435392747011 -6.391905860475072
    vertex -22.98700346498503 49.99546117845296 -9.828411453575105
  endloop
endfacet
facet normal -0.799371 -0.0225507 -0.600415
  outer loop
    vertex -21.32520339777094 86.24992579261385 -13.04744036367666
    vertex -19.2849341604853 90.1122533166276 -15.9088439060086
    vertex -18.28178123679291 84.9939464709868 -17.05216921127769
  endloop
endfacet
facet normal -0.9004 0.0215899 -0.434527
  outer loop
    vertex -21.41107659207361 53.77753218564854 -12.90603731469724
    vertex -22.98700346498503 49.99546117845296 -9.828411453575105
    vertex -23.51946090350664 55.01769279205554 -8.475550649274801
  endloop
endfacet
facet normal -0.857991 0.0199755 -0.513277
  outer loop
    vertex -22.16829850981011 58.81668870856122 -11.55709916804174
    vertex -22.69890161016986 63.7890384544498 -10.47663427307778
    vertex -20.1122414959139 62.53801435580434 -14.84916637424602
  endloop
endfacet
facet normal -0.774251 0.0263744 0.632328
  outer loop
    vertex -18.63007669799497 66.25696800865776 16.67094005228334
    vertex -17.46214712835041 71.30156120702068 17.89059578850977
    vertex -20.84674843890743 70.03838282550093 13.79902458599558
  endloop
endfacet
facet normal -0.982468 0.0227215 0.185041
  outer loop
    vertex -24.89907128312669 43.71374384699267 2.244158915445952
    vertex -24.31156349856084 39.94341313663197 5.82648094954784
    vertex -23.92972944214476 44.97014794053641 7.236577148469443
  endloop
endfacet
facet normal -0.464001 0.0244015 0.885498
  outer loop
    vertex -13.67466620017074 39.97655265079456 20.92853325758659
    vertex -10.71431674218341 36.06006936811797 22.58768285478101
    vertex -9.18867222018725 41.03146952927845 23.25012479170723
  endloop
endfacet
facet normal -0.900865 0.0225994 0.433511
  outer loop
    vertex -21.96779775160589 78.83969316447731 11.93381171062034
    vertex -21.23714459489011 83.86298038415691 13.1902876941987
    vertex -23.46403362780453 82.61337122552285 8.627811189013025
  endloop
endfacet
facet normal -0.742009 0.0309297 0.669676
  outer loop
    vertex -18.57862063693487 0 16.72826515897144
    vertex -16.69089283119151 4.496805057639747 18.61220289212644
    vertex -20.2254248593737 4.524142824125327 14.69463130731181
  endloop
endfacet
facet normal -0.951323 -0.0226399 0.307364
  outer loop
    vertex -24.47518567209016 21.08249660337964 5.095614419941172
    vertex -22.94193555839416 22.33117771189004 9.933156237293844
    vertex -24.13592255779621 26.10914642536354 6.51592221286168
  endloop
endfacet
facet normal -0.859741 0.0226879 0.510225
  outer loop
    vertex -22.62594985106677 73.81112233768779 10.63326823403846
    vertex -20.84674843890743 70.03838282550093 13.79902458599558
    vertex -20.00637203741364 75.0664044694123 14.99150018845991
  endloop
endfacet
facet normal -0.885615 0.0224006 -0.46388
  outer loop
    vertex -22.69890161016986 63.7890384544498 -10.47663427307778
    vertex -23.25967175410902 68.79145265232737 -9.164478702637856
    vertex -20.92989725661641 67.544326157802 -13.67257842645201
  endloop
endfacet
facet normal -0.515876 0.0226866 -0.856363
  outer loop
    vertex -10.79746547813791 68.96920488244481 -22.54805400136384
    vertex -13.89529193081347 65.16445037903772 -20.78270584301934
    vertex -15.08847306858867 70.09390531752867 -19.93333841729665
  endloop
endfacet
facet normal -0.805638 -0.0226728 0.591974
  outer loop
    vertex -21.61709503387878 65.00659938971442 12.55791393091439
    vertex -18.63007669799497 66.25696800865776 16.67094005228334
    vertex -20.84674843890743 70.03838282550093 13.79902458599558
  endloop
endfacet
facet normal -0.586916 -0.0298241 0.809098
  outer loop
    vertex -14.69463130731178 100 20.22542485937372
    vertex -16.72279359211275 95.37014937248463 18.58354579932454
    vertex -12.49999999999997 95.47585717587469 21.65063509461098
  endloop
endfacet
facet normal -0.94162 -0.0227031 0.33591
  outer loop
    vertex -24.31156349856084 39.94341313663197 5.82648094954784
    vertex -22.63071443493422 41.19954692513528 10.62312403036225
    vertex -23.92972944214476 44.97014794053641 7.236577148469443
  endloop
endfacet
facet normal -0.758934 0.0227717 0.65077
  outer loop
    vertex -17.12014986889947 24.85238592131503 18.21813570227265
    vertex -20.45514912309798 23.58638028145991 14.37313029064386
    vertex -18.15932362393146 19.81473885121606 17.18251918437238
  endloop
endfacet
facet normal -0.896816 -0.0226538 0.441824
  outer loop
    vertex -21.26107690161675 18.56133485185836 13.15167704072521
    vertex -22.94193555839416 22.33117771189004 9.933156237293844
    vertex -23.48108461150372 17.30924676628161 8.581297423315606
  endloop
endfacet
facet normal -0.977806 -0.022765 -0.20827
  outer loop
    vertex -24.83845869454083 42.45759824149562 -2.837423070250352
    vertex -24.16906161750647 46.22435392747011 -6.391905860475072
    vertex -23.75247677844844 41.20150827677006 -7.798708026927772
  endloop
endfacet
facet normal -0.61805 -0.0201973 0.78588
  outer loop
    vertex -16.55657902044889 76.32134605276811 18.73178291406431
    vertex -17.46214712835041 71.30156120702068 17.89059578850977
    vertex -13.4572711729562 72.42123657384116 21.06897844171668
  endloop
endfacet
facet normal -0.792593 0.0223332 -0.609341
  outer loop
    vertex -20.54142075242916 81.26713358349591 -14.24956257123959
    vertex -21.32520339777094 86.24992579261385 -13.04744036367666
    vertex -18.28178123679291 84.9939464709868 -17.05216921127769
  endloop
endfacet
facet normal -0.711169 -0.0226885 0.702655
  outer loop
    vertex -16.00822931149699 62.47736639731061 19.2025153120764
    vertex -18.63007669799497 66.25696800865776 16.67094005228334
    vertex -19.56827790950758 61.22844404656789 15.5590005995333
  endloop
endfacet
facet normal -0.738296 0.0202142 0.674174
  outer loop
    vertex -20.00637203741364 75.0664044694123 14.99150018845991
    vertex -17.46214712835041 71.30156120702068 17.89059578850977
    vertex -16.55657902044889 76.32134605276811 18.73178291406431
  endloop
endfacet
facet normal -0.968038 0.0211716 -0.249906
  outer loop
    vertex -24.49086964421438 83.77421292160156 -5.019691630976788
    vertex -24.72537206080587 88.68371470892617 -3.695399363359853
    vertex -23.51059931737213 87.51330378043684 -8.500101160455745
  endloop
endfacet
facet normal -0.924684 0.02278 0.380054
  outer loop
    vertex -23.92972944214476 44.97014794053641 7.236577148469443
    vertex -22.63071443493422 41.19954692513528 10.62312403036225
    vertex -21.96938930625098 46.22577505628706 11.93088150600722
  endloop
endfacet
facet normal -0.766657 -0.0240294 0.641607
  outer loop
    vertex -20.84674843890743 70.03838282550093 13.79902458599558
    vertex -17.46214712835041 71.30156120702068 17.89059578850977
    vertex -20.00637203741364 75.0664044694123 14.99150018845991
  endloop
endfacet
facet normal -0.90516 -0.022386 -0.424482
  outer loop
    vertex -21.41107659207361 53.77753218564854 -12.90603731469724
    vertex -23.51946090350664 55.01769279205554 -8.475550649274801
    vertex -22.16829850981011 58.81668870856122 -11.55709916804174
  endloop
endfacet
facet normal -0.947214 -0.0222906 -0.319827
  outer loop
    vertex -22.69890161016986 63.7890384544498 -10.47663427307778
    vertex -24.34300202853176 65.02746094536201 -5.693702858325042
    vertex -23.25967175410902 68.79145265232737 -9.164478702637856
  endloop
endfacet
facet normal -0.96412 -0.022876 -0.264481
  outer loop
    vertex -24.63351307634572 70.04713132737722 -4.26497755181718
    vertex -23.75628822010113 73.79692480567044 -7.78708995732581
    vertex -23.25967175410902 68.79145265232737 -9.164478702637856
  endloop
endfacet
facet normal -0.788882 -0.0227544 0.614124
  outer loop
    vertex -18.15932362393146 19.81473885121606 17.18251918437238
    vertex -20.45514912309798 23.58638028145991 14.37313029064386
    vertex -21.26107690161675 18.56133485185836 13.15167704072521
  endloop
endfacet
facet normal -0.999729 -0.0225185 -0.00586726
  outer loop
    vertex -24.89882453594499 76.32718102877521 2.246894908139679
    vertex -24.96163594424994 80.06191564848783 -1.384460539968322
    vertex -24.84068555412074 75.0656831674235 -2.817861103975337
  endloop
endfacet
facet normal -0.911348 0.0226819 -0.411012
  outer loop
    vertex -23.25967175410902 68.79145265232737 -9.164478702637856
    vertex -23.75628822010113 73.79692480567044 -7.78708995732581
    vertex -21.70276855852165 72.54920407965243 -12.40926415607486
  endloop
endfacet
facet normal -0.954688 0.0226118 0.29675
  outer loop
    vertex -23.48108461150372 17.30924676628161 8.581297423315606
    vertex -22.94193555839416 22.33117771189004 9.933156237293844
    vertex -24.47518567209016 21.08249660337964 5.095614419941172
  endloop
endfacet
facet normal -0.933707 0.0226391 -0.357322
  outer loop
    vertex -23.75247677844844 41.20150827677006 -7.798708026927772
    vertex -24.16906161750647 46.22435392747011 -6.391905860475072
    vertex -22.38820243558589 44.96632359405437 -11.12512434551749
  endloop
endfacet
facet normal -0.697477 0.0232901 -0.716228
  outer loop
    vertex -18.28178123679291 84.9939464709868 -17.05216921127769
    vertex -19.2849341604853 90.1122533166276 -15.9088439060086
    vertex -15.64376120280345 88.70089214877908 -19.50058295102127
  endloop
endfacet
facet normal -0.995218 -0.0218578 -0.0951983
  outer loop
    vertex -24.49086964421438 83.77421292160156 -5.019691630976788
    vertex -24.99999529553827 85.02617424792766 0.0153369835505581
    vertex -24.72537206080587 88.68371470892617 -3.695399363359853
  endloop
endfacet
facet normal -0.983907 -0.020226 -0.177531
  outer loop
    vertex -24.34300202853176 65.02746094536201 -5.693702858325042
    vertex -24.01300441212281 60.04762921091504 -6.955258377901615
    vertex -24.90963938054109 61.25627334027639 -2.123644492705057
  endloop
endfacet
facet normal -0.981994 0.0217017 -0.187664
  outer loop
    vertex -24.01300441212281 60.04762921091504 -6.955258377901615
    vertex -24.74400461388854 56.25684744278094 -3.568506083484057
    vertex -24.90963938054109 61.25627334027639 -2.123644492705057
  endloop
endfacet
facet normal -0.913618 0.0225142 0.40595
  outer loop
    vertex -22.31746063089977 27.36357581598878 11.26636369856037
    vertex -21.62757860763203 32.39672594944118 12.53985022122263
    vertex -23.71526398343816 31.13855698891767 7.911147463917019
  endloop
endfacet
facet normal -0.898642 0.0224361 -0.43811
  outer loop
    vertex -22.98156056829149 82.51680263959713 -9.841131736032684
    vertex -23.51059931737213 87.51330378043684 -8.500101160455745
    vertex -21.32520339777094 86.24992579261385 -13.04744036367666
  endloop
endfacet
facet normal -0.739068 0.0226892 0.673249
  outer loop
    vertex -16.57305378555639 43.70615128212199 18.71720834475737
    vertex -20.01083522094824 42.45390360188634 14.98554215769512
    vertex -17.62888112536134 38.71629366751858 17.72632365347872
  endloop
endfacet
facet normal -0.955748 -0.0224687 -0.293329
  outer loop
    vertex -22.98156056829149 82.51680263959713 -9.841131736032684
    vertex -24.49086964421438 83.77421292160156 -5.019691630976788
    vertex -23.51059931737213 87.51330378043684 -8.500101160455745
  endloop
endfacet
facet normal -0.777359 0.0229177 0.62864
  outer loop
    vertex -17.62888112536134 38.71629366751858 17.72632365347872
    vertex -20.86458672914594 37.42993915493193 13.7720376350759
    vertex -18.63931364737014 33.67569259321838 16.66061183615299
  endloop
endfacet
facet normal -0.812187 0.0226269 0.582959
  outer loop
    vertex -19.56827790950758 61.22844404656789 15.5590005995333
    vertex -18.63007669799497 66.25696800865776 16.67094005228334
    vertex -21.61709503387878 65.00659938971442 12.55791393091439
  endloop
endfacet
facet normal -0.960975 0.0228001 -0.275694
  outer loop
    vertex -23.25793624091695 36.17943360629967 -9.168882255402892
    vertex -24.33863639327005 32.42603528019934 -5.712335644566985
    vertex -24.63116531404763 37.43399654120246 -4.278515545379845
  endloop
endfacet
facet normal -0.219043 0.0163578 -0.975578
  outer loop
    vertex -7.523932021803819 72.57517266164234 -23.84094056305823
    vertex -3.404712819357884 72.50000000000004 -24.76707351742834
    vertex -6.154954294081941 67.6742212475165 -24.23048777135455
  endloop
endfacet
facet normal -0.756166 0.0224172 -0.653996
  outer loop
    vertex -19.6901944040836 76.28852699372025 -15.40442288206199
    vertex -20.54142075242916 81.26713358349591 -14.24956257123959
    vertex -17.2643761985239 80.01376451116778 -18.08151858876465
  endloop
endfacet
facet normal -0.877369 -0.022376 -0.479295
  outer loop
    vertex -20.54142075242916 81.26713358349591 -14.24956257123959
    vertex -22.98156056829149 82.51680263959713 -9.841131736032684
    vertex -21.32520339777094 86.24992579261385 -13.04744036367666
  endloop
endfacet
facet normal -0.812662 0.0226333 0.582296
  outer loop
    vertex -18.63931364737014 33.67569259321838 16.66061183615299
    vertex -21.62757860763203 32.39672594944118 12.53985022122263
    vertex -19.57464830080387 28.63974907278745 15.55098530318373
  endloop
endfacet
facet normal -0.909008 -0.0226978 0.41616
  outer loop
    vertex -23.71526398343816 31.13855698891767 7.911147463917019
    vertex -21.62757860763203 32.39672594944118 12.53985022122263
    vertex -23.21124525433392 36.16931687975288 9.28644677705962
  endloop
endfacet
facet normal -0.603217 0.0208558 -0.797304
  outer loop
    vertex -12.91797367682205 13.50664358291827 -21.40387712740224
    vertex -16.46253025289197 9.97714443387386 -18.81449169317674
    vertex -17.2732819231285 14.87390638951632 -18.07301113827251
  endloop
endfacet
facet normal -0.93332 0.0222762 -0.358355
  outer loop
    vertex -23.75628822010113 73.79692480567044 -7.78708995732581
    vertex -24.1605976266857 78.78805488942363 -6.423824586754312
    vertex -22.37622715355316 77.5323821340385 -11.14919092905806
  endloop
endfacet
facet normal -0.667554 0.0350822 0.743735
  outer loop
    vertex -16.00822931149699 62.47736639731061 19.2025153120764
    vertex -14.25448331387653 67.53600448739954 20.53800636513719
    vertex -18.63007669799497 66.25696800865776 16.67094005228334
  endloop
endfacet
facet normal -0.91587 -0.022416 -0.400848
  outer loop
    vertex -21.70276855852165 72.54920407965243 -12.40926415607486
    vertex -23.75628822010113 73.79692480567044 -7.78708995732581
    vertex -22.37622715355316 77.5323821340385 -11.14919092905806
  endloop
endfacet
facet normal -0.656982 -0.0300256 0.753308
  outer loop
    vertex -18.63007669799497 66.25696800865776 16.67094005228334
    vertex -14.25448331387653 67.53600448739954 20.53800636513719
    vertex -17.46214712835041 71.30156120702068 17.89059578850977
  endloop
endfacet
facet normal -0.805986 -0.0226257 0.591502
  outer loop
    vertex -18.63931364737014 33.67569259321838 16.66061183615299
    vertex -20.86458672914594 37.42993915493193 13.7720376350759
    vertex -21.62757860763203 32.39672594944118 12.53985022122263
  endloop
endfacet
facet normal -0.995402 -0.0224997 -0.0931077
  outer loop
    vertex -24.99989891882181 52.51649827353284 0.07109183280784886
    vertex -24.74400461388854 56.25684744278094 -3.568506083484057
    vertex -24.49870468485257 51.25106024793788 -4.981311952124915
  endloop
endfacet
facet normal -0.925791 0.0232054 -0.377322
  outer loop
    vertex -23.51946090350664 55.01769279205554 -8.475550649274801
    vertex -24.01300441212281 60.04762921091504 -6.955258377901615
    vertex -22.16829850981011 58.81668870856122 -11.55709916804174
  endloop
endfacet
facet normal -0.838929 -0.0225952 0.543772
  outer loop
    vertex -19.57464830080387 28.63974907278745 15.55098530318373
    vertex -21.62757860763203 32.39672594944118 12.53985022122263
    vertex -22.31746063089977 27.36357581598878 11.26636369856037
  endloop
endfacet
facet normal -0.888423 0.0224369 0.458477
  outer loop
    vertex -21.62757860763203 32.39672594944118 12.53985022122263
    vertex -20.86458672914594 37.42993915493193 13.7720376350759
    vertex -23.21124525433392 36.16931687975288 9.28644677705962
  endloop
endfacet
facet normal -0.676182 0.02269 -0.736385
  outer loop
    vertex -15.08847306858867 70.09390531752867 -19.93333841729665
    vertex -17.74760317069497 66.33405880396622 -17.60745812704201
    vertex -18.75943777888138 71.30308361889362 -16.52523809874696
  endloop
endfacet
facet normal -0.871985 0.0224344 -0.489018
  outer loop
    vertex -20.54142075242916 81.26713358349591 -14.24956257123959
    vertex -22.37622715355316 77.5323821340385 -11.14919092905806
    vertex -22.98156056829149 82.51680263959713 -9.841131736032684
  endloop
endfacet
facet normal -0.454953 -0.0220637 -0.890242
  outer loop
    vertex -10.5495514983125 82.51529886467694 -22.66510452621943
    vertex -9.061905218841643 77.4502722570474 -23.29982561747471
    vertex -13.30732328277006 78.81302685836701 -21.16400593101046
  endloop
endfacet
facet normal -0.971368 -0.0238675 -0.236376
  outer loop
    vertex -23.51946090350664 55.01769279205554 -8.475550649274801
    vertex -24.74400461388854 56.25684744278094 -3.568506083484057
    vertex -24.01300441212281 60.04762921091504 -6.955258377901615
  endloop
endfacet
facet normal -0.770008 -0.0231595 0.637614
  outer loop
    vertex -17.62888112536134 38.71629366751858 17.72632365347872
    vertex -20.01083522094824 42.45390360188634 14.98554215769512
    vertex -20.86458672914594 37.42993915493193 13.7720376350759
  endloop
endfacet
facet normal -0.88323 -0.022535 0.468399
  outer loop
    vertex -23.21124525433392 36.16931687975288 9.28644677705962
    vertex -20.86458672914594 37.42993915493193 13.7720376350759
    vertex -22.63071443493422 41.19954692513528 10.62312403036225
  endloop
endfacet
facet normal -0.985824 -0.0228159 0.166223
  outer loop
    vertex -24.82410220339784 62.50653512681101 2.960396898265296
    vertex -24.95498427629196 57.5190521123128 1.499586533022129
    vertex -24.13887899089771 58.72316424222876 6.504961265280294
  endloop
endfacet
facet normal -0.624475 0.0170359 0.780859
  outer loop
    vertex -17.46214712835041 71.30156120702068 17.89059578850977
    vertex -14.25448331387653 67.53600448739954 20.53800636513719
    vertex -13.4572711729562 72.42123657384116 21.06897844171668
  endloop
endfacet
facet normal -0.0800122 0 -0.996794
  outer loop
    vertex 3.06151588455594e-15 20.00000000000005 -25
    vertex -3.987785066788485 22.6359841341202 -24.67990215258356
    vertex 3.06151588455594e-15 25.00000000000003 -25
  endloop
endfacet
facet normal -0.103907 0 -0.994587
  outer loop
    vertex 3.06151588455594e-15 75.00000000000006 -25
    vertex -5.167244703550232 77.47706795604446 -24.46016316735504
    vertex 3.06151588455594e-15 80.00000000000006 -25
  endloop
endfacet
facet normal -0.756038 0.0223948 -0.654144
  outer loop
    vertex -17.2732819231285 14.87390638951632 -18.07301113827251
    vertex -19.71130764665883 11.30518158271701 -15.37739740199131
    vertex -20.52848966720097 16.11718677556497 -14.26818530800687
  endloop
endfacet
facet normal -0.943794 0.0210238 -0.329866
  outer loop
    vertex -22.69890161016986 63.7890384544498 -10.47663427307778
    vertex -24.01300441212281 60.04762921091504 -6.955258377901615
    vertex -24.34300202853176 65.02746094536201 -5.693702858325042
  endloop
endfacet
facet normal -0.848346 -0.0223452 -0.52897
  outer loop
    vertex -19.6901944040836 76.28852699372025 -15.40442288206199
    vertex -22.37622715355316 77.5323821340385 -11.14919092905806
    vertex -20.54142075242916 81.26713358349591 -14.24956257123959
  endloop
endfacet
facet normal -0.967247 -0.0224507 0.252842
  outer loop
    vertex -23.46706224222471 50.00133112102268 8.619570158630365
    vertex -24.47597784411575 53.73859326856755 5.091807986791596
    vertex -24.72587935679048 48.74040799570455 3.692003525654127
  endloop
endfacet
facet normal -0.998635 0.0224325 -0.047159
  outer loop
    vertex -24.99989891882181 52.51649827353284 0.07109183280784886
    vertex -24.95498427629196 57.5190521123128 1.499586533022129
    vertex -24.74400461388854 56.25684744278094 -3.568506083484057
  endloop
endfacet
facet normal -0.929804 -0.0193542 -0.367547
  outer loop
    vertex -22.16829850981011 58.81668870856122 -11.55709916804174
    vertex -24.01300441212281 60.04762921091504 -6.955258377901615
    vertex -22.69890161016986 63.7890384544498 -10.47663427307778
  endloop
endfacet
facet normal -0.937248 -0.0225155 -0.347936
  outer loop
    vertex -22.37622715355316 77.5323821340385 -11.14919092905806
    vertex -24.1605976266857 78.78805488942363 -6.423824586754312
    vertex -22.98156056829149 82.51680263959713 -9.841131736032684
  endloop
endfacet
facet normal -0.729973 -0.0174006 -0.683255
  outer loop
    vertex -16.46253025289197 9.97714443387386 -18.81449169317674
    vertex -19.71130764665883 11.30518158271701 -15.37739740199131
    vertex -17.2732819231285 14.87390638951632 -18.07301113827251
  endloop
endfacet
facet normal -0.869166 -0.0227185 0.493998
  outer loop
    vertex -22.31482516202329 59.9777751215934 11.2715827632295
    vertex -22.93090428490396 54.99774823222113 9.958595718100687
    vertex -20.44447065902892 56.19285544138202 14.38831537992219
  endloop
endfacet
facet normal -0.987566 0.0226851 0.155561
  outer loop
    vertex -24.95498427629196 57.5190521123128 1.499586533022129
    vertex -24.47597784411575 53.73859326856755 5.091807986791596
    vertex -24.13887899089771 58.72316424222876 6.504961265280294
  endloop
endfacet
facet normal -0.842462 0.0222604 -0.538295
  outer loop
    vertex -21.70276855852165 72.54920407965243 -12.40926415607486
    vertex -22.37622715355316 77.5323821340385 -11.14919092905806
    vertex -19.6901944040836 76.28852699372025 -15.40442288206199
  endloop
endfacet
facet normal -0.104354 0 -0.99454
  outer loop
    vertex 3.06151588455594e-15 15.00000000000005 -25
    vertex -5.189219761485155 17.47558229346969 -24.4555105910102
    vertex 3.06151588455594e-15 20.00000000000005 -25
  endloop
endfacet
facet normal -0.954559 0.0227973 0.297148
  outer loop
    vertex -23.46706224222471 50.00133112102268 8.619570158630365
    vertex -22.93090428490396 54.99774823222113 9.958595718100687
    vertex -24.47597784411575 53.73859326856755 5.091807986791596
  endloop
endfacet
facet normal -0.986437 0.0227558 -0.162553
  outer loop
    vertex -24.84068555412074 75.0656831674235 -2.817861103975337
    vertex -24.96163594424994 80.06191564848783 -1.384460539968322
    vertex -24.1605976266857 78.78805488942363 -6.423824586754312
  endloop
endfacet
facet normal -0.968663 0.0223492 -0.247372
  outer loop
    vertex -24.49870468485257 51.25106024793788 -4.981311952124915
    vertex -24.74400461388854 56.25684744278094 -3.568506083484057
    vertex -23.51946090350664 55.01769279205554 -8.475550649274801
  endloop
endfacet
facet normal -0.639943 -0.0225534 -0.768091
  outer loop
    vertex -13.89529193081347 65.16445037903772 -20.78270584301934
    vertex -17.74760317069497 66.33405880396622 -17.60745812704201
    vertex -15.08847306858867 70.09390531752867 -19.93333841729665
  endloop
endfacet
facet normal -0.859959 0.0229885 0.509844
  outer loop
    vertex -20.86458672914594 37.42993915493193 13.7720376350759
    vertex -20.01083522094824 42.45390360188634 14.98554215769512
    vertex -22.63071443493422 41.19954692513528 10.62312403036225
  endloop
endfacet
facet normal -0.0755608 0 -0.997141
  outer loop
    vertex 3.06151588455594e-15 80.00000000000006 -25
    vertex -3.767240111659147 82.64270086026815 -24.71452815534026
    vertex 3.06151588455594e-15 85.00000000000003 -25
  endloop
endfacet
facet normal -0.773536 -0.014721 0.633581
  outer loop
    vertex -20.44447065902892 56.19285544138202 14.38831537992219
    vertex -20.90217451691965 51.26123182397802 13.7149225467822
    vertex -17.6699631211238 52.30531433779296 17.68537258013313
  endloop
endfacet
facet normal -0.994079 0.0301982 -0.104378
  outer loop
    vertex -25 4.524142824125327 -9.341026746681509e-14
    vertex -24.45738642480639 4.480498647498926 -5.180371537611587
    vertex -24.86304738420682 0 -2.613211581691433
  endloop
endfacet
facet normal -0.873609 0.0146627 0.486407
  outer loop
    vertex -22.93090428490396 54.99774823222113 9.958595718100687
    vertex -20.90217451691965 51.26123182397802 13.7149225467822
    vertex -20.44447065902892 56.19285544138202 14.38831537992219
  endloop
endfacet
facet normal -0.0909123 0.000402905 0.995859
  outer loop
    vertex -4.538240093300052 44.73826223891872 24.58463700882248
    vertex -4.515441182102748 39.50728717084976 24.58883468021554
    vertex -3.06151588455594e-15 42.10526315789471 25
  endloop
endfacet
facet normal -0.0882797 0.00410288 0.996087
  outer loop
    vertex -3.06151588455594e-15 36.84210526315786 25
    vertex -4.515441182102748 39.50728717084976 24.58883468021554
    vertex -4.271981334202001 34.19342146083566 24.63229943550195
  endloop
endfacet
facet normal -0.854154 -0.022787 0.51952
  outer loop
    vertex -22.63071443493422 41.19954692513528 10.62312403036225
    vertex -20.01083522094824 42.45390360188634 14.98554215769512
    vertex -21.96938930625098 46.22577505628706 11.93088150600722
  endloop
endfacet
facet normal -0.0866025 0 -0.996243
  outer loop
    vertex 3.06151588455594e-15 30.00000000000001 -25
    vertex -4.313858481684703 32.50000000000001 -24.62499999999994
    vertex 3.06151588455594e-15 35.00000000000001 -25
  endloop
endfacet
facet normal -0.0866025 0 -0.996243
  outer loop
    vertex 3.06151588455594e-15 10.00000000000004 -25
    vertex -4.313858481684363 12.50000000000004 -24.625
    vertex 3.06151588455594e-15 15.00000000000005 -25
  endloop
endfacet
facet normal -0.0843393 0 -0.996437
  outer loop
    vertex 3.06151588455594e-15 85.00000000000003 -25
    vertex -4.201939031333548 87.52499487929626 -24.64434434869298
    vertex 3.06151588455594e-15 90.00000000000001 -25
  endloop
endfacet
facet normal -0.952401 0.0225278 -0.304016
  outer loop
    vertex -22.98156056829149 82.51680263959713 -9.841131736032684
    vertex -24.1605976266857 78.78805488942363 -6.423824586754312
    vertex -24.49086964421438 83.77421292160156 -5.019691630976788
  endloop
endfacet
facet normal -0.778904 0.0289171 0.626476
  outer loop
    vertex -20.90217451691965 51.26123182397802 13.7149225467822
    vertex -19.12846465718977 47.43862311048785 16.09664063892345
    vertex -17.6699631211238 52.30531433779296 17.68537258013313
  endloop
endfacet
facet normal -0.977691 -0.0305507 -0.207815
  outer loop
    vertex -24.86304738420682 0 -2.613211581691433
    vertex -24.45738642480639 4.480498647498926 -5.180371537611587
    vertex -23.77641290737881 0 -7.72542485937378
  endloop
endfacet
facet normal -0.999096 -0.0227157 -0.0359341
  outer loop
    vertex -24.74400461388854 56.25684744278094 -3.568506083484057
    vertex -24.95498427629196 57.5190521123128 1.499586533022129
    vertex -24.90963938054109 61.25627334027639 -2.123644492705057
  endloop
endfacet
facet normal -0.40059 -0.0247126 -0.915924
  outer loop
    vertex -12.13478786158403 73.80167547003322 -21.85742261920085
    vertex -9.061905218841643 77.4502722570474 -23.29982561747471
    vertex -7.523932021803819 72.57517266164234 -23.84094056305823
  endloop
endfacet
facet normal -0.999674 0.0229612 0.0111726
  outer loop
    vertex -24.90963938054109 61.25627334027639 -2.123644492705057
    vertex -24.95498427629196 57.5190521123128 1.499586533022129
    vertex -24.82410220339784 62.50653512681101 2.960396898265296
  endloop
endfacet
facet normal -0.99378 -0.0222357 0.109115
  outer loop
    vertex -24.99989891882181 52.51649827353284 0.07109183280784886
    vertex -24.47597784411575 53.73859326856755 5.091807986791596
    vertex -24.95498427629196 57.5190521123128 1.499586533022129
  endloop
endfacet
facet normal -0.994898 0.0221794 0.0984207
  outer loop
    vertex -24.72587935679048 48.74040799570455 3.692003525654127
    vertex -24.47597784411575 53.73859326856755 5.091807986791596
    vertex -24.99989891882181 52.51649827353284 0.07109183280784886
  endloop
endfacet
facet normal -0.988222 -0.0228483 -0.151308
  outer loop
    vertex -24.1605976266857 78.78805488942363 -6.423824586754312
    vertex -24.96163594424994 80.06191564848783 -1.384460539968322
    vertex -24.49086964421438 83.77421292160156 -5.019691630976788
  endloop
endfacet
facet normal -0.254489 0.0078238 0.967044
  outer loop
    vertex -4.539049752944884 23.68421052631575 24.58448753462823
    vertex -4.058463662609406 28.94736842105259 24.66837799084648
    vertex -8.482478358452763 27.36344859924668 23.51696325843072
  endloop
endfacet
facet normal -0.0944647 -1.29096e-15 -0.995528
  outer loop
    vertex 7.13915417668159e-14 60 -25
    vertex -4.702114035374947 62.71164387792922 -24.55382095720196
    vertex 3.06151588455594e-15 65.00000000000001 -25
  endloop
endfacet
facet normal -0.0843143 -6.26775e-16 -0.996439
  outer loop
    vertex 3.06151588455594e-15 35.00000000000001 -25
    vertex -4.200705858960853 37.4780612750042 -24.64455457675168
    vertex -3.41074011481896e-14 40 -25
  endloop
endfacet
facet normal -0.275117 0.00746052 -0.961382
  outer loop
    vertex -8.893506505945073 61.39172675619639 -23.36462158967512
    vertex -9.194241181985658 65.3397974748368 -23.24792311341981
    vertex -4.702114035374947 62.71164387792922 -24.55382095720196
  endloop
endfacet
facet normal -0.630906 0.0285406 0.775335
  outer loop
    vertex -17.6699631211238 52.30531433779296 17.68537258013313
    vertex -16.31884862112508 48.10959346112358 18.93924971272105
    vertex -13.77158419188068 52.10638638273566 20.8648860252325
  endloop
endfacet
facet normal -0.0940333 -0.021388 -0.995339
  outer loop
    vertex 3.06151588455594e-15 20.00000000000005 -25
    vertex -5.189219761485155 17.47558229346969 -24.4555105910102
    vertex -3.987785066788485 22.6359841341202 -24.67990215258356
  endloop
endfacet
facet normal -0.95114 -0.0229683 0.307904
  outer loop
    vertex -24.47597784411575 53.73859326856755 5.091807986791596
    vertex -22.93090428490396 54.99774823222113 9.958595718100687
    vertex -24.13887899089771 58.72316424222876 6.504961265280294
  endloop
endfacet
facet normal -0.0922744 -0.024009 -0.995444
  outer loop
    vertex -5.167244703550232 77.47706795604446 -24.46016316735504
    vertex -3.767240111659147 82.64270086026815 -24.71452815534026
    vertex 3.06151588455594e-15 80.00000000000006 -25
  endloop
endfacet
facet normal -0.89028 -0.0263111 0.454653
  outer loop
    vertex -23.46706224222471 50.00133112102268 8.619570158630365
    vertex -20.90217451691965 51.26123182397802 13.7149225467822
    vertex -22.93090428490396 54.99774823222113 9.958595718100687
  endloop
endfacet
facet normal -0.935707 0.0229433 0.35203
  outer loop
    vertex -24.13887899089771 58.72316424222876 6.504961265280294
    vertex -22.93090428490396 54.99774823222113 9.958595718100687
    vertex -22.31482516202329 59.9777751215934 11.2715827632295
  endloop
endfacet
facet normal -0.994113 0.0222209 -0.106047
  outer loop
    vertex -24.49086964421438 83.77421292160156 -5.019691630976788
    vertex -24.96163594424994 80.06191564848783 -1.384460539968322
    vertex -24.99999529553827 85.02617424792766 0.0153369835505581
  endloop
endfacet
facet normal -0.731533 -0.0224009 0.681438
  outer loop
    vertex -16.57305378555639 43.70615128212199 18.71720834475737
    vertex -19.12846465718977 47.43862311048785 16.09664063892345
    vertex -20.01083522094824 42.45390360188634 14.98554215769512
  endloop
endfacet
facet normal -0.895983 0.0329911 0.442861
  outer loop
    vertex -21.96938930625098 46.22577505628706 11.93088150600722
    vertex -20.90217451691965 51.26123182397802 13.7149225467822
    vertex -23.46706224222471 50.00133112102268 8.619570158630365
  endloop
endfacet
facet normal -0.0800391 0.00720233 -0.996766
  outer loop
    vertex 3.06151588455594e-15 85.00000000000003 -25
    vertex -3.767240111659147 82.64270086026815 -24.71452815534026
    vertex -4.201939031333548 87.52499487929626 -24.64434434869298
  endloop
endfacet
facet normal -0.0963366 0.0169523 -0.995204
  outer loop
    vertex -4.313858481684363 12.50000000000004 -24.625
    vertex -5.189219761485155 17.47558229346969 -24.4555105910102
    vertex 3.06151588455594e-15 15.00000000000005 -25
  endloop
endfacet
facet normal -0.822158 -0.0272075 0.568609
  outer loop
    vertex -21.96938930625098 46.22577505628706 11.93088150600722
    vertex -19.12846465718977 47.43862311048785 16.09664063892345
    vertex -20.90217451691965 51.26123182397802 13.7149225467822
  endloop
endfacet
facet normal -0.0906824 0 0.99588
  outer loop
    vertex -3.06151588455594e-15 42.10526315789471 25
    vertex -4.515441182102748 39.50728717084976 24.58883468021554
    vertex -3.06151588455594e-15 36.84210526315786 25
  endloop
endfacet
facet normal -0.871491 0.0242581 -0.489812
  outer loop
    vertex -20.52848966720097 16.11718677556497 -14.26818530800687
    vertex -22.32020122846924 12.47007346763925 -11.26093322600929
    vertex -22.97843328436319 17.34338310947756 -9.848431539898613
  endloop
endfacet
facet normal -0.828958 0.0221651 0.558872
  outer loop
    vertex -20.01083522094824 42.45390360188634 14.98554215769512
    vertex -19.12846465718977 47.43862311048785 16.09664063892345
    vertex -21.96938930625098 46.22577505628706 11.93088150600722
  endloop
endfacet
facet normal -0.0854686 -0.00197105 -0.996339
  outer loop
    vertex 3.06151588455594e-15 35.00000000000001 -25
    vertex -4.313858481684703 32.50000000000001 -24.62499999999994
    vertex -4.200705858960853 37.4780612750042 -24.64455457675168
  endloop
endfacet
facet normal -0.306535 0.0372889 0.951129
  outer loop
    vertex -5.201267009497624 7.829618485317553 24.45295118172675
    vertex -9.925433891180923 7.450703313284166 22.9452775549087
    vertex -7.958138933384534 4.384023063522257 23.69953638189889
  endloop
endfacet
facet normal -0.438509 0.0197106 -0.898511
  outer loop
    vertex -12.91797367682205 13.50664358291827 -21.40387712740224
    vertex -8.991926262512861 13.18854721059018 -23.32692140188095
    vertex -10.3307860657106 8.988069303932875 -22.76565086406536
  endloop
endfacet
facet normal -0.952213 -0.013037 0.305155
  outer loop
    vertex -24.32170082194269 7.262744583620659 5.784018423891156
    vertex -24.45369001834515 3.181432902114551 5.197792270443921
    vertex -22.9584956570076 3.916093584491591 9.894820724356906
  endloop
endfacet
facet normal -0.302014 -0.0262867 0.952941
  outer loop
    vertex -8.641196834740581 11.3230907924402 23.45910734156928
    vertex -9.925433891180923 7.450703313284166 22.9452775549087
    vertex -5.201267009497624 7.829618485317553 24.45295118172675
  endloop
endfacet
facet normal -0.444197 0.0200067 -0.895706
  outer loop
    vertex -13.30732328277006 78.81302685836701 -21.16400593101046
    vertex -9.061905218841643 77.4502722570474 -23.29982561747471
    vertex -12.13478786158403 73.80167547003322 -21.85742261920085
  endloop
endfacet
facet normal -0.921711 -0.0132038 0.387652
  outer loop
    vertex -23.76919324529733 91.37306510048842 7.747609467939885
    vertex -22.17190073863271 91.51185344307218 11.55018690914646
    vertex -22.53284416891931 95.53968146420985 10.82917049728181
  endloop
endfacet
facet normal -0.308869 0.0309502 0.950601
  outer loop
    vertex -10.16841607689498 100 22.83863644106503
    vertex -7.958138933384534 95.61597693647776 23.69953638189889
    vertex -5.197792270443975 100 24.45369001834514
  endloop
endfacet
facet normal -0.308869 -0.0309502 0.950601
  outer loop
    vertex -5.197792270443991 0 24.45369001834514
    vertex -7.958138933384534 4.384023063522257 23.69953638189889
    vertex -10.16841607689502 0 22.83863644106502
  endloop
endfacet
facet normal -0.847198 -0.0215083 -0.530842
  outer loop
    vertex -19.71130764665883 11.30518158271701 -15.37739740199131
    vertex -22.32020122846924 12.47007346763925 -11.26093322600929
    vertex -20.52848966720097 16.11718677556497 -14.26818530800687
  endloop
endfacet
facet normal -0.0685309 0 -0.997649
  outer loop
    vertex 3.06151588455594e-15 5.000000000000021 -25
    vertex -3.418488442425006 7.619370559443993 -24.76517588810963
    vertex 3.06151588455594e-15 10.00000000000004 -25
  endloop
endfacet
facet normal -0.913105 -0.0310599 -0.40654
  outer loop
    vertex -23.77641290737881 0 -7.72542485937378
    vertex -22.70694247042265 4.341601173142514 -10.45919517194876
    vertex -21.65063509461092 0 -12.50000000000008
  endloop
endfacet
facet normal -0.0844391 0 -0.996429
  outer loop
    vertex 3.06151588455594e-15 90.00000000000001 -25
    vertex -4.206877215225418 92.31262390299565 -24.64350186349369
    vertex 3.06151588455594e-15 95 -25
  endloop
endfacet
facet normal -0.601863 -0.00449961 -0.798587
  outer loop
    vertex -16.46253025289197 9.97714443387386 -18.81449169317674
    vertex -13.46183927978108 8.214232791471638 -21.06605998295227
    vertex -16.69208513168329 4.590352735148727 -18.61113360213821
  endloop
endfacet
facet normal -0.265413 -0.0140892 0.964032
  outer loop
    vertex -4.538240093300052 44.73826223891872 24.58463700882248
    vertex -8.574209339255566 45.43641157323644 23.48367378002476
    vertex -9.18867222018725 41.03146952927845 23.25012479170723
  endloop
endfacet
facet normal -0.175062 0.0128918 -0.984473
  outer loop
    vertex -6.154954294081941 67.6742212475165 -24.23048777135455
    vertex -2.609074899947863 67.4866103333665 -24.86348181905467
    vertex -4.702114035374947 62.71164387792922 -24.55382095720196
  endloop
endfacet
facet normal -0.423152 0.0033715 0.906052
  outer loop
    vertex -12.47420265246946 12.25730137260729 21.66550872204768
    vertex -8.641196834740581 11.3230907924402 23.45910734156928
    vertex -8.483506202878143 15.66613674138765 23.51659249350824
  endloop
endfacet
facet normal -0.270651 -0.00389005 0.96267
  outer loop
    vertex -4.423150504233007 76.25478901673651 24.60560382548868
    vertex -8.94211508820935 78.96420706713747 23.34606128984542
    vertex -9.137912826247744 73.79405165775228 23.27012138300737
  endloop
endfacet
facet normal -0.176193 -0.0090338 -0.984314
  outer loop
    vertex -3.404712819357884 72.50000000000004 -24.76707351742834
    vertex -2.609074899947863 67.4866103333665 -24.86348181905467
    vertex -6.154954294081941 67.6742212475165 -24.23048777135455
  endloop
endfacet
facet normal -0.0865722 -0.00797381 0.996214
  outer loop
    vertex -3.06151588455594e-15 26.31578947368417 25
    vertex -4.058463662609406 28.94736842105259 24.66837799084648
    vertex -4.539049752944884 23.68421052631575 24.58448753462823
  endloop
endfacet
facet normal -0.0836601 0.00344811 0.996488
  outer loop
    vertex -4.271981334202001 34.19342146083566 24.63229943550195
    vertex -4.058463662609406 28.94736842105259 24.66837799084648
    vertex -3.06151588455594e-15 31.57894736842102 25
  endloop
endfacet
facet normal -0.868849 0.034942 -0.493843
  outer loop
    vertex -22.03335134648208 91.25700391545075 -11.81234220815144
    vertex -23.01239479054377 95.794333108885 -9.768811903407396
    vertex -20.22542485937371 95.47585717587468 -14.69463130731179
  endloop
endfacet
facet normal -0.263186 -0.00321345 0.96474
  outer loop
    vertex -8.483506202878143 15.66613674138765 23.51659249350824
    vertex -8.641196834740581 11.3230907924402 23.45910734156928
    vertex -4.536867617761556 13.15406730692401 24.58489032350778
  endloop
endfacet
facet normal -0.25241 0.00234968 -0.967617
  outer loop
    vertex -4.206877215225418 92.31262390299565 -24.64350186349369
    vertex -8.30760517366047 90.04316854029953 -23.57930652666803
    vertex -8.446725988163276 95.47389521217727 -23.52982830538479
  endloop
endfacet
facet normal -0.993749 -0.0292057 0.10775
  outer loop
    vertex -24.99927033736776 95.69875531339632 0.1910041863537229
    vertex -24.46474503996966 95.78993495923746 5.145507762046386
    vertex -24.86304738420682 100 2.613211581691435
  endloop
endfacet
facet normal -0.946546 -0.0412871 0.319917
  outer loop
    vertex -23.77641290737881 100 7.725424859373787
    vertex -24.46474503996966 95.78993495923746 5.145507762046386
    vertex -22.53284416891931 95.53968146420985 10.82917049728181
  endloop
endfacet
facet normal -0.268293 0.00333962 0.963332
  outer loop
    vertex -9.112498911580271 84.30735651880616 23.28008512841928
    vertex -8.94211508820935 78.96420706713747 23.34606128984542
    vertex -4.32160174671183 81.63462584637617 24.6236422639466
  endloop
endfacet
facet normal -0.0835614 0.00747799 0.996475
  outer loop
    vertex -4.392958999478857 65.90392324035278 24.61101199115749
    vertex -3.91639883401829 60.52631578947366 24.69133087083198
    vertex -3.06151588455594e-15 63.15789473684209 25
  endloop
endfacet
facet normal -0.08533 -0.0101303 0.996301
  outer loop
    vertex -3.06151588455594e-15 57.89473684210524 25
    vertex -3.91639883401829 60.52631578947366 24.69133087083198
    vertex -4.539049752944884 55.26315789473682 24.58448753462823
  endloop
endfacet
facet normal -0.0788289 -0.00200868 -0.996886
  outer loop
    vertex -3.987785066788485 22.6359841341202 -24.67990215258356
    vertex -3.865212795642716 27.50000000000002 -24.69939533762719
    vertex 3.06151588455594e-15 25.00000000000003 -25
  endloop
endfacet
facet normal -0.419472 -0.00165327 -0.907767
  outer loop
    vertex -8.649706950355739 44.98202392972527 -23.45596404783785
    vertex -8.544859789727669 39.46705312766761 -23.49436892478483
    vertex -12.32404496554421 41.24388328243259 -21.75127388653926
  endloop
endfacet
facet normal -0.573396 -0.0082082 0.819237
  outer loop
    vertex -12.00663854749184 45.18032730080832 21.92807859320745
    vertex -16.31884862112508 48.10959346112358 18.93924971272105
    vertex -16.57305378555639 43.70615128212199 18.71720834475737
  endloop
endfacet
facet normal -0.082319 0.00744174 -0.996578
  outer loop
    vertex 3.06151588455594e-15 30.00000000000001 -25
    vertex -3.865212795642716 27.50000000000002 -24.69939533762719
    vertex -4.313858481684703 32.50000000000001 -24.62499999999994
  endloop
endfacet
facet normal -0.870388 0.0359871 0.49105
  outer loop
    vertex -20.2254248593737 4.524142824125327 14.69463130731181
    vertex -22.9584956570076 3.916093584491591 9.894820724356906
    vertex -21.65063509461098 0 12.49999999999997
  endloop
endfacet
facet normal -0.712975 -0.0019613 -0.701187
  outer loop
    vertex -15.9938685939913 61.39137360024734 -19.21447806728402
    vertex -15.91426766181805 56.0435259111465 -19.28045862493972
    vertex -19.5250172683979 57.56065012975722 -15.61325400641275
  endloop
endfacet
facet normal -0.410335 0.0278822 0.911509
  outer loop
    vertex -10.16841607689502 0 22.83863644106502
    vertex -7.958138933384534 4.384023063522257 23.69953638189889
    vertex -12.50000000000001 4.524142824125335 21.65063509461096
  endloop
endfacet
facet normal -0.410335 -0.0278822 0.911509
  outer loop
    vertex -12.49999999999997 95.47585717587469 21.65063509461098
    vertex -7.958138933384534 95.61597693647776 23.69953638189889
    vertex -10.16841607689498 100 22.83863644106503
  endloop
endfacet
facet normal -0.272792 0.00151348 -0.962072
  outer loop
    vertex -5.021463271338239 41.35232028908073 -24.49044855191333
    vertex -8.544859789727669 39.46705312766761 -23.49436892478483
    vertex -8.649706950355739 44.98202392972527 -23.45596404783785
  endloop
endfacet
facet normal -0.668839 -0.0269018 -0.74292
  outer loop
    vertex -18.4603776973421 52.46517164446765 -16.85866113519915
    vertex -15.91426766181805 56.0435259111465 -19.28045862493972
    vertex -14.56173806089507 51.16084703529889 -20.32131355611344
  endloop
endfacet
facet normal -0.611106 0.00459181 0.791535
  outer loop
    vertex -13.75933835875787 85.99280897066697 20.8729635636441
    vertex -13.53159884436 90.72838274321217 21.02131852941949
    vertex -16.88838953188757 90.12807753939404 18.4331847226471
  endloop
endfacet
facet normal -0.913088 0.031645 -0.406533
  outer loop
    vertex -21.65063509461099 100 -12.49999999999995
    vertex -23.01239479054377 95.794333108885 -9.768811903407396
    vertex -23.77641290737886 100 -7.725424859373627
  endloop
endfacet
facet normal -0.348064 0.00922542 -0.937426
  outer loop
    vertex -10.3307860657106 8.988069303932875 -22.76565086406536
    vertex -6.903373906074329 10.0314262590196 -24.02797179773882
    vertex -7.738674451843439 4.516182908339971 -23.77210377161402
  endloop
endfacet
facet normal -0.0783959 0.0142475 -0.99682
  outer loop
    vertex 3.06151588455594e-15 10.00000000000004 -25
    vertex -3.418488442425006 7.619370559443993 -24.76517588810963
    vertex -4.313858481684363 12.50000000000004 -24.625
  endloop
endfacet
facet normal -0.433064 0.00316119 0.901358
  outer loop
    vertex -9.137912826247744 73.79405165775228 23.27012138300737
    vertex -8.94211508820935 78.96420706713747 23.34606128984542
    vertex -12.58982843575933 77.52971932956061 21.59852355968217
  endloop
endfacet
facet normal -0.0843909 8.82988e-05 -0.996433
  outer loop
    vertex -4.201939031333548 87.52499487929626 -24.64434434869298
    vertex -4.206877215225418 92.31262390299565 -24.64350186349369
    vertex 3.06151588455594e-15 90.00000000000001 -25
  endloop
endfacet
facet normal -0.586851 -0.025142 -0.809305
  outer loop
    vertex -16.69208513168329 4.590352735148727 -18.61113360213821
    vertex -13.46183927978108 8.214232791471638 -21.06605998295227
    vertex -12.48132694248946 4.491434313360692 -21.66140525807794
  endloop
endfacet
facet normal -0.863007 0.0271569 -0.504461
  outer loop
    vertex -21.65063509461092 0 -12.50000000000008
    vertex -22.70694247042265 4.341601173142514 -10.45919517194876
    vertex -20.22542485937363 4.524142824125306 -14.6946313073119
  endloop
endfacet
facet normal -0.977637 0.0323057 -0.207803
  outer loop
    vertex -23.77641290737886 100 -7.725424859373627
    vertex -24.55047144190399 95.91024659215805 -4.719571164868305
    vertex -24.86304738420684 100 -2.613211581691246
  endloop
endfacet
facet normal -0.104483 0.0294844 -0.99409
  outer loop
    vertex 3.06151588455594e-15 100 -25
    vertex -3.770254372133687 96.27986652385366 -24.71406850296824
    vertex -5.197792270443988 100 -24.45369001834514
  endloop
endfacet
facet normal -0.104483 -0.0295676 -0.994087
  outer loop
    vertex -5.197792270443972 0 -24.45369001834514
    vertex -3.76629703336881 3.715961363667503 -24.71467189052764
    vertex 3.06151588455594e-15 0 -25
  endloop
endfacet
facet normal -0.859109 0.0145912 0.511584
  outer loop
    vertex -22.53284416891931 95.53968146420985 10.82917049728181
    vertex -22.17190073863271 91.51185344307218 11.55018690914646
    vertex -20.26070852853395 95.49933719249761 14.64594448718796
  endloop
endfacet
facet normal -0.0756216 0 -0.997137
  outer loop
    vertex 3.06151588455594e-15 95 -25
    vertex -3.770254372133687 96.27986652385366 -24.71406850296824
    vertex 3.06151588455594e-15 100 -25
  endloop
endfacet
facet normal -0.246241 -0.00734625 0.969181
  outer loop
    vertex -4.392958999478857 65.90392324035278 24.61101199115749
    vertex -8.062204247498986 64.00102419321716 23.66433735965597
    vertex -3.91639883401829 60.52631578947366 24.69133087083198
  endloop
endfacet
facet normal -0.0755418 0 -0.997143
  outer loop
    vertex 3.06151588455594e-15 0 -25
    vertex -3.76629703336881 3.715961363667503 -24.71467189052764
    vertex 3.06151588455594e-15 5.000000000000021 -25
  endloop
endfacet
facet normal -0.87078 -0.0364653 -0.490319
  outer loop
    vertex -20.22542485937371 95.47585717587468 -14.69463130731179
    vertex -23.01239479054377 95.794333108885 -9.768811903407396
    vertex -21.65063509461099 100 -12.49999999999995
  endloop
endfacet
facet normal -0.41274 0.0243915 -0.910522
  outer loop
    vertex -11.44202924080419 87.45102007202786 -22.22790963749362
    vertex -12.56014897379164 91.38063985632162 -21.61579648673999
    vertex -8.30760517366047 90.04316854029953 -23.57930652666803
  endloop
endfacet
facet normal -0.566513 -0.027226 -0.823603
  outer loop
    vertex -13.89529193081347 65.16445037903772 -20.78270584301934
    vertex -12.33399850247523 61.80645624654851 -21.74563130702208
    vertex -15.9938685939913 61.39137360024734 -19.21447806728402
  endloop
endfacet
facet normal -0.07699 4.47842e-17 0.997032
  outer loop
    vertex 0 100 25
    vertex -3.838074565367565 96.14054029294154 24.70362693271331
    vertex -3.06151588455594e-15 94.73684210526315 25
  endloop
endfacet
facet normal -0.07699 -4.47842e-17 0.997032
  outer loop
    vertex -3.06151588455594e-15 5.263157894736835 25
    vertex -3.838074565367478 3.859459707058605 24.70362693271333
    vertex 0 0 25
  endloop
endfacet
facet normal -0.401663 -0.0134518 0.915689
  outer loop
    vertex -11.8067667746597 31.14902561613476 22.03633949477071
    vertex -8.301017031737363 31.65990290986537 23.58162666651319
    vertex -10.71431674218341 36.06006936811797 22.58768285478101
  endloop
endfacet
facet normal -0.104489 -0.0275681 0.994144
  outer loop
    vertex 0 0 25
    vertex -3.838074565367478 3.859459707058605 24.70362693271333
    vertex -5.197792270443991 0 24.45369001834514
  endloop
endfacet
facet normal -0.104489 0.0275681 0.994144
  outer loop
    vertex -5.197792270443975 100 24.45369001834514
    vertex -3.838074565367565 96.14054029294154 24.70362693271331
    vertex 0 100 25
  endloop
endfacet
facet normal -0.922033 0.0211982 0.386531
  outer loop
    vertex -22.90288464540523 87.5664734160945 10.02286759960749
    vertex -22.17190073863271 91.51185344307218 11.55018690914646
    vertex -23.76919324529733 91.37306510048842 7.747609467939885
  endloop
endfacet
facet normal -0.418821 -0.00279195 0.908065
  outer loop
    vertex -8.483506202878143 15.66613674138765 23.51659249350824
    vertex -12.32873578556764 17.46575907661323 21.74861544856738
    vertex -12.47420265246946 12.25730137260729 21.66550872204768
  endloop
endfacet
facet normal -0.0898253 0.0295787 -0.995518
  outer loop
    vertex 3.06151588455594e-15 75.00000000000006 -25
    vertex -3.404712819357884 72.50000000000004 -24.76707351742834
    vertex -5.167244703550232 77.47706795604446 -24.46016316735504
  endloop
endfacet
facet normal -0.548216 -0.0194894 0.83611
  outer loop
    vertex -15.43550706664603 81.35492895486377 19.66583640721951
    vertex -11.95697917519113 81.72300546827375 21.95519640094448
    vertex -13.75933835875787 85.99280897066697 20.8729635636441
  endloop
endfacet
facet normal -0.992899 0.0355225 0.113534
  outer loop
    vertex -24.86304738420684 0 2.613211581691265
    vertex -24.45369001834515 3.181432902114551 5.197792270443921
    vertex -25 4.524142824125327 -9.341026746681509e-14
  endloop
endfacet
facet normal -0.564368 0.00259014 0.825519
  outer loop
    vertex -12.47420265246946 12.25730137260729 21.66550872204768
    vertex -12.32873578556764 17.46575907661323 21.74861544856738
    vertex -15.75495020079077 16.0047895199573 19.41086149995932
  endloop
endfacet
facet normal -0.215343 -0.0126862 -0.976456
  outer loop
    vertex -7.738674451843439 4.516182908339971 -23.77210377161402
    vertex -6.903373906074329 10.0314262590196 -24.02797179773882
    vertex -3.418488442425006 7.619370559443993 -24.76517588810963
  endloop
endfacet
facet normal -0.596364 0.0100508 -0.802651
  outer loop
    vertex -12.91797367682205 13.50664358291827 -21.40387712740224
    vertex -13.46183927978108 8.214232791471638 -21.06605998295227
    vertex -16.46253025289197 9.97714443387386 -18.81449169317674
  endloop
endfacet
facet normal -0.256495 -0.0308272 -0.966054
  outer loop
    vertex -8.821520558819076 31.36294850169353 -23.39189549887594
    vertex -7.262152551050001 35.00000000000034 -23.92198027599885
    vertex -4.313858481684703 32.50000000000001 -24.62499999999994
  endloop
endfacet
facet normal -0.46316 -0.0338141 -0.885629
  outer loop
    vertex -10.79746547813791 68.96920488244481 -22.54805400136384
    vertex -9.194241181985658 65.3397974748368 -23.24792311341981
    vertex -13.89529193081347 65.16445037903772 -20.78270584301934
  endloop
endfacet
facet normal -0.709026 -0.0176465 0.704962
  outer loop
    vertex -19.12846465718977 47.43862311048785 16.09664063892345
    vertex -16.31884862112508 48.10959346112358 18.93924971272105
    vertex -17.6699631211238 52.30531433779296 17.68537258013313
  endloop
endfacet
facet normal -0.0814398 0 0.996678
  outer loop
    vertex -3.06151588455594e-15 31.57894736842102 25
    vertex -4.058463662609406 28.94736842105259 24.66837799084648
    vertex -3.06151588455594e-15 26.31578947368417 25
  endloop
endfacet
facet normal -0.927139 -0.0319 -0.373358
  outer loop
    vertex -23.95945825161392 92.52315921292924 -7.137531806525941
    vertex -23.01239479054377 95.794333108885 -9.768811903407396
    vertex -22.03335134648208 91.25700391545075 -11.81234220815144
  endloop
endfacet
facet normal -0.224897 0.00683524 -0.974359
  outer loop
    vertex -3.767240111659147 82.64270086026815 -24.71452815534026
    vertex -7.282911571712791 80.84502032117098 -23.91566848404225
    vertex -7.690716595333784 85.67438404274934 -23.78766231159038
  endloop
endfacet
facet normal -0.0775377 0 -0.996989
  outer loop
    vertex 3.06151588455594e-15 25.00000000000003 -25
    vertex -3.865212795642716 27.50000000000002 -24.69939533762719
    vertex 3.06151588455594e-15 30.00000000000001 -25
  endloop
endfacet
facet normal -0.977631 0.0324991 0.207802
  outer loop
    vertex -24.86304738420682 100 2.613211581691435
    vertex -24.46474503996966 95.78993495923746 5.145507762046386
    vertex -23.77641290737881 100 7.725424859373787
  endloop
endfacet
facet normal -0.586457 -0.0352302 0.809214
  outer loop
    vertex -12.50000000000001 4.524142824125335 21.65063509461096
    vertex -14.37652910045549 8.247274828625386 20.45276047441412
    vertex -16.69089283119151 4.496805057639747 18.61220289212644
  endloop
endfacet
facet normal -0.268505 0.00963603 0.96323
  outer loop
    vertex -4.536867617761556 13.15406730692401 24.58489032350778
    vertex -8.641196834740581 11.3230907924402 23.45910734156928
    vertex -5.201267009497624 7.829618485317553 24.45295118172675
  endloop
endfacet
facet normal -0.261529 0.0411197 -0.964319
  outer loop
    vertex -4.313858481684363 12.50000000000004 -24.625
    vertex -6.903373906074329 10.0314262590196 -24.02797179773882
    vertex -8.991926262512861 13.18854721059018 -23.32692140188095
  endloop
endfacet
facet normal -0.830859 -0.033045 0.555501
  outer loop
    vertex -22.17190073863271 91.51185344307218 11.55018690914646
    vertex -19.26491243833955 92.09917396412338 15.93308346626949
    vertex -20.26070852853395 95.49933719249761 14.64594448718796
  endloop
endfacet
facet normal -0.0802067 -0.0294563 -0.996343
  outer loop
    vertex -4.702114035374947 62.71164387792922 -24.55382095720196
    vertex -2.609074899947863 67.4866103333665 -24.86348181905467
    vertex 3.06151588455594e-15 65.00000000000001 -25
  endloop
endfacet
facet normal -0.55537 0.0233646 -0.831275
  outer loop
    vertex -15.91426766181805 56.0435259111465 -19.28045862493972
    vertex -12.14653289465324 54.14945202680816 -21.85089789091301
    vertex -14.56173806089507 51.16084703529889 -20.32131355611344
  endloop
endfacet
facet normal -0.0957933 0.0192928 -0.995214
  outer loop
    vertex -3.41074011481896e-14 40 -25
    vertex -4.200705858960853 37.4780612750042 -24.64455457675168
    vertex -5.021463271338239 41.35232028908073 -24.49044855191333
  endloop
endfacet
facet normal -0.0988882 -0.00774614 -0.995068
  outer loop
    vertex -5.021463271338182 58.64767971091929 -24.4904485519133
    vertex -4.702114035374947 62.71164387792922 -24.55382095720196
    vertex 7.13915417668159e-14 60 -25
  endloop
endfacet
facet normal -0.359437 0.0136335 0.93307
  outer loop
    vertex -8.301017031737363 31.65990290986537 23.58162666651319
    vertex -7.070756301876337 36.88168347494108 23.97924947364859
    vertex -10.71431674218341 36.06006936811797 22.58768285478101
  endloop
endfacet
facet normal -0.234985 -0.00694981 -0.971974
  outer loop
    vertex -3.767240111659147 82.64270086026815 -24.71452815534026
    vertex -7.690716595333784 85.67438404274934 -23.78766231159038
    vertex -4.201939031333548 87.52499487929626 -24.64434434869298
  endloop
endfacet
facet normal -0.397092 -0.0176437 0.917609
  outer loop
    vertex -11.78089295104907 63.7459357052546 22.05018279461471
    vertex -8.062204247498986 64.00102419321716 23.66433735965597
    vertex -9.546620799173896 68.34333931766849 23.10545457931482
  endloop
endfacet
facet normal -0.492389 -0.0294899 0.869876
  outer loop
    vertex -14.37652910045549 8.247274828625386 20.45276047441412
    vertex -9.925433891180923 7.450703313284166 22.9452775549087
    vertex -12.47420265246946 12.25730137260729 21.66550872204768
  endloop
endfacet
facet normal -0.241625 0.0140641 -0.970268
  outer loop
    vertex -5.189219761485155 17.47558229346969 -24.4555105910102
    vertex -7.819077525294424 21.25765570317709 -23.7457791334257
    vertex -3.987785066788485 22.6359841341202 -24.67990215258356
  endloop
endfacet
facet normal -0.0785709 0 0.996909
  outer loop
    vertex -3.06151588455594e-15 63.15789473684209 25
    vertex -3.91639883401829 60.52631578947366 24.69133087083198
    vertex -3.06151588455594e-15 57.89473684210524 25
  endloop
endfacet
facet normal -0.267478 0.00181806 0.963562
  outer loop
    vertex -4.32160174671183 81.63462584637617 24.6236422639466
    vertex -8.94211508820935 78.96420706713747 23.34606128984542
    vertex -4.423150504233007 76.25478901673651 24.60560382548868
  endloop
endfacet
facet normal -0.419974 0.0188843 0.90734
  outer loop
    vertex -12.47420265246946 12.25730137260729 21.66550872204768
    vertex -9.925433891180923 7.450703313284166 22.9452775549087
    vertex -8.641196834740581 11.3230907924402 23.45910734156928
  endloop
endfacet
facet normal -0.999457 -0.0155861 -0.0290437
  outer loop
    vertex -24.99927033736776 95.69875531339632 0.1910041863537229
    vertex -24.87037031967807 92.52689254994704 -2.542573531301759
    vertex -24.95214452340787 90.1516358320541 1.546118909711194
  endloop
endfacet
facet normal -0.465183 0.0373287 -0.884427
  outer loop
    vertex -9.194241181985658 65.3397974748368 -23.24792311341981
    vertex -12.33399850247523 61.80645624654851 -21.74563130702208
    vertex -13.89529193081347 65.16445037903772 -20.78270584301934
  endloop
endfacet
facet normal -0.913002 -0.0344955 0.406495
  outer loop
    vertex -21.65063509461098 0 12.49999999999997
    vertex -22.9584956570076 3.916093584491591 9.894820724356906
    vertex -23.77641290737886 0 7.725424859373634
  endloop
endfacet
facet normal -0.652111 0.0306613 0.757503
  outer loop
    vertex -14.37652910045549 8.247274828625386 20.45276047441412
    vertex -17.98982680113501 7.809587065264893 17.35990010527609
    vertex -16.69089283119151 4.496805057639747 18.61220289212644
  endloop
endfacet
facet normal -0.247434 -0.00886334 0.968864
  outer loop
    vertex -3.91639883401829 60.52631578947366 24.69133087083198
    vertex -8.062204247498986 64.00102419321716 23.66433735965597
    vertex -8.453068140332226 59.96026614794841 23.52755063781397
  endloop
endfacet
facet normal -0.424529 -0.0177625 0.90524
  outer loop
    vertex -9.955432019529347 21.06682187083926 22.93227797896515
    vertex -12.32873578556764 17.46575907661323 21.74861544856738
    vertex -8.483506202878143 15.66613674138765 23.51659249350824
  endloop
endfacet
facet normal -0.707169 0.0249495 -0.706604
  outer loop
    vertex -19.5250172683979 57.56065012975722 -15.61325400641275
    vertex -15.91426766181805 56.0435259111465 -19.28045862493972
    vertex -18.4603776973421 52.46517164446765 -16.85866113519915
  endloop
endfacet
facet normal -0.420571 -0.00220866 0.907257
  outer loop
    vertex -9.112498911580271 84.30735651880616 23.28008512841928
    vertex -11.95697917519113 81.72300546827375 21.95519640094448
    vertex -8.94211508820935 78.96420706713747 23.34606128984542
  endloop
endfacet
facet normal -0.426653 -0.00898974 -0.904371
  outer loop
    vertex -12.68360110259716 58.0731487593569 -21.54358983712316
    vertex -12.33399850247523 61.80645624654851 -21.74563130702208
    vertex -8.893506505945073 61.39172675619639 -23.36462158967512
  endloop
endfacet
facet normal -0.711881 0.00568404 0.702277
  outer loop
    vertex -16.57305378555639 43.70615128212199 18.71720834475737
    vertex -16.31884862112508 48.10959346112358 18.93924971272105
    vertex -19.12846465718977 47.43862311048785 16.09664063892345
  endloop
endfacet
facet normal -0.909933 -0.0227947 -0.414128
  outer loop
    vertex -22.32020122846924 12.47007346763925 -11.26093322600929
    vertex -21.64020769802347 8.164530542068043 -12.51804340887208
    vertex -23.61857111571915 8.603722278719594 -8.195309539713392
  endloop
endfacet
facet normal -0.250258 -0.00352725 0.968173
  outer loop
    vertex -4.271981334202001 34.19342146083566 24.63229943550195
    vertex -8.301017031737363 31.65990290986537 23.58162666651319
    vertex -4.058463662609406 28.94736842105259 24.66837799084648
  endloop
endfacet
facet normal -0.723584 0.00305964 0.69023
  outer loop
    vertex -16.72279359211275 95.37014937248463 18.58354579932454
    vertex -19.26491243833955 92.09917396412338 15.93308346626949
    vertex -16.88838953188757 90.12807753939404 18.4331847226471
  endloop
endfacet
facet normal -0.419909 0.0135972 -0.907464
  outer loop
    vertex -8.649706950355702 55.01797607027477 -23.45596404783778
    vertex -12.14653289465324 54.14945202680816 -21.85089789091301
    vertex -12.68360110259716 58.0731487593569 -21.54358983712316
  endloop
endfacet
facet normal -0.703931 0.00318435 -0.710261
  outer loop
    vertex -16.69208513168329 4.590352735148727 -18.61113360213821
    vertex -18.57944502024595 7.544750711264683 -16.72734954317802
    vertex -16.46253025289197 9.97714443387386 -18.81449169317674
  endloop
endfacet
facet normal -0.841195 0.0248593 -0.54016
  outer loop
    vertex -19.71130764665883 11.30518158271701 -15.37739740199131
    vertex -21.64020769802347 8.164530542068043 -12.51804340887208
    vertex -22.32020122846924 12.47007346763925 -11.26093322600929
  endloop
endfacet
facet normal -0.998999 -0.0269937 -0.0356616
  outer loop
    vertex -24.95214452340787 90.1516358320541 1.546118909711194
    vertex -24.87037031967807 92.52689254994704 -2.542573531301759
    vertex -24.72537206080587 88.68371470892617 -3.695399363359853
  endloop
endfacet
facet normal -0.251147 -8.87135e-05 -0.967949
  outer loop
    vertex -4.201939031333548 87.52499487929626 -24.64434434869298
    vertex -8.30760517366047 90.04316854029953 -23.57930652666803
    vertex -4.206877215225418 92.31262390299565 -24.64350186349369
  endloop
endfacet
facet normal -0.953859 0.0339587 0.298328
  outer loop
    vertex -22.9584956570076 3.916093584491591 9.894820724356906
    vertex -24.45369001834515 3.181432902114551 5.197792270443921
    vertex -23.77641290737886 0 7.725424859373634
  endloop
endfacet
facet normal -0.360049 -0.00567588 -0.932916
  outer loop
    vertex -7.690716595333784 85.67438404274934 -23.78766231159038
    vertex -7.282911571712791 80.84502032117098 -23.91566848404225
    vertex -10.5495514983125 82.51529886467694 -22.66510452621943
  endloop
endfacet
facet normal -0.99533 -0.0285867 -0.0921988
  outer loop
    vertex -24.86304738420684 100 -2.613211581691246
    vertex -24.55047144190399 95.91024659215805 -4.719571164868305
    vertex -24.99927033736776 95.69875531339632 0.1910041863537229
  endloop
endfacet
facet normal -0.411817 -0.0149877 0.911143
  outer loop
    vertex -12.00663854749184 45.18032730080832 21.92807859320745
    vertex -8.574209339255566 45.43641157323644 23.48367378002476
    vertex -9.706257973908864 49.49956022240274 23.03884884589355
  endloop
endfacet
facet normal -0.7428 0.0355462 0.668569
  outer loop
    vertex -20.26070852853395 95.49933719249761 14.64594448718796
    vertex -19.26491243833955 92.09917396412338 15.93308346626949
    vertex -16.72279359211275 95.37014937248463 18.58354579932454
  endloop
endfacet
facet normal -0.907857 0.0280258 -0.418342
  outer loop
    vertex -23.61857111571915 8.603722278719594 -8.195309539713392
    vertex -21.64020769802347 8.164530542068043 -12.51804340887208
    vertex -22.70694247042265 4.341601173142514 -10.45919517194876
  endloop
endfacet
facet normal -0.500862 -0.0377932 -0.864702
  outer loop
    vertex -14.56173806089507 51.16084703529889 -20.32131355611344
    vertex -12.14653289465324 54.14945202680816 -21.85089789091301
    vertex -10 50 -22.9128784747792
  endloop
endfacet
facet normal -0.420161 0.0148634 -0.907328
  outer loop
    vertex -10 50 -22.9128784747792
    vertex -12.14653289465324 54.14945202680816 -21.85089789091301
    vertex -8.649706950355702 55.01797607027477 -23.45596404783778
  endloop
endfacet
facet normal -0.810702 -0.0342011 -0.584459
  outer loop
    vertex -19.71130764665883 11.30518158271701 -15.37739740199131
    vertex -18.57944502024595 7.544750711264683 -16.72734954317802
    vertex -21.64020769802347 8.164530542068043 -12.51804340887208
  endloop
endfacet
facet normal -0.0682534 0 -0.997668
  outer loop
    vertex 3.06151588455594e-15 70.00000000000003 -25
    vertex -3.404712819357884 72.50000000000004 -24.76707351742834
    vertex 3.06151588455594e-15 75.00000000000006 -25
  endloop
endfacet
facet normal -0.360175 0.0184861 -0.932701
  outer loop
    vertex -10.93905658316387 36.12974607025647 -22.47970286881789
    vertex -7.262152551050001 35.00000000000034 -23.92198027599885
    vertex -8.821520558819076 31.36294850169353 -23.39189549887594
  endloop
endfacet
facet normal -0.353568 -0.0161209 0.93527
  outer loop
    vertex -10.71431674218341 36.06006936811797 22.58768285478101
    vertex -7.070756301876337 36.88168347494108 23.97924947364859
    vertex -9.18867222018725 41.03146952927845 23.25012479170723
  endloop
endfacet
facet normal -0.805254 0.040726 -0.59153
  outer loop
    vertex -21.64020769802347 8.164530542068043 -12.51804340887208
    vertex -18.57944502024595 7.544750711264683 -16.72734954317802
    vertex -20.22542485937363 4.524142824125306 -14.6946313073119
  endloop
endfacet
facet normal -0.568073 -0.0133086 -0.822871
  outer loop
    vertex -12.68360110259716 58.0731487593569 -21.54358983712316
    vertex -12.14653289465324 54.14945202680816 -21.85089789091301
    vertex -15.91426766181805 56.0435259111465 -19.28045862493972
  endloop
endfacet
facet normal -0.383324 0.016336 -0.923469
  outer loop
    vertex -11.48492605973832 22.29454589620106 -22.20577567666447
    vertex -7.819077525294424 21.25765570317709 -23.7457791334257
    vertex -8.970979286568923 17.45036308610004 -23.33498512191408
  endloop
endfacet
facet normal -0.980685 0.0213225 -0.19443
  outer loop
    vertex -24.72537206080587 88.68371470892617 -3.695399363359853
    vertex -24.87037031967807 92.52689254994704 -2.542573531301759
    vertex -23.95945825161392 92.52315921292924 -7.137531806525941
  endloop
endfacet
facet normal -0.76374 -0.00397126 0.645512
  outer loop
    vertex -20.2254248593737 4.524142824125327 14.69463130731181
    vertex -17.98982680113501 7.809587065264893 17.35990010527609
    vertex -20.04183740932937 9.759838381873273 14.94405411051519
  endloop
endfacet
facet normal -0.439852 0.000462665 -0.89807
  outer loop
    vertex -8.970979286568923 17.45036308610004 -23.33498512191408
    vertex -8.991926262512861 13.18854721059018 -23.32692140188095
    vertex -12.91797367682205 13.50664358291827 -21.40387712740224
  endloop
endfacet
facet normal -0.411655 0.0182973 -0.911156
  outer loop
    vertex -12.32404496554421 41.24388328243259 -21.75127388653926
    vertex -8.544859789727669 39.46705312766761 -23.49436892478483
    vertex -10.93905658316387 36.12974607025647 -22.47970286881789
  endloop
endfacet
facet normal -0.742068 -0.0379732 0.669248
  outer loop
    vertex -16.69089283119151 4.496805057639747 18.61220289212644
    vertex -17.98982680113501 7.809587065264893 17.35990010527609
    vertex -20.2254248593737 4.524142824125327 14.69463130731181
  endloop
endfacet
facet normal -0.40374 0.00328287 0.914868
  outer loop
    vertex -8.482478358452763 27.36344859924668 23.51696325843072
    vertex -8.301017031737363 31.65990290986537 23.58162666651319
    vertex -11.8067667746597 31.14902561613476 22.03633949477071
  endloop
endfacet
facet normal -0.265769 0.0331511 0.963467
  outer loop
    vertex -9.546620799173896 68.34333931766849 23.10545457931482
    vertex -8.062204247498986 64.00102419321716 23.66433735965597
    vertex -4.392958999478857 65.90392324035278 24.61101199115749
  endloop
endfacet
facet normal -0.27487 0.00660671 -0.961459
  outer loop
    vertex -5.021463271338182 58.64767971091929 -24.4904485519133
    vertex -8.893506505945073 61.39172675619639 -23.36462158967512
    vertex -4.702114035374947 62.71164387792922 -24.55382095720196
  endloop
endfacet
facet normal -0.549775 -0.0263799 -0.834896
  outer loop
    vertex -15.64376120280345 88.70089214877908 -19.50058295102127
    vertex -12.56014897379164 91.38063985632162 -21.61579648673999
    vertex -11.44202924080419 87.45102007202786 -22.22790963749362
  endloop
endfacet
facet normal -0.264931 0.0341053 0.963664
  outer loop
    vertex -9.18867222018725 41.03146952927845 23.25012479170723
    vertex -7.070756301876337 36.88168347494108 23.97924947364859
    vertex -4.515441182102748 39.50728717084976 24.58883468021554
  endloop
endfacet
facet normal -0.864785 -0.0337242 0.501008
  outer loop
    vertex -20.32601403525803 88.82024144983579 14.55517617339253
    vertex -22.17190073863271 91.51185344307218 11.55018690914646
    vertex -22.90288464540523 87.5664734160945 10.02286759960749
  endloop
endfacet
facet normal -0.378407 0.0135585 -0.92554
  outer loop
    vertex -11.44202924080419 87.45102007202786 -22.22790963749362
    vertex -7.690716595333784 85.67438404274934 -23.78766231159038
    vertex -10.5495514983125 82.51529886467694 -22.66510452621943
  endloop
endfacet
facet normal -0.413354 0.00938468 0.910522
  outer loop
    vertex -9.18867222018725 41.03146952927845 23.25012479170723
    vertex -8.574209339255566 45.43641157323644 23.48367378002476
    vertex -12.00663854749184 45.18032730080832 21.92807859320745
  endloop
endfacet
facet normal -0.59137 0.0369183 0.805555
  outer loop
    vertex -16.63276000921355 11.13308615755204 18.66417141144783
    vertex -14.37652910045549 8.247274828625386 20.45276047441412
    vertex -12.47420265246946 12.25730137260729 21.66550872204768
  endloop
endfacet
facet normal -0.861762 -0.0322007 -0.506289
  outer loop
    vertex -22.70694247042265 4.341601173142514 -10.45919517194876
    vertex -21.64020769802347 8.164530542068043 -12.51804340887208
    vertex -20.22542485937363 4.524142824125306 -14.6946313073119
  endloop
endfacet
facet normal -0.227178 0.0191323 -0.973665
  outer loop
    vertex -7.738674451843439 4.516182908339971 -23.77210377161402
    vertex -3.76629703336881 3.715961363667503 -24.71467189052764
    vertex -5.197792270443972 0 -24.45369001834514
  endloop
endfacet
facet normal -0.0613356 0.00945898 -0.998072
  outer loop
    vertex 3.06151588455594e-15 70.00000000000003 -25
    vertex -2.609074899947863 67.4866103333665 -24.86348181905467
    vertex -3.404712819357884 72.50000000000004 -24.76707351742834
  endloop
endfacet
facet normal -0.241402 -0.0247341 -0.97011
  outer loop
    vertex -5.197792270443988 100 -24.45369001834514
    vertex -3.770254372133687 96.27986652385366 -24.71406850296824
    vertex -8.446725988163276 95.47389521217727 -23.52982830538479
  endloop
endfacet
facet normal -0.234372 0.0196282 0.971949
  outer loop
    vertex -5.197792270443991 0 24.45369001834514
    vertex -3.838074565367478 3.859459707058605 24.70362693271333
    vertex -7.958138933384534 4.384023063522257 23.69953638189889
  endloop
endfacet
facet normal -0.234372 -0.0196282 0.971949
  outer loop
    vertex -7.958138933384534 95.61597693647776 23.69953638189889
    vertex -3.838074565367565 96.14054029294154 24.70362693271331
    vertex -5.197792270443975 100 24.45369001834514
  endloop
endfacet
facet normal -0.550613 0.0121026 0.834673
  outer loop
    vertex -12.58982843575933 77.52971932956061 21.59852355968217
    vertex -11.95697917519113 81.72300546827375 21.95519640094448
    vertex -15.43550706664603 81.35492895486377 19.66583640721951
  endloop
endfacet
facet normal -0.557925 -0.0191618 0.82967
  outer loop
    vertex -15.75495020079077 16.0047895199573 19.41086149995932
    vertex -12.32873578556764 17.46575907661323 21.74861544856738
    vertex -14.30311336375845 21.0705357309168 20.50416904201374
  endloop
endfacet
facet normal -0.351156 0.0141827 -0.936209
  outer loop
    vertex -10.5495514983125 82.51529886467694 -22.66510452621943
    vertex -7.282911571712791 80.84502032117098 -23.91566848404225
    vertex -9.061905218841643 77.4502722570474 -23.29982561747471
  endloop
endfacet
facet normal -0.250534 -0.00398896 0.9681
  outer loop
    vertex -4.058463662609406 28.94736842105259 24.66837799084648
    vertex -8.301017031737363 31.65990290986537 23.58162666651319
    vertex -8.482478358452763 27.36344859924668 23.51696325843072
  endloop
endfacet
facet normal -0.242427 -0.0167483 0.970025
  outer loop
    vertex -4.271981334202001 34.19342146083566 24.63229943550195
    vertex -7.070756301876337 36.88168347494108 23.97924947364859
    vertex -8.301017031737363 31.65990290986537 23.58162666651319
  endloop
endfacet
facet normal -0.977243 -0.0430076 0.207719
  outer loop
    vertex -23.77641290737886 0 7.725424859373634
    vertex -24.45369001834515 3.181432902114551 5.197792270443921
    vertex -24.86304738420684 0 2.613211581691265
  endloop
endfacet
facet normal -0.835145 0.0397276 0.548593
  outer loop
    vertex -20.32601403525803 88.82024144983579 14.55517617339253
    vertex -19.26491243833955 92.09917396412338 15.93308346626949
    vertex -22.17190073863271 91.51185344307218 11.55018690914646
  endloop
endfacet
facet normal -0.647485 -0.034381 0.761303
  outer loop
    vertex -16.63276000921355 11.13308615755204 18.66417141144783
    vertex -17.98982680113501 7.809587065264893 17.35990010527609
    vertex -14.37652910045549 8.247274828625386 20.45276047441412
  endloop
endfacet
facet normal -0.0808681 -0.0106805 0.996668
  outer loop
    vertex -3.06151588455594e-15 94.73684210526315 25
    vertex -3.838074565367565 96.14054029294154 24.70362693271331
    vertex -4.354055975271391 92.04986369395971 24.61792429438768
  endloop
endfacet
facet normal -0.0887216 0.0323943 0.99553
  outer loop
    vertex -5.201267009497624 7.829618485317553 24.45295118172675
    vertex -3.838074565367478 3.859459707058605 24.70362693271333
    vertex -3.06151588455594e-15 5.263157894736835 25
  endloop
endfacet
facet normal -0.741293 -0.0466365 -0.669559
  outer loop
    vertex -20.22542485937363 4.524142824125306 -14.6946313073119
    vertex -18.57944502024595 7.544750711264683 -16.72734954317802
    vertex -16.69208513168329 4.590352735148727 -18.61113360213821
  endloop
endfacet
facet normal -0.246471 0.0219749 -0.968901
  outer loop
    vertex -4.200705858960853 37.4780612750042 -24.64455457675168
    vertex -7.262152551050001 35.00000000000034 -23.92198027599885
    vertex -8.544859789727669 39.46705312766761 -23.49436892478483
  endloop
endfacet
facet normal -0.228335 0.0139479 -0.973483
  outer loop
    vertex -5.167244703550232 77.47706795604446 -24.46016316735504
    vertex -7.282911571712791 80.84502032117098 -23.91566848404225
    vertex -3.767240111659147 82.64270086026815 -24.71452815534026
  endloop
endfacet
facet normal -0.331806 0.0352123 -0.94269
  outer loop
    vertex -6.154954294081941 67.6742212475165 -24.23048777135455
    vertex -9.194241181985658 65.3397974748368 -23.24792311341981
    vertex -10.79746547813791 68.96920488244481 -22.54805400136384
  endloop
endfacet
facet normal -0.398595 0.00751093 0.917096
  outer loop
    vertex -8.453068140332226 59.96026614794841 23.52755063781397
    vertex -8.062204247498986 64.00102419321716 23.66433735965597
    vertex -11.78089295104907 63.7459357052546 22.05018279461471
  endloop
endfacet
facet normal -0.720151 0.0320463 -0.693077
  outer loop
    vertex -16.46253025289197 9.97714443387386 -18.81449169317674
    vertex -18.57944502024595 7.544750711264683 -16.72734954317802
    vertex -19.71130764665883 11.30518158271701 -15.37739740199131
  endloop
endfacet
facet normal -0.428099 -0.0122541 0.903649
  outer loop
    vertex -8.94211508820935 78.96420706713747 23.34606128984542
    vertex -11.95697917519113 81.72300546827375 21.95519640094448
    vertex -12.58982843575933 77.52971932956061 21.59852355968217
  endloop
endfacet
facet normal -0.0786802 -0.00907214 -0.996859
  outer loop
    vertex -4.206877215225418 92.31262390299565 -24.64350186349369
    vertex -3.770254372133687 96.27986652385366 -24.71406850296824
    vertex 3.06151588455594e-15 95 -25
  endloop
endfacet
facet normal -0.0733826 -0.00636462 -0.997284
  outer loop
    vertex 3.06151588455594e-15 5.000000000000021 -25
    vertex -3.76629703336881 3.715961363667503 -24.71467189052764
    vertex -3.418488442425006 7.619370559443993 -24.76517588810963
  endloop
endfacet
facet normal -0.479682 0.0139629 -0.877331
  outer loop
    vertex -12.48132694248946 4.491434313360692 -21.66140525807794
    vertex -13.46183927978108 8.214232791471638 -21.06605998295227
    vertex -10.3307860657106 8.988069303932875 -22.76565086406536
  endloop
endfacet
facet normal -0.28529 -0.0243114 -0.958133
  outer loop
    vertex -9.061905218841643 77.4502722570474 -23.29982561747471
    vertex -7.282911571712791 80.84502032117098 -23.91566848404225
    vertex -5.167244703550232 77.47706795604446 -24.46016316735504
  endloop
endfacet
facet normal -0.230804 0.00142414 -0.972999
  outer loop
    vertex -4.313858481684703 32.50000000000001 -24.62499999999994
    vertex -7.262152551050001 35.00000000000034 -23.92198027599885
    vertex -4.200705858960853 37.4780612750042 -24.64455457675168
  endloop
endfacet
facet normal -0.229558 -0.00255637 0.973292
  outer loop
    vertex -4.515441182102748 39.50728717084976 24.58883468021554
    vertex -7.070756301876337 36.88168347494108 23.97924947364859
    vertex -4.271981334202001 34.19342146083566 24.63229943550195
  endloop
endfacet
facet normal -0.740547 -0.04219 0.670679
  outer loop
    vertex -16.88838953188757 90.12807753939404 18.4331847226471
    vertex -19.26491243833955 92.09917396412338 15.93308346626949
    vertex -20.32601403525803 88.82024144983579 14.55517617339253
  endloop
endfacet
facet normal -0.744338 0.0423879 0.666457
  outer loop
    vertex -20.04183740932937 9.759838381873273 14.94405411051519
    vertex -17.98982680113501 7.809587065264893 17.35990010527609
    vertex -16.63276000921355 11.13308615755204 18.66417141144783
  endloop
endfacet
facet normal -0.0522529 0 -0.998634
  outer loop
    vertex 3.06151588455594e-15 65.00000000000001 -25
    vertex -2.609074899947863 67.4866103333665 -24.86348181905467
    vertex 3.06151588455594e-15 70.00000000000003 -25
  endloop
endfacet
facet normal -0.237928 0.00966314 0.971235
  outer loop
    vertex -4.354055975271391 92.04986369395971 24.61792429438768
    vertex -3.838074565367565 96.14054029294154 24.70362693271331
    vertex -7.958138933384534 95.61597693647776 23.69953638189889
  endloop
endfacet
facet normal -0.239231 -0.0208498 0.970739
  outer loop
    vertex -7.958138933384534 4.384023063522257 23.69953638189889
    vertex -3.838074565367478 3.859459707058605 24.70362693271333
    vertex -5.201267009497624 7.829618485317553 24.45295118172675
  endloop
endfacet
facet normal -0.229367 0.00784438 -0.973308
  outer loop
    vertex -3.418488442425006 7.619370559443993 -24.76517588810963
    vertex -3.76629703336881 3.715961363667503 -24.71467189052764
    vertex -7.738674451843439 4.516182908339971 -23.77210377161402
  endloop
endfacet
facet normal -0.247085 0.00995856 -0.968943
  outer loop
    vertex -8.446725988163276 95.47389521217727 -23.52982830538479
    vertex -3.770254372133687 96.27986652385366 -24.71406850296824
    vertex -4.206877215225418 92.31262390299565 -24.64350186349369
  endloop
endfacet
facet normal -0.426342 -0.00573877 -0.904544
  outer loop
    vertex -8.893506505945073 61.39172675619639 -23.36462158967512
    vertex -12.33399850247523 61.80645624654851 -21.74563130702208
    vertex -9.194241181985658 65.3397974748368 -23.24792311341981
  endloop
endfacet
facet normal -0.263356 -0.0174253 -0.964541
  outer loop
    vertex -4.200705858960853 37.4780612750042 -24.64455457675168
    vertex -8.544859789727669 39.46705312766761 -23.49436892478483
    vertex -5.021463271338239 41.35232028908073 -24.49044855191333
  endloop
endfacet
facet normal -0.244324 0.0117438 -0.969623
  outer loop
    vertex -4.201939031333548 87.52499487929626 -24.64434434869298
    vertex -7.690716595333784 85.67438404274934 -23.78766231159038
    vertex -8.30760517366047 90.04316854029953 -23.57930652666803
  endloop
endfacet
facet normal -0.980403 -0.0323428 -0.19433
  outer loop
    vertex -23.95945825161392 92.52315921292924 -7.137531806525941
    vertex -24.87037031967807 92.52689254994704 -2.542573531301759
    vertex -24.55047144190399 95.91024659215805 -4.719571164868305
  endloop
endfacet
facet normal -0.388291 -0.0108813 -0.921473
  outer loop
    vertex -8.30760517366047 90.04316854029953 -23.57930652666803
    vertex -7.690716595333784 85.67438404274934 -23.78766231159038
    vertex -11.44202924080419 87.45102007202786 -22.22790963749362
  endloop
endfacet
facet normal -0.369694 -0.0172287 -0.928994
  outer loop
    vertex -8.544859789727669 39.46705312766761 -23.49436892478483
    vertex -7.262152551050001 35.00000000000034 -23.92198027599885
    vertex -10.93905658316387 36.12974607025647 -22.47970286881789
  endloop
endfacet
facet normal -0.411909 -0.0403434 0.910332
  outer loop
    vertex -7.958138933384534 4.384023063522257 23.69953638189889
    vertex -9.925433891180923 7.450703313284166 22.9452775549087
    vertex -12.50000000000001 4.524142824125335 21.65063509461096
  endloop
endfacet
facet normal -0.21442 -0.0112852 -0.976676
  outer loop
    vertex -3.418488442425006 7.619370559443993 -24.76517588810963
    vertex -6.903373906074329 10.0314262590196 -24.02797179773882
    vertex -4.313858481684363 12.50000000000004 -24.625
  endloop
endfacet
facet normal -0.483054 0.0379777 0.874767
  outer loop
    vertex -12.50000000000001 4.524142824125335 21.65063509461096
    vertex -9.925433891180923 7.450703313284166 22.9452775549087
    vertex -14.37652910045549 8.247274828625386 20.45276047441412
  endloop
endfacet
facet normal -0.341025 -0.016892 -0.939902
  outer loop
    vertex -8.991926262512861 13.18854721059018 -23.32692140188095
    vertex -6.903373906074329 10.0314262590196 -24.02797179773882
    vertex -10.3307860657106 8.988069303932875 -22.76565086406536
  endloop
endfacet
facet normal -0.995324 0.0365906 -0.0893911
  outer loop
    vertex -24.55047144190399 95.91024659215805 -4.719571164868305
    vertex -24.87037031967807 92.52689254994704 -2.542573531301759
    vertex -24.99927033736776 95.69875531339632 0.1910041863537229
  endloop
endfacet
facet normal 0 0 -1
  outer loop
    vertex 3.943375672974067 46.76104054504323 -325
    vertex 6.346081856638746 50.20104456408428 -325
    vertex 8.660254037844391 45.00000000000001 -325
  endloop
endfacet
facet normal -0 0 -1
  outer loop
    vertex -3.923432125828375 53.37630570510535 -325
    vertex -6.359899151414543 49.89164348732577 -325
    vertex -8.660254037844391 54.99999999999999 -325
  endloop
endfacet
facet normal 0 0 -1
  outer loop
    vertex 8.660254037844391 45.00000000000001 -325
    vertex 6.346081856638746 50.20104456408428 -325
    vertex 10 50 -325
  endloop
endfacet
facet normal 0 -0 -1
  outer loop
    vertex -8.660254037844391 54.99999999999999 -325
    vertex -6.359899151414543 49.89164348732577 -325
    vertex -10 50 -325
  endloop
endfacet
facet normal 0 0 -1
  outer loop
    vertex 2.849288171049887 50.55325267309293 -325
    vertex 6.346081856638746 50.20104456408428 -325
    vertex 3.943375672974067 46.76104054504323 -325
  endloop
endfacet
facet normal 0 0 -1
  outer loop
    vertex -2.972079033996032 49.72818313507025 -325
    vertex -6.359899151414543 49.89164348732577 -325
    vertex -3.923432125828375 53.37630570510535 -325
  endloop
endfacet
facet normal 0 0 -1
  outer loop
    vertex -5.000000000000005 58.66025403784438 -325
    vertex -0.03102589962749393 56.11233902929219 -325
    vertex -3.923432125828375 53.37630570510535 -325
  endloop
endfacet
facet normal 0 0 -1
  outer loop
    vertex -1.147908730933527e-14 60 -325
    vertex -0.03102589962749393 56.11233902929219 -325
    vertex -5.000000000000005 58.66025403784438 -325
  endloop
endfacet
facet normal 0 0 -1
  outer loop
    vertex 5.000000000000006 41.33974596215562 -325
    vertex 3.943375672974067 46.76104054504323 -325
    vertex 8.660254037844391 45.00000000000001 -325
  endloop
endfacet
facet normal -0 0 -1
  outer loop
    vertex 8.660254037844384 55.00000000000001 -325
    vertex 3.963319220119755 53.89197416636952 -325
    vertex 4.999999999999992 58.66025403784439 -325
  endloop
endfacet
facet normal 0 0 -1
  outer loop
    vertex 4.29288258446131e-15 40 -325
    vertex 2.348291555337445e-15 44.22649730810375 -325
    vertex 5.000000000000006 41.33974596215562 -325
  endloop
endfacet
facet normal 0 0 -1
  outer loop
    vertex -4.999999999999999 41.33974596215561 -325
    vertex 2.348291555337445e-15 44.22649730810375 -325
    vertex 4.29288258446131e-15 40 -325
  endloop
endfacet
facet normal 0 -0 -1
  outer loop
    vertex -3.943375672974063 46.24537208377905 -325
    vertex 2.348291555337445e-15 44.22649730810375 -325
    vertex -4.999999999999999 41.33974596215561 -325
  endloop
endfacet
facet normal 0 0 -1
  outer loop
    vertex -8.660254037844386 45 -325
    vertex -3.943375672974063 46.24537208377905 -325
    vertex -4.999999999999999 41.33974596215561 -325
  endloop
endfacet
facet normal 0 -0 -1
  outer loop
    vertex -5.000000000000005 58.66025403784438 -325
    vertex -3.923432125828375 53.37630570510535 -325
    vertex -8.660254037844391 54.99999999999999 -325
  endloop
endfacet
facet normal 0 0 -1
  outer loop
    vertex 5.000000000000006 41.33974596215562 -325
    vertex 2.348291555337445e-15 44.22649730810375 -325
    vertex 3.943375672974067 46.76104054504323 -325
  endloop
endfacet
facet normal 0 0 -1
  outer loop
    vertex 3.963319220119755 53.89197416636952 -325
    vertex -0.03102589962749393 56.11233902929219 -325
    vertex 4.999999999999992 58.66025403784439 -325
  endloop
endfacet
facet normal -0 0 -1
  outer loop
    vertex 4.999999999999992 58.66025403784439 -325
    vertex -0.03102589962749393 56.11233902929219 -325
    vertex -1.147908730933527e-14 60 -325
  endloop
endfacet
facet normal 0 0 -1
  outer loop
    vertex 10 50 -325
    vertex 6.346081856638746 50.20104456408428 -325
    vertex 8.660254037844384 55.00000000000001 -325
  endloop
endfacet
facet normal 0 0 -1
  outer loop
    vertex -10 50 -325
    vertex -6.359899151414543 49.89164348732577 -325
    vertex -8.660254037844386 45 -325
  endloop
endfacet
facet normal 0 0 -1
  outer loop
    vertex 8.660254037844384 55.00000000000001 -325
    vertex 6.346081856638746 50.20104456408428 -325
    vertex 3.963319220119755 53.89197416636952 -325
  endloop
endfacet
facet normal 0 0 -1
  outer loop
    vertex -8.660254037844386 45 -325
    vertex -6.359899151414543 49.89164348732577 -325
    vertex -3.943375672974063 46.24537208377905 -325
  endloop
endfacet
facet normal 0 0 -1
  outer loop
    vertex -3.923432125828375 53.37630570510535 -325
    vertex -0.03102589962749393 56.11233902929219 -325
    vertex -0.2260424920563174 52.08524622858951 -325
  endloop
endfacet
facet normal 0 0 -1
  outer loop
    vertex 2.348291555337445e-15 44.22649730810375 -325
    vertex 2.126246950412414e-15 48.45299461620749 -325
    vertex 3.943375672974067 46.76104054504323 -325
  endloop
endfacet
facet normal 0 0 -1
  outer loop
    vertex -3.943375672974063 46.24537208377905 -325
    vertex 2.126246950412414e-15 48.45299461620749 -325
    vertex 2.348291555337445e-15 44.22649730810375 -325
  endloop
endfacet
facet normal 0 0 -1
  outer loop
    vertex -0.2260424920563174 52.08524622858951 -325
    vertex -0.03102589962749393 56.11233902929219 -325
    vertex 3.963319220119755 53.89197416636952 -325
  endloop
endfacet
facet normal 0 0 -1
  outer loop
    vertex 2.849288171049887 50.55325267309293 -325
    vertex -0.2260424920563174 52.08524622858951 -325
    vertex 3.963319220119755 53.89197416636952 -325
  endloop
endfacet
facet normal 0 0 -1
  outer loop
    vertex 2.126246950412414e-15 48.45299461620749 -325
    vertex -0.2260424920563174 52.08524622858951 -325
    vertex 2.849288171049887 50.55325267309293 -325
  endloop
endfacet
facet normal 0 0 -1
  outer loop
    vertex 2.126246950412414e-15 48.45299461620749 -325
    vertex 2.849288171049887 50.55325267309293 -325
    vertex 3.943375672974067 46.76104054504323 -325
  endloop
endfacet
facet normal 0 0 -1
  outer loop
    vertex -3.943375672974063 46.24537208377905 -325
    vertex -2.972079033996032 49.72818313507025 -325
    vertex 2.126246950412414e-15 48.45299461620749 -325
  endloop
endfacet
facet normal 0 0 -1
  outer loop
    vertex -2.972079033996032 49.72818313507025 -325
    vertex -0.2260424920563174 52.08524622858951 -325
    vertex 2.126246950412414e-15 48.45299461620749 -325
  endloop
endfacet
facet normal 0 0 -1
  outer loop
    vertex -3.923432125828375 53.37630570510535 -325
    vertex -0.2260424920563174 52.08524622858951 -325
    vertex -2.972079033996032 49.72818313507025 -325
  endloop
endfacet
facet normal 0 -0 -1
  outer loop
    vertex 3.963319220119755 53.89197416636952 -325
    vertex 6.346081856638746 50.20104456408428 -325
    vertex 2.849288171049887 50.55325267309293 -325
  endloop
endfacet
facet normal 0 0 -1
  outer loop
    vertex -3.943375672974063 46.24537208377905 -325
    vertex -6.359899151414543 49.89164348732577 -325
    vertex -2.972079033996032 49.72818313507025 -325
  endloop
endfacet
facet normal 0.702586 -0.70734 0.077734
  outer loop
    vertex 4.82122961563525 41.2389643880805 -287.2483405711939
    vertex 6.950747075843296 42.81062484720293 -292.1943079986868
    vertex 8.541703981840266 44.80006797288521 -288.4709769333646
  endloop
endfacet
facet normal 0.611846 -0.787447 -0.0746384
  outer loop
    vertex 8.148704394166165 44.20356862401555 -68.91764465595088
    vertex 6.322793078877234 42.25259477749471 -63.30241180479399
    vertex 3.910657819440554 40.79637270315402 -67.7124444609792
  endloop
endfacet
facet normal 0.620067 -0.780273 -0.0818023
  outer loop
    vertex 6.789377794693565 42.65804187148129 -162.5110232947199
    vertex 3.595427161104343 40.66871372590074 -167.746125133056
    vertex 8.342717636311546 44.48646552193819 -168.1770593894077
  endloop
endfacet
facet normal 0.676555 -0.732567 -0.0749557
  outer loop
    vertex 8.541703981840266 44.80006797288521 -288.4709769333646
    vertex 7.414015061322529 43.28938298883905 -283.8851291160336
    vertex 4.82122961563525 41.2389643880805 -287.2483405711939
  endloop
endfacet
facet normal 0.618914 -0.780732 0.0860456
  outer loop
    vertex 3.672668007937475 40.69884363622068 -124.8807168953849
    vertex 5.887942908457518 41.91717077337738 -129.7604340177649
    vertex 8.260704812446576 44.36433180522292 -124.6231483945443
  endloop
endfacet
facet normal 0.672926 -0.738367 -0.044548
  outer loop
    vertex 4.13868474198691 40.8966331170031 -215.0036267673727
    vertex 8.871418312579586 45.38503118935484 -217.9062177730027
    vertex 8.488446396407708 44.71357608819412 -212.5621304825133
  endloop
endfacet
facet normal -0.627127 -0.772609 0.0989228
  outer loop
    vertex -8.529469511038085 44.78002395979907 -37.01191532515595
    vertex -6.406962965485612 42.32205590285422 -42.75343316890797
    vertex -3.762226556788853 40.73470716407772 -38.38451203321317
  endloop
endfacet
facet normal 0.35461 -0.925185 0.13522
  outer loop
    vertex -0.1017192512248589 40.00051735368623 -162.6223227391092
    vertex 3.595427161104343 40.66871372590074 -167.746125133056
    vertex 6.789377794693565 42.65804187148129 -162.5110232947199
  endloop
endfacet
facet normal -0.436742 -0.897306 -0.0640135
  outer loop
    vertex -1.558042127610506 40.12212043358541 -167.9716137916861
    vertex -5.30421255507397 41.5226578946821 -162.0447340213852
    vertex -6.878368162808369 42.74134644600913 -168.3877114472649
  endloop
endfacet
facet normal 0.357611 -0.920777 -0.155837
  outer loop
    vertex -0.1017192512248589 40.00051735368623 -162.6223227391092
    vertex 6.789377794693565 42.65804187148129 -162.5110232947199
    vertex 3.096499367130616 40.49149372039122 -158.1841000757148
  endloop
endfacet
facet normal 0.184183 -0.977025 -0.107232
  outer loop
    vertex -1.293893441593821 40.0840613272469 -115.0735250105303
    vertex 5.099998453836545 41.39825507406405 -116.0653358987031
    vertex 2.137530488592969 40.23112271495155 -110.5196094765937
  endloop
endfacet
facet normal -0.729431 -0.682229 0.049947
  outer loop
    vertex -6.878368162808369 42.74134644600913 -168.3877114472649
    vertex -5.30421255507397 41.5226578946821 -162.0447340213852
    vertex -8.716310506552801 45.09837464167678 -163.0344098086793
  endloop
endfacet
facet normal -0.69057 -0.723165 -0.0120705
  outer loop
    vertex -4.585021684579804 41.11306711221847 -71.59067365170824
    vertex -8.6242143120437 44.93809052827487 -69.66680952407745
    vertex -8.733024395558632 45.12821542896468 -74.83234389876392
  endloop
endfacet
facet normal 0.670664 -0.738148 -0.0731216
  outer loop
    vertex 5.725338110453396 41.80118889588314 -186.0736158771356
    vertex 4.220568555760305 40.93430636596806 -191.124197400118
    vertex 8.541313201656312 44.79942610943642 -190.5124057392521
  endloop
endfacet
facet normal 0.795557 -0.603904 0.0488699
  outer loop
    vertex 8.148704394166165 44.20356862401555 -68.91764465595088
    vertex 9.101465096039869 45.85713467445923 -63.99396884076046
    vertex 6.322793078877234 42.25259477749471 -63.30241180479399
  endloop
endfacet
facet normal -0.724622 -0.687453 -0.0482761
  outer loop
    vertex -8.868719475313048 45.37984687827307 -119.0315080509859
    vertex -5.021694844990592 41.35230777121463 -119.4229306718055
    vertex -5.909396627881285 41.9328424154238 -114.3653937508841
  endloop
endfacet
facet normal -0.960347 -0.27448 0.0489405
  outer loop
    vertex -10 50 -28.40537159341957
    vertex -8.927800143366184 45.49507107712999 -32.63146963095895
    vertex -8.480642620629743 44.70106607503374 -28.31013735209456
  endloop
endfacet
facet normal -0.646595 -0.756828 -0.0955344
  outer loop
    vertex -3.920194295881501 40.8004306251576 -173.0331720754752
    vertex -6.878368162808369 42.74134644600913 -168.3877114472649
    vertex -8.60525905884553 44.90593320321014 -173.8477387315874
  endloop
endfacet
facet normal 0.54221 -0.833172 -0.108775
  outer loop
    vertex 5.0214632713382 41.35232028908074 -24.49044855191332
    vertex 2.376592570854438 40.28651412971844 -29.51065587560777
    vertex 7.675053042350441 43.58957405493931 -28.39955399058772
  endloop
endfacet
facet normal 0.748163 -0.662845 -0.0298068
  outer loop
    vertex 5.887942908457518 41.91717077337738 -129.7604340177649
    vertex 8.754419018101197 45.16676633551531 -130.0752852042172
    vertex 8.260704812446576 44.36433180522292 -124.6231483945443
  endloop
endfacet
facet normal 0.657283 -0.748576 0.0872545
  outer loop
    vertex 4.220568555760305 40.93430636596806 -191.124197400118
    vertex 6.681920028149228 42.56011124159654 -195.7172771711275
    vertex 8.541313201656312 44.79942610943642 -190.5124057392521
  endloop
endfacet
facet normal 0.706529 -0.70762 0.00947484
  outer loop
    vertex 8.791604261262645 45.23474087657885 -179.2389227450538
    vertex 8.871418312579539 45.38503118935476 -173.9662728238796
    vertex 4.677454663791987 41.1613678734676 -176.6673596494033
  endloop
endfacet
facet normal 0.698414 -0.715059 0.0301332
  outer loop
    vertex 4.863829821155932 41.26254273424847 -139.313296478957
    vertex 8.519928014931244 44.76446501106241 -140.952386428971
    vertex 8.806600488325104 45.26251249721627 -135.7781152677736
  endloop
endfacet
facet normal -0.665428 -0.740158 0.0968075
  outer loop
    vertex -8.60525905884553 44.90593320321014 -173.8477387315874
    vertex -5.97586939578397 41.98195878256213 -178.1297546015204
    vertex -3.920194295881501 40.8004306251576 -173.0331720754752
  endloop
endfacet
facet normal -0.672114 -0.73731 -0.0680907
  outer loop
    vertex -8.483727782324523 44.70600690259091 -129.5810190844689
    vertex -4.654725296483364 41.1493767217061 -128.8641184591261
    vertex -6.498706628909413 42.39955184536012 -124.1997748665441
  endloop
endfacet
facet normal 0.660549 -0.746967 0.0756031
  outer loop
    vertex 4.234985330216725 40.94103210885207 -91.57747941053276
    vertex 5.931772388002308 41.94928100497022 -96.44079258851269
    vertex 8.472429304862036 44.6879437433217 -91.58035985341647
  endloop
endfacet
facet normal 0.217723 -0.968584 0.120173
  outer loop
    vertex 1.470963520423938 40.10877832006673 -119.8835394538688
    vertex 5.099998453836545 41.39825507406405 -116.0653358987031
    vertex -1.293893441593821 40.0840613272469 -115.0735250105303
  endloop
endfacet
facet normal -0.812621 -0.580476 -0.051903
  outer loop
    vertex -8.529469511038085 44.78002395979907 -37.01191532515595
    vertex -9.293345957907889 46.30761311525497 -42.13660439002055
    vertex -6.406962965485612 42.32205590285422 -42.75343316890797
  endloop
endfacet
facet normal 0.717422 -0.688713 0.104786
  outer loop
    vertex 4.13868474198691 40.8966331170031 -215.0036267673727
    vertex 5.766771577278664 41.83027873330485 -220.0139411941809
    vertex 8.871418312579586 45.38503118935484 -217.9062177730027
  endloop
endfacet
facet normal -0.717931 -0.692571 0.0701512
  outer loop
    vertex -8.868719475313048 45.37984687827307 -119.0315080509859
    vertex -6.498706628909413 42.39955184536012 -124.1997748665441
    vertex -5.021694844990592 41.35230777121463 -119.4229306718055
  endloop
endfacet
facet normal 0.638359 -0.765504 0.0806296
  outer loop
    vertex 3.910657819440554 40.79637270315402 -67.7124444609792
    vertex 5.797003779258602 41.8517028046799 -72.62760150058313
    vertex 8.148704394166165 44.20356862401555 -68.91764465595088
  endloop
endfacet
facet normal 0.681466 -0.729122 -0.0631266
  outer loop
    vertex 6.681920028149228 42.56011124159654 -195.7172771711275
    vertex 4.725079831086765 41.18673609893264 -200.979128719341
    vertex 8.497171701610965 44.72761220381678 -201.156181052839
  endloop
endfacet
facet normal -0.661096 -0.742532 -0.107698
  outer loop
    vertex -3.762226556788853 40.73470716407772 -38.38451203321317
    vertex -5.819529578519914 41.8677754897733 -33.56794906953382
    vertex -8.529469511038085 44.78002395979907 -37.01191532515595
  endloop
endfacet
facet normal 0.628454 -0.766577 0.131927
  outer loop
    vertex 3.595427161104343 40.66871372590074 -167.746125133056
    vertex 6.080463291613696 42.06098455982492 -171.4940244942838
    vertex 8.342717636311546 44.48646552193819 -168.1770593894077
  endloop
endfacet
facet normal -0.274983 -0.959985 0.0530401
  outer loop
    vertex -0.1017192512248589 40.00051735368623 -162.6223227391092
    vertex -5.30421255507397 41.5226578946821 -162.0447340213852
    vertex -1.558042127610506 40.12212043358541 -167.9716137916861
  endloop
endfacet
facet normal -0.247534 -0.965248 -0.0838062
  outer loop
    vertex -2.756327991081263 40.38736997458126 -182.4371952760023
    vertex -5.201606611660733 41.45931567978728 -187.5609702108432
    vertex 0.2363350580926498 40.00279310305542 -186.8470556871485
  endloop
endfacet
facet normal -0.75768 -0.652568 0.00872715
  outer loop
    vertex -5.736103063381597 41.80871672774868 -201.9707425626497
    vertex -8.959795820387788 45.5590475281803 -201.4189048305915
    vertex -8.868719475313044 45.37984687827307 -206.9113979492319
  endloop
endfacet
facet normal 0.684498 -0.723666 -0.0881486
  outer loop
    vertex 8.488446396407708 44.71357608819412 -212.5621304825133
    vertex 5.843223894639613 41.8847837664599 -209.8797368867173
    vertex 4.13868474198691 40.8966331170031 -215.0036267673727
  endloop
endfacet
facet normal -0.266955 -0.960948 0.0729005
  outer loop
    vertex 0.2363350580926498 40.00279310305542 -186.8470556871485
    vertex -5.201606611660733 41.45931567978728 -187.5609702108432
    vertex -1.557095063412422 40.12197109927812 -191.8434756229838
  endloop
endfacet
facet normal -0.725482 -0.688072 0.0152216
  outer loop
    vertex -8.716310506552801 45.09837464167678 -163.0344098086793
    vertex -5.30421255507397 41.5226578946821 -162.0447340213852
    vertex -8.871418312579539 45.38503118935476 -157.4691262949784
  endloop
endfacet
facet normal 0.72361 -0.690209 -0.000296453
  outer loop
    vertex 8.86871947529534 45.37984687823908 -80.58405622050319
    vertex 5.032341571970663 41.35849907116733 -82.16930964767216
    vertex 8.871418312579634 45.38503118935493 -86.06671575265312
  endloop
endfacet
facet normal 0.17105 -0.982177 0.0779134
  outer loop
    vertex -1.024585036439805 40.05262720598531 -248.3918295634812
    vertex 1.351906235888556 40.09180392153215 -253.1152785513051
    vertex 4.372233547711974 41.00647044791302 -248.2157635192808
  endloop
endfacet
facet normal 0.335132 -0.941668 -0.0307981
  outer loop
    vertex 4.372233547711974 41.00647044791302 -248.2157635192808
    vertex 1.351906235888556 40.09180392153215 -253.1152785513051
    vertex 5.241826207436104 41.48394116911842 -253.352133005227
  endloop
endfacet
facet normal -0.766504 -0.641861 0.0220607
  outer loop
    vertex -8.868719475313044 45.37984687827307 -206.9113979492319
    vertex -6.161083465386438 42.12338584590169 -207.581421308494
    vertex -5.736103063381597 41.80871672774868 -201.9707425626497
  endloop
endfacet
facet normal 0.624155 -0.773515 -0.110023
  outer loop
    vertex 8.260704812446576 44.36433180522292 -124.6231483945443
    vertex 5.860135497902768 41.89698747710335 -120.8948600765958
    vertex 3.672668007937475 40.69884363622068 -124.8807168953849
  endloop
endfacet
facet normal -0.723827 -0.685681 0.0769123
  outer loop
    vertex -8.733024395558632 45.12821542896468 -74.83234389876392
    vertex -5.91310003060209 41.93555655806964 -76.75673148148979
    vertex -4.585021684579804 41.11306711221847 -71.59067365170824
  endloop
endfacet
facet normal 0.522605 -0.852575 -0.000336229
  outer loop
    vertex 3.317860727818503 40.56645346697226 -313.9684117026156
    vertex 6.900886368875074 42.76275139822638 -313.9786957330375
    vertex 3.326057744803729 40.56934043249195 -308.5481617407283
  endloop
endfacet
facet normal -0.761801 -0.645984 -0.0486214
  outer loop
    vertex -5.30421255507397 41.5226578946821 -162.0447340213852
    vertex -6.177106224482922 42.13594514951387 -156.5163456114285
    vertex -8.871418312579539 45.38503118935476 -157.4691262949784
  endloop
endfacet
facet normal 0.318717 -0.947843 0.00365422
  outer loop
    vertex 0.4061371543878691 40.00825077317161 -48.3180874046863
    vertex 5.696716014846478 41.78127585046246 -49.86353015580508
    vertex 5.747950103413603 41.81702562580894 -45.05921519863942
  endloop
endfacet
facet normal 0.820933 -0.569071 0.0472039
  outer loop
    vertex 8.497171701610965 44.72761220381678 -201.156181052839
    vertex 9.29553127838081 46.31311808534041 -195.926411711951
    vertex 6.681920028149228 42.56011124159654 -195.7172771711275
  endloop
endfacet
facet normal 0.523912 -0.851772 0.000848583
  outer loop
    vertex 6.900886368875074 42.76275139822638 -313.9786957330375
    vertex 6.916872307071762 42.77802814408255 -308.5141919422031
    vertex 3.326057744803729 40.56934043249195 -308.5481617407283
  endloop
endfacet
facet normal 0.390931 -0.92042 -0.000434541
  outer loop
    vertex 5.739260770509468 41.81092888001996 -297.5548218928816
    vertex 1.896881128815395 40.18155603045248 -303.0769063400162
    vertex 5.748593809295612 41.8174778206394 -303.0300182448594
  endloop
endfacet
facet normal 0.391963 -0.91998 -0.00128198
  outer loop
    vertex 5.739260770509468 41.81092888001996 -297.5548218928816
    vertex 1.930684400366171 40.18814707885495 -297.4715400098997
    vertex 1.896881128815395 40.18155603045248 -303.0769063400162
  endloop
endfacet
facet normal 0.530571 -0.846667 -0.0406014
  outer loop
    vertex 3.455498346320284 40.61599599432216 -292.1045959188031
    vertex 6.950747075843296 42.81062484720293 -292.1943079986868
    vertex 4.82122961563525 41.2389643880805 -287.2483405711939
  endloop
endfacet
facet normal -0.819912 -0.569509 0.0583501
  outer loop
    vertex -6.498706628909413 42.39955184536012 -124.1997748665441
    vertex -9.364643682291961 46.49237278153603 -124.5240011696262
    vertex -8.483727782324523 44.70600690259091 -129.5810190844689
  endloop
endfacet
facet normal 0.447855 -0.892629 0.0513802
  outer loop
    vertex 5.099998453836545 41.39825507406405 -116.0653358987031
    vertex 6.509731934064344 42.40899281079099 -110.7937116502026
    vertex 2.137530488592969 40.23112271495155 -110.5196094765937
  endloop
endfacet
facet normal 0.828701 -0.557696 0.0472197
  outer loop
    vertex 8.342717636311546 44.48646552193819 -168.1770593894077
    vertex 9.32365515954984 46.38482995340473 -162.9714530001087
    vertex 6.789377794693565 42.65804187148129 -162.5110232947199
  endloop
endfacet
facet normal 0.738671 -0.670957 -0.0646646
  outer loop
    vertex 8.806600488325104 45.26251249721627 -135.7781152677736
    vertex 6.004530773302891 42.00340008550768 -133.9700455925156
    vertex 4.863829821155932 41.26254273424847 -139.313296478957
  endloop
endfacet
facet normal -0.729655 -0.683759 -0.00876665
  outer loop
    vertex -5.121417618140389 41.41099065196683 -104.8920201928775
    vertex -8.868719475294567 45.3798468782376 -102.5540286950648
    vertex -8.944610519576422 45.52854132825956 -107.8350539245988
  endloop
endfacet
facet normal 0.644928 -0.760956 0.0708173
  outer loop
    vertex 3.766878601737814 40.73659751496407 -34.68987278164556
    vertex 5.016251822337508 41.34914931033395 -39.48574178391286
    vertex 8.32900734229176 44.46577587262225 -36.16554577021938
  endloop
endfacet
facet normal 0.514965 -0.85336 0.0811638
  outer loop
    vertex 2.376592570854438 40.28651412971844 -29.51065587560777
    vertex 6.876417305841875 42.73949829309858 -32.27014374339353
    vertex 7.675053042350441 43.58957405493931 -28.39955399058772
  endloop
endfacet
facet normal 0.742412 -0.668723 0.0404227
  outer loop
    vertex 5.032341571970663 41.35849907116733 -82.16930964767216
    vertex 5.682203108533671 41.77123533977485 -87.27681570385286
    vertex 8.871418312579634 45.38503118935493 -86.06671575265312
  endloop
endfacet
facet normal 0.758079 -0.652163 0.00024264
  outer loop
    vertex 8.871418312579573 45.38503118935482 -228.8715368373032
    vertex 5.892393471198281 41.92041466530739 -233.6451023369323
    vertex 8.868719475326181 45.37984687829829 -234.3738635424336
  endloop
endfacet
facet normal -0.671385 -0.737723 -0.0707566
  outer loop
    vertex -8.459706681040529 44.6677056654046 -152.0948321362892
    vertex -4.399109933866491 41.01958621277632 -152.588400470837
    vertex -5.981845272199788 41.98641608645289 -147.6507355347024
  endloop
endfacet
facet normal -0.828987 -0.557908 -0.0389715
  outer loop
    vertex -8.716310506552801 45.09837464167678 -163.0344098086793
    vertex -9.319298622753521 46.37361430899245 -168.4639461187493
    vertex -6.878368162808369 42.74134644600913 -168.3877114472649
  endloop
endfacet
facet normal -0.366435 -0.927837 0.0695928
  outer loop
    vertex -0.9294458156615539 40.04328716514586 -177.4053469940853
    vertex -5.97586939578397 41.98195878256213 -178.1297546015204
    vertex -2.756327991081263 40.38736997458126 -182.4371952760023
  endloop
endfacet
facet normal -0.625848 -0.77653 -0.0729132
  outer loop
    vertex -4.248897694564662 40.94754904011499 -211.471866779707
    vertex -6.161083465386438 42.12338584590169 -207.581421308494
    vertex -8.05846842073796 44.07875969817395 -212.1201254110478
  endloop
endfacet
facet normal 0.728375 -0.685117 -0.00916234
  outer loop
    vertex 8.868719475326195 45.37984687829831 -256.3438360169952
    vertex 8.779454107663163 45.21239250027361 -250.9186820821559
    vertex 5.241826207436104 41.48394116911842 -253.352133005227
  endloop
endfacet
facet normal 0.603678 -0.787542 -0.123895
  outer loop
    vertex 8.32900734229176 44.46577587262225 -36.16554577021938
    vertex 6.876417305841875 42.73949829309858 -32.27014374339353
    vertex 3.766878601737814 40.73659751496407 -34.68987278164556
  endloop
endfacet
facet normal -0.348015 -0.934383 -0.0762462
  outer loop
    vertex -3.920194295881501 40.8004306251576 -173.0331720754752
    vertex -5.97586939578397 41.98195878256213 -178.1297546015204
    vertex -0.9294458156615539 40.04328716514586 -177.4053469940853
  endloop
endfacet
facet normal -0.735495 -0.677508 0.00543181
  outer loop
    vertex -5.25740392643048 41.49354927397135 -225.8322029670799
    vertex -8.929402045731397 45.49824710743827 -223.5348620124391
    vertex -8.881575191375964 45.40460859991937 -228.7383661203701
  endloop
endfacet
facet normal 0.740424 -0.671898 0.0180277
  outer loop
    vertex 9.027572935681658 45.69849713577359 -102.7868918522821
    vertex 5.334733594443933 41.54183131663176 -106.0367501223772
    vertex 8.871418312579642 45.38503118935495 -108.0563554001955
  endloop
endfacet
facet normal -0.356599 -0.930178 -0.0872098
  outer loop
    vertex -3.02949267282603 40.46993315105852 -244.6447776558146
    vertex -5.926166570177955 41.94515364625089 -248.5350050140993
    vertex -1.024585036439805 40.05262720598531 -248.3918295634812
  endloop
endfacet
facet normal 0.252574 -0.964911 0.0717865
  outer loop
    vertex -3.41074011481896e-14 40 -25
    vertex 2.376592570854438 40.28651412971844 -29.51065587560777
    vertex 5.0214632713382 41.35232028908074 -24.49044855191332
  endloop
endfacet
facet normal 0.982415 -0.184177 -0.0306559
  outer loop
    vertex 10 50 -28.40537159341963
    vertex 9.45977233392507 46.75766945079533 -26.23821965480954
    vertex 9.112806270413717 45.8821411051484 -32.09720217874025
  endloop
endfacet
facet normal -0.771218 -0.636286 0.0190743
  outer loop
    vertex -5.909396627881285 41.9328424154238 -114.3653937508841
    vertex -9.069755188867182 45.78816657332975 -113.5390149323455
    vertex -8.868719475313048 45.37984687827307 -119.0315080509859
  endloop
endfacet
facet normal 0.77773 -0.627899 -0.0296317
  outer loop
    vertex 8.871418312579573 45.38503118935482 -228.8715368373032
    vertex 6.480486955614338 42.38401097570956 -228.0333287304386
    vertex 5.892393471198281 41.92041466530739 -233.6451023369323
  endloop
endfacet
facet normal 0.744489 -0.667286 0.0215785
  outer loop
    vertex 8.541313201656312 44.79942610943642 -190.5124057392521
    vertex 8.824457664208097 45.29585853395128 -184.9297934779019
    vertex 5.725338110453396 41.80118889588314 -186.0736158771356
  endloop
endfacet
facet normal 0.760741 -0.648246 -0.0323951
  outer loop
    vertex 5.931772388002308 41.94928100497022 -96.44079258851269
    vertex 8.930901574260066 45.50122271379443 -97.08818735011111
    vertex 8.472429304862036 44.6879437433217 -91.58035985341647
  endloop
endfacet
facet normal 0.732741 -0.675642 -0.0812287
  outer loop
    vertex 8.871418312579539 45.38503118935476 -173.9662728238796
    vertex 6.080463291613696 42.06098455982492 -171.4940244942838
    vertex 4.677454663791987 41.1613678734676 -176.6673596494033
  endloop
endfacet
facet normal 0.366721 -0.926252 -0.0870163
  outer loop
    vertex 5.747950103413603 41.81702562580894 -45.05921519863942
    vertex 2.334475308701296 40.27630599858963 -43.04463798451184
    vertex 0.4061371543878691 40.00825077317161 -48.3180874046863
  endloop
endfacet
facet normal 0.863916 -0.503062 0.0240137
  outer loop
    vertex 9.112806270413717 45.8821411051484 -32.09720217874025
    vertex 9.45977233392507 46.75766945079533 -26.23821965480954
    vertex 7.675053042350441 43.58957405493931 -28.39955399058772
  endloop
endfacet
facet normal -0.639646 -0.766626 0.0560153
  outer loop
    vertex -8.05846842073796 44.07875969817395 -212.1201254110478
    vertex -5.479502243880352 41.63489060685336 -216.1173487166248
    vertex -4.248897694564662 40.94754904011499 -211.471866779707
  endloop
endfacet
facet normal 0.338787 -0.94007 0.0386218
  outer loop
    vertex 5.241826207436104 41.48394116911842 -253.352133005227
    vertex 1.351906235888556 40.09180392153215 -253.1152785513051
    vertex 3.068277144495155 40.48234927282112 -258.6650979260459
  endloop
endfacet
facet normal 0.107573 -0.992844 -0.0518562
  outer loop
    vertex -0.1017192512248589 40.00051735368623 -162.6223227391092
    vertex -1.558042127610506 40.12212043358541 -167.9716137916861
    vertex 3.595427161104343 40.66871372590074 -167.746125133056
  endloop
endfacet
facet normal -0.693305 -0.718036 -0.0612613
  outer loop
    vertex -6.406962965485612 42.32205590285422 -42.75343316890797
    vertex -8.542747996282655 44.80178331809757 -47.64695530279678
    vertex -4.872056738547599 41.26712744073447 -47.75955220173373
  endloop
endfacet
facet normal 0.250151 -0.961073 0.117318
  outer loop
    vertex 2.547035696646033 40.32980821493126 -320.5541204445726
    vertex 4.999510834536621 41.33946356076306 -317.5122772888797
    vertex -0.682416234382593 40.02331176777328 -316.1789820412457
  endloop
endfacet
facet normal 0.660365 -0.746878 -0.0780419
  outer loop
    vertex 8.472429304862036 44.6879437433217 -91.58035985341647
    vertex 5.682203108533671 41.77123533977485 -87.27681570385286
    vertex 4.234985330216725 40.94103210885207 -91.57747941053276
  endloop
endfacet
facet normal 0.730629 -0.675593 0.0987628
  outer loop
    vertex 4.677454663791987 41.1613678734676 -176.6673596494033
    vertex 6.578184962475312 42.46823509398602 -181.7889086362184
    vertex 8.791604261262645 45.23474087657885 -179.2389227450538
  endloop
endfacet
facet normal 0.176129 -0.980552 -0.0865799
  outer loop
    vertex -1.024585036439805 40.05262720598531 -248.3918295634812
    vertex 4.372233547711974 41.00647044791302 -248.2157635192808
    vertex 2.046432369120216 40.21163371350372 -243.9452865484022
  endloop
endfacet
facet normal 0.691703 -0.719287 0.0646035
  outer loop
    vertex 8.557545082459566 44.82617915253417 -58.57573078507875
    vertex 4.776105722422655 41.2142835165115 -58.30261229241542
    vertex 6.322793078877234 42.25259477749471 -63.30241180479399
  endloop
endfacet
facet normal -0.452879 -0.88987 -0.0550581
  outer loop
    vertex -5.021694844990592 41.35230777121463 -119.4229306718055
    vertex -6.498706628909413 42.39955184536012 -124.1997748665441
    vertex -2.292306621554231 40.26627869965559 -124.3206239916093
  endloop
endfacet
facet normal -0.659955 -0.746294 0.0866271
  outer loop
    vertex -8.459706681040529 44.6677056654046 -152.0948321362892
    vertex -6.177106224482922 42.13594514951387 -156.5163456114285
    vertex -4.399109933866491 41.01958621277632 -152.588400470837
  endloop
endfacet
facet normal -0.757111 -0.653267 -0.00495994
  outer loop
    vertex -8.924334873714896 45.4882102152476 -53.33411182758047
    vertex -8.971753692005512 45.58325507981438 -58.6140837459417
    vertex -5.706745798797781 41.78823695008776 -57.16547248800941
  endloop
endfacet
facet normal -0.361084 -0.929739 0.0721415
  outer loop
    vertex -5.926166570177955 41.94515364625089 -248.5350050140993
    vertex -2.471974761311124 40.31034877926761 -252.3148983137427
    vertex -1.024585036439805 40.05262720598531 -248.3918295634812
  endloop
endfacet
facet normal -0.705972 -0.703238 -0.0840267
  outer loop
    vertex -4.585021684579804 41.11306711221847 -71.59067365170824
    vertex -6.130461049941603 42.09952866500049 -66.86217713731926
    vertex -8.6242143120437 44.93809052827487 -69.66680952407745
  endloop
endfacet
facet normal -0.763985 -0.643867 0.0419886
  outer loop
    vertex -8.05846842073796 44.07875969817395 -212.1201254110478
    vertex -6.161083465386438 42.12338584590169 -207.581421308494
    vertex -8.868719475313044 45.37984687827307 -206.9113979492319
  endloop
endfacet
facet normal 0.022648 -0.997743 -0.0632077
  outer loop
    vertex 3.068277144495155 40.48234927282112 -258.6650979260459
    vertex 1.351906235888556 40.09180392153215 -253.1152785513051
    vertex -2.136241434394598 40.23084074579722 -256.5598371502974
  endloop
endfacet
facet normal -0.704797 -0.709217 0.0165021
  outer loop
    vertex -8.649706950355739 44.98202392972527 -23.45596404783785
    vertex -8.480642620629743 44.70106607503374 -28.31013735209456
    vertex -5.021463271338239 41.35232028908073 -24.49044855191333
  endloop
endfacet
facet normal -0.450078 -0.890913 0.060858
  outer loop
    vertex -6.498706628909413 42.39955184536012 -124.1997748665441
    vertex -4.654725296483364 41.1493767217061 -128.8641184591261
    vertex -2.292306621554231 40.26627869965559 -124.3206239916093
  endloop
endfacet
facet normal -0.829679 -0.556679 0.0417186
  outer loop
    vertex -6.878368162808369 42.74134644600913 -168.3877114472649
    vertex -9.319298622753521 46.37361430899245 -168.4639461187493
    vertex -8.60525905884553 44.90593320321014 -173.8477387315874
  endloop
endfacet
facet normal 0.197601 -0.973095 -0.118491
  outer loop
    vertex -0.682416234382593 40.02331176777328 -316.1789820412457
    vertex 4.999510834536621 41.33946356076306 -317.5122772888797
    vertex 3.317860727818503 40.56645346697226 -313.9684117026156
  endloop
endfacet
facet normal 0.339409 -0.936567 0.0874253
  outer loop
    vertex 2.658854764227328 40.35995376864065 -53.29603319904349
    vertex 5.696716014846478 41.78127585046246 -49.86353015580508
    vertex 0.4061371543878691 40.00825077317161 -48.3180874046863
  endloop
endfacet
facet normal -0.758944 -0.645948 0.0821826
  outer loop
    vertex -8.944610519576422 45.52854132825956 -107.8350539245988
    vertex -6.664064355944087 42.54411331498154 -110.2318925692282
    vertex -5.121417618140389 41.41099065196683 -104.8920201928775
  endloop
endfacet
facet normal 0.774347 -0.628118 -0.0765145
  outer loop
    vertex 9.027572935681658 45.69849713577359 -102.7868918522821
    vertex 6.769487136224545 42.63969810996245 -100.5292050637785
    vertex 5.334733594443933 41.54183131663176 -106.0367501223772
  endloop
endfacet
facet normal -0.327538 -0.942105 -0.0718139
  outer loop
    vertex -2.296013872104089 40.26715250817595 -133.7253561908971
    vertex -5.733233698190787 41.80670814861758 -138.2454095201971
    vertex -0.4547268264543706 40.0103441744321 -138.7543399969892
  endloop
endfacet
facet normal -0.767213 -0.640889 -0.0253966
  outer loop
    vertex -5.706745798797781 41.78823695008776 -57.16547248800941
    vertex -6.165744216028348 42.12703370625067 -51.84907441132717
    vertex -8.924334873714896 45.4882102152476 -53.33411182758047
  endloop
endfacet
facet normal 0.818539 -0.572601 -0.0460629
  outer loop
    vertex 6.681920028149228 42.56011124159654 -195.7172771711275
    vertex 9.29553127838081 46.31311808534041 -195.926411711951
    vertex 8.541313201656312 44.79942610943642 -190.5124057392521
  endloop
endfacet
facet normal -0.41668 -0.909044 0.00409056
  outer loop
    vertex -2.136241434394598 40.23084074579722 -256.5598371502974
    vertex -6.048871528922279 42.03688796847656 -253.758128255814
    vertex -5.965691563921132 41.9743832533468 -259.1755030331792
  endloop
endfacet
facet normal 0.101985 -0.992037 0.0739059
  outer loop
    vertex -1.558042127610506 40.12212043358541 -167.9716137916861
    vertex 1.490642265776251 40.11172484022206 -172.3181168901426
    vertex 3.595427161104343 40.66871372590074 -167.746125133056
  endloop
endfacet
facet normal -0.367735 -0.92993 -0.00154138
  outer loop
    vertex -5.754784623062549 41.82183064847867 -308.5225042001329
    vertex -5.784014057500213 41.84247700691932 -314.0052479257624
    vertex -1.377561930366238 40.09533831329885 -311.2083626612796
  endloop
endfacet
facet normal -0.368673 -0.929558 -0.00164327
  outer loop
    vertex -1.452279134409804 40.10601772208187 -261.830437131498
    vertex -5.740094108160575 41.81151298288504 -264.6023921657971
    vertex -1.413538439420728 40.10040864074279 -267.3491042741472
  endloop
endfacet
facet normal -0.787456 -0.616134 -0.0170924
  outer loop
    vertex -8.964847153176041 45.56925339020709 -86.30099198060141
    vertex -9.136289681714651 45.93450976488758 -91.56904245778398
    vertex -6.20616661125866 42.1588587569603 -90.45954827458492
  endloop
endfacet
facet normal -0.37634 -0.926402 0.0121583
  outer loop
    vertex -1.452279134409804 40.10601772208187 -261.830437131498
    vertex -5.965691563921132 41.9743832533468 -259.1755030331792
    vertex -5.740094108160575 41.81151298288504 -264.6023921657971
  endloop
endfacet
facet normal -0.39724 -0.91723 -0.029827
  outer loop
    vertex -2.136241434394598 40.23084074579722 -256.5598371502974
    vertex -5.965691563921132 41.9743832533468 -259.1755030331792
    vertex -1.452279134409804 40.10601772208187 -261.830437131498
  endloop
endfacet
facet normal 0.523807 -0.851013 -0.0374693
  outer loop
    vertex 3.326057744803729 40.56934043249195 -308.5481617407283
    vertex 6.916872307071762 42.77802814408255 -308.5141919422031
    vertex 5.748593809295612 41.8174778206394 -303.0300182448594
  endloop
endfacet
facet normal -0.368143 -0.929769 -0.000676558
  outer loop
    vertex -1.413538439420728 40.10040864074279 -267.3491042741472
    vertex -5.740094108160575 41.81151298288504 -264.6023921657971
    vertex -5.753124416380271 41.8206626521674 -270.0861315003669
  endloop
endfacet
facet normal -0.752609 -0.65612 0.0555576
  outer loop
    vertex -8.881575191375964 45.40460859991937 -228.7383661203701
    vertex -6.303692363207865 42.2370454986497 -231.2252188035148
    vertex -5.25740392643048 41.49354927397135 -225.8322029670799
  endloop
endfacet
facet normal -0.747694 -0.663886 0.0144787
  outer loop
    vertex -8.692957713915714 45.05707716183296 -316.8280857257457
    vertex -5.784014057500213 41.84247700691932 -314.0052479257624
    vertex -8.864229443685993 45.37123813858497 -311.2676137537553
  endloop
endfacet
facet normal -0.968846 -0.247153 -0.0158782
  outer loop
    vertex -8.692957713915714 45.05707716183296 -316.8280857257457
    vertex -8.864229443685993 45.37123813858497 -311.2676137537553
    vertex -10 50 -314.0150137627192
  endloop
endfacet
facet normal -0.368269 -0.929719 -0.000445128
  outer loop
    vertex -1.413538439420728 40.10040864074279 -267.3491042741472
    vertex -5.753124416380271 41.8206626521674 -270.0861315003669
    vertex -1.403212102711522 40.09893966310658 -272.8242367303915
  endloop
endfacet
facet normal -0.368002 -0.929825 4.60184e-05
  outer loop
    vertex -1.403212102711522 40.09893966310658 -272.8242367303915
    vertex -5.753124416380271 41.8206626521674 -270.0861315003669
    vertex -5.752238355233225 41.82003949248019 -275.5917037663366
  endloop
endfacet
facet normal -0.363854 -0.931426 -0.00746713
  outer loop
    vertex -1.403212102711522 40.09893966310658 -272.8242367303915
    vertex -5.752238355233225 41.82003949248019 -275.5917037663366
    vertex -1.230839440740236 40.07603737052995 -278.3667600847182
  endloop
endfacet
facet normal 0.772833 -0.633591 0.0359441
  outer loop
    vertex 8.868719475291305 45.37984687823134 -278.3138084915567
    vertex 6.260343784564133 42.20204541568308 -278.2467083607006
    vertex 7.414015061322529 43.28938298883905 -283.8851291160336
  endloop
endfacet
facet normal 0.390284 -0.919961 0.0367444
  outer loop
    vertex 5.748593809295612 41.8174778206394 -303.0300182448594
    vertex 1.896881128815395 40.18155603045248 -303.0769063400162
    vertex 3.326057744803729 40.56934043249195 -308.5481617407283
  endloop
endfacet
facet normal -0.314447 -0.946069 0.0779561
  outer loop
    vertex -0.4547268264543706 40.0103441744321 -138.7543399969892
    vertex -5.733233698190787 41.80670814861758 -138.2454095201971
    vertex -3.053756075493417 40.47768022846391 -143.566333656487
  endloop
endfacet
facet normal -0.359264 -0.933235 0.00114936
  outer loop
    vertex -1.230839440740236 40.07603737052995 -278.3667600847182
    vertex -5.752238355233225 41.82003949248019 -275.5917037663366
    vertex -5.730945519146387 41.80510747742376 -281.060263558101
  endloop
endfacet
facet normal 0.773228 -0.633109 0.0359416
  outer loop
    vertex 8.868719475322148 45.37984687829054 -267.3288222542759
    vertex 6.270574072735347 42.21026952980148 -267.2656890981411
    vertex 7.437146353085721 43.31502773956512 -272.9024198778563
  endloop
endfacet
facet normal -0.351897 -0.93595 -0.0129011
  outer loop
    vertex -1.230839440740236 40.07603737052995 -278.3667600847182
    vertex -5.730945519146387 41.80510747742376 -281.060263558101
    vertex -0.9394833534642756 40.04422925994358 -284.0063285301364
  endloop
endfacet
facet normal -0.752774 -0.658278 0.00153429
  outer loop
    vertex -8.864229443685993 45.37123813858497 -311.2676137537553
    vertex -5.784014057500213 41.84247700691932 -314.0052479257624
    vertex -5.754784623062549 41.82183064847867 -308.5225042001329
  endloop
endfacet
facet normal 0.973688 -0.227087 -0.0190572
  outer loop
    vertex 10 50 -308.5225206440788
    vertex 9.078361684813173 45.80674957584023 -305.6445605426695
    vertex 8.868719475312814 45.37984687827262 -311.2687672033991
  endloop
endfacet
facet normal -0.208784 -0.975032 0.0756463
  outer loop
    vertex 0.4972557453429531 40.01237081566784 -129.2998814267721
    vertex -4.654725296483364 41.1493767217061 -128.8641184591261
    vertex -2.296013872104089 40.26715250817595 -133.7253561908971
  endloop
endfacet
facet normal -0.966772 -0.255641 0
  outer loop
    vertex -10 50 -319.5075068813596
    vertex -8.692957713915714 45.05707716183296 -316.8280857257457
    vertex -10 50 -314.0150137627192
  endloop
endfacet
facet normal 0.100054 -0.994982 0.000378642
  outer loop
    vertex -1.377561930366238 40.09533831329885 -311.2083626612796
    vertex 3.317860727818503 40.56645346697226 -313.9684117026156
    vertex 3.326057744803729 40.56934043249195 -308.5481617407283
  endloop
endfacet
facet normal -0.340739 -0.940126 0.00774295
  outer loop
    vertex -0.9394833534642756 40.04422925994358 -284.0063285301364
    vertex -5.730945519146387 41.80510747742376 -281.060263558101
    vertex -5.592008797825241 41.70967807591013 -286.5329281643852
  endloop
endfacet
facet normal -0.376984 -0.926022 -0.0191263
  outer loop
    vertex -5.754784623062549 41.82183064847867 -308.5225042001329
    vertex -1.377561930366238 40.09533831329885 -311.2083626612796
    vertex -1.82313972972019 40.16759635053992 -305.9243892495343
  endloop
endfacet
facet normal -0.373899 -0.927255 0.0199354
  outer loop
    vertex -1.809924228769985 40.16515509598085 -294.7075227816251
    vertex -1.336062474967357 40.08965504823449 -289.3317115113309
    vertex -5.725118242759512 41.80103536375341 -292.0494410010855
  endloop
endfacet
facet normal 0.752336 -0.658779 0.000293743
  outer loop
    vertex 8.871889398263558 45.38593687678867 -42.08984886405332
    vertex 5.747950103413603 41.81702562580894 -45.05921519863942
    vertex 8.868719475326195 45.37984687829831 -47.62909750866093
  endloop
endfacet
facet normal -0.359628 -0.933071 -0.00677474
  outer loop
    vertex -1.336062474967357 40.08965504823449 -289.3317115113309
    vertex -5.592008797825241 41.70967807591013 -286.5329281643852
    vertex -5.725118242759512 41.80103536375341 -292.0494410010855
  endloop
endfacet
facet normal 0.957314 -0.28905 0
  outer loop
    vertex 10 50 -33.89786471206003
    vertex 8.32900734229176 44.46577587262225 -36.16554577021938
    vertex 10 50 -39.3903578307004
  endloop
endfacet
facet normal -0.34549 -0.938255 0.0177251
  outer loop
    vertex -0.9394833534642756 40.04422925994358 -284.0063285301364
    vertex -5.592008797825241 41.70967807591013 -286.5329281643852
    vertex -1.336062474967357 40.08965504823449 -289.3317115113309
  endloop
endfacet
facet normal 0.971347 -0.237667 -0.000294571
  outer loop
    vertex 10 50 -44.88285094934076
    vertex 8.871889398263558 45.38593687678867 -42.08984886405332
    vertex 8.868719475326195 45.37984687829831 -47.62909750866093
  endloop
endfacet
facet normal 0.82439 -0.564934 -0.035085
  outer loop
    vertex 6.789377794693565 42.65804187148129 -162.5110232947199
    vertex 9.32365515954984 46.38482995340473 -162.9714530001087
    vertex 8.86871947532415 45.37984687829439 -157.4789598814683
  endloop
endfacet
facet normal -0.387174 -0.922002 -0.00285078
  outer loop
    vertex -5.784781348035201 41.84302110120272 -297.5254539498241
    vertex -1.809924228769985 40.16515509598085 -294.7075227816251
    vertex -5.725118242759512 41.80103536375341 -292.0494410010855
  endloop
endfacet
facet normal 0.706525 -0.705623 0.0540215
  outer loop
    vertex 8.779454107663163 45.21239250027361 -250.9186820821559
    vertex 4.372233547711974 41.00647044791302 -248.2157635192808
    vertex 5.241826207436104 41.48394116911842 -253.352133005227
  endloop
endfacet
facet normal 0.963546 -0.263312 0.0473984
  outer loop
    vertex 8.32900734229176 44.46577587262225 -36.16554577021938
    vertex 8.871889398263558 45.38593687678867 -42.08984886405332
    vertex 10 50 -39.3903578307004
  endloop
endfacet
facet normal 0.971306 -0.237832 0
  outer loop
    vertex 10 50 -308.5225206440788
    vertex 8.868719475312814 45.37984687827262 -311.2687672033991
    vertex 10 50 -314.0150137627193
  endloop
endfacet
facet normal -0.962535 -0.271158 0
  outer loop
    vertex -10 50 -39.39035783070035
    vertex -8.529469511038085 44.78002395979907 -37.01191532515595
    vertex -10 50 -33.89786471205997
  endloop
endfacet
facet normal -0.115626 -0.990167 -0.0787334
  outer loop
    vertex -1.558042127610506 40.12212043358541 -167.9716137916861
    vertex -3.920194295881501 40.8004306251576 -173.0331720754752
    vertex 1.490642265776251 40.11172484022206 -172.3181168901426
  endloop
endfacet
facet normal -0.220891 -0.972475 -0.0741617
  outer loop
    vertex -2.292306621554231 40.26627869965559 -124.3206239916093
    vertex -4.654725296483364 41.1493767217061 -128.8641184591261
    vertex 0.4972557453429531 40.01237081566784 -129.2998814267721
  endloop
endfacet
facet normal -0.762391 -0.647102 -0.00423983
  outer loop
    vertex -5.965691563921132 41.9743832533468 -259.1755030331792
    vertex -6.048871528922279 42.03688796847656 -253.758128255814
    vertex -8.863565908569299 45.36996766917896 -256.3395920840213
  endloop
endfacet
facet normal -0.377502 -0.926006 0.00203223
  outer loop
    vertex -1.591728044543972 40.12749262688489 -300.3318768992997
    vertex -5.784781348035201 41.84302110120272 -297.5254539498241
    vertex -5.744087197842572 41.8143135740745 -303.0470882370579
  endloop
endfacet
facet normal -0.971191 -0.238303 0
  outer loop
    vertex -10 50 -314.0150137627192
    vertex -8.864229443685993 45.37123813858497 -311.2676137537553
    vertex -10 50 -308.5225206440788
  endloop
endfacet
facet normal -0.760854 -0.648923 -0.000488509
  outer loop
    vertex -8.869122832846022 45.38062123485318 -261.8366044351185
    vertex -5.965691563921132 41.9743832533468 -259.1755030331792
    vertex -8.863565908569299 45.36996766917896 -256.3395920840213
  endloop
endfacet
facet normal 0.0884368 -0.995859 0.0210759
  outer loop
    vertex -1.377561930366238 40.09533831329885 -311.2083626612796
    vertex 3.326057744803729 40.56934043249195 -308.5481617407283
    vertex -1.82313972972019 40.16759635053992 -305.9243892495343
  endloop
endfacet
facet normal -0.9713 -0.237858 -0.000795617
  outer loop
    vertex -10 50 -308.5225206440788
    vertex -8.864229443685993 45.37123813858497 -311.2676137537553
    vertex -8.872716144044263 45.38752688601697 -305.7766368041642
  endloop
endfacet
facet normal -0.753386 -0.657575 -0.00213361
  outer loop
    vertex -5.744087197842572 41.8143135740745 -303.0470882370579
    vertex -5.784781348035201 41.84302110120272 -297.5254539498241
    vertex -8.875700807326803 45.39327283434125 -300.2925808010523
  endloop
endfacet
facet normal 0.768961 -0.639129 0.0145632
  outer loop
    vertex 8.86871947532415 45.37984687829439 -157.4789598814683
    vertex 9.024915372328262 45.69292413320672 -151.9864667628279
    vertex 5.970525021538771 41.97797837405187 -153.7458774125509
  endloop
endfacet
facet normal -0.804995 -0.591011 0.0518542
  outer loop
    vertex -6.406962965485612 42.32205590285422 -42.75343316890797
    vertex -9.293345957907889 46.30761311525497 -42.13660439002055
    vertex -8.542747996282655 44.80178331809757 -47.64695530279678
  endloop
endfacet
facet normal -0.971381 -0.237525 0.000758591
  outer loop
    vertex -10 50 -297.537534406798
    vertex -8.875700807326803 45.39327283434125 -300.2925808010523
    vertex -8.867597583949182 45.37769396414099 -294.7942961998184
  endloop
endfacet
facet normal 0.969023 -0.243533 0.041065
  outer loop
    vertex 8.541703981840266 44.80006797288521 -288.4709769333646
    vertex 9.049301512841035 45.74439873464478 -294.8486335383318
    vertex 10 50 -292.0450412881577
  endloop
endfacet
facet normal -0.753922 -0.656964 -0.000750336
  outer loop
    vertex -8.875700807326803 45.39327283434125 -300.2925808010523
    vertex -5.784781348035201 41.84302110120272 -297.5254539498241
    vertex -8.867597583949182 45.37769396414099 -294.7942961998184
  endloop
endfacet
facet normal -0.752489 -0.658604 0.000790694
  outer loop
    vertex -8.864229443685993 45.37123813858497 -311.2676137537553
    vertex -5.754784623062549 41.82183064847867 -308.5225042001329
    vertex -8.872716144044263 45.38752688601697 -305.7766368041642
  endloop
endfacet
facet normal 0.973843 -0.226361 0.019758
  outer loop
    vertex 8.871707982853977 45.38558806921564 -300.2840114441777
    vertex 9.078361684813173 45.80674957584023 -305.6445605426695
    vertex 10 50 -303.0300275254385
  endloop
endfacet
facet normal 0.976687 -0.214667 0
  outer loop
    vertex 10 50 -303.0300275254385
    vertex 9.078361684813173 45.80674957584023 -305.6445605426695
    vertex 10 50 -308.5225206440788
  endloop
endfacet
facet normal -0.971486 -0.237097 0
  outer loop
    vertex -10 50 -303.0300275254384
    vertex -8.875700807326803 45.39327283434125 -300.2925808010523
    vertex -10 50 -297.537534406798
  endloop
endfacet
facet normal -0.751601 -0.659618 0.000143519
  outer loop
    vertex -8.868719475313034 45.37984687827305 -283.806301610197
    vertex -5.730945519146387 41.80510747742376 -281.060263558101
    vertex -8.870252192286081 45.3827902316178 -278.3053217211238
  endloop
endfacet
facet normal 0.0963086 -0.995098 -0.0224649
  outer loop
    vertex -1.809924228769985 40.16515509598085 -294.7075227816251
    vertex 3.455498346320284 40.61599599432216 -292.1045959188031
    vertex -1.336062474967357 40.08965504823449 -289.3317115113309
  endloop
endfacet
facet normal -0.971292 -0.23789 -0.000104237
  outer loop
    vertex -10 50 -286.5525481695172
    vertex -8.867605651259996 45.37770944079217 -289.3069575392357
    vertex -8.868719475313034 45.37984687827305 -283.806301610197
  endloop
endfacet
facet normal 0.7605 -0.648977 -0.0216702
  outer loop
    vertex 8.871707982853977 45.38558806921564 -300.2840114441777
    vertex 5.748593809295612 41.8174778206394 -303.0300182448594
    vertex 9.078361684813173 45.80674957584023 -305.6445605426695
  endloop
endfacet
facet normal 0.864179 -0.501796 -0.0373591
  outer loop
    vertex 7.414015061322529 43.28938298883905 -283.8851291160336
    vertex 9.498817256519317 46.87390487552749 -283.8063016101971
    vertex 8.868719475291305 45.37984687823134 -278.3138084915567
  endloop
endfacet
facet normal 0.975943 -0.218025 0
  outer loop
    vertex 10 50 -292.0450412881577
    vertex 9.049301512841035 45.74439873464478 -294.8486335383318
    vertex 10 50 -297.537534406798
  endloop
endfacet
facet normal -0.764189 -0.644993 0.000443442
  outer loop
    vertex -8.863565908569299 45.36996766917896 -256.3395920840213
    vertex -6.048871528922279 42.03688796847656 -253.758128255814
    vertex -8.868719475313039 45.37984687827306 -250.8513428983548
  endloop
endfacet
facet normal -0.745921 -0.666035 0.000107766
  outer loop
    vertex -8.867605651259996 45.37770944079217 -289.3069575392357
    vertex -5.592008797825241 41.70967807591013 -286.5329281643852
    vertex -8.868719475313034 45.37984687827305 -283.806301610197
  endloop
endfacet
facet normal 0.223413 -0.97194 0.07362
  outer loop
    vertex 2.704924679603199 40.3727790885597 -205.5945716786406
    vertex 4.725079831086765 41.18673609893264 -200.979128719341
    vertex -0.3223625459255883 40.00519723111134 -201.2606044828409
  endloop
endfacet
facet normal -0.383636 -0.923443 -0.00869946
  outer loop
    vertex -1.591728044543972 40.12749262688489 -300.3318768992997
    vertex -1.809924228769985 40.16515509598085 -294.7075227816251
    vertex -5.784781348035201 41.84302110120272 -297.5254539498241
  endloop
endfacet
facet normal -0.174576 -0.98168 0.0763449
  outer loop
    vertex 0.8628071466845602 40.03729134082351 -153.1869208955881
    vertex -4.399109933866491 41.01958621277632 -152.588400470837
    vertex -1.979672938531914 40.19791373959378 -157.6213921075069
  endloop
endfacet
facet normal -0.13181 -0.98947 0.0597903
  outer loop
    vertex 1.120789756967867 40.0630069779296 -96.01563704022279
    vertex -3.812382111024877 40.75523160703646 -95.43537796648818
    vertex -2.110797879153221 40.22531165134344 -100.4538192165417
  endloop
endfacet
facet normal 0.211086 -0.974429 -0.0770109
  outer loop
    vertex -0.5491533678206956 40.01508985625753 -57.72554211467094
    vertex 4.776105722422655 41.2142835165115 -58.30261229241542
    vertex 2.658854764227328 40.35995376864065 -53.29603319904349
  endloop
endfacet
facet normal -0.761647 -0.64744 -0.026742
  outer loop
    vertex -9.120737215426402 45.89973749046042 -140.859567353372
    vertex -5.733233698190787 41.80670814861758 -138.2454095201971
    vertex -8.87141831257955 45.38503118935478 -135.4991538204169
  endloop
endfacet
facet normal -0.739061 -0.673521 0.0126013
  outer loop
    vertex -8.928069428009836 45.49560478103485 -190.3828767271433
    vertex -5.201606611660733 41.45931567978728 -187.5609702108432
    vertex -9.033567135910316 45.71109981452108 -185.0524021135594
  endloop
endfacet
facet normal -0.136015 -0.987632 0.0779914
  outer loop
    vertex -3.920194295881501 40.8004306251576 -173.0331720754752
    vertex -0.9294458156615539 40.04328716514586 -177.4053469940853
    vertex 1.490642265776251 40.11172484022206 -172.3181168901426
  endloop
endfacet
facet normal -0.445513 -0.890888 0.0885241
  outer loop
    vertex -1.558042127610506 40.12212043358541 -167.9716137916861
    vertex -6.878368162808369 42.74134644600913 -168.3877114472649
    vertex -3.920194295881501 40.8004306251576 -173.0331720754752
  endloop
endfacet
facet normal 0.971383 -0.237518 0
  outer loop
    vertex 10 50 -297.537534406798
    vertex 8.871707982853977 45.38558806921564 -300.2840114441777
    vertex 10 50 -303.0300275254385
  endloop
endfacet
facet normal -0.971278 -0.237949 0
  outer loop
    vertex -10 50 -292.0450412881576
    vertex -8.867605651259996 45.37770944079217 -289.3069575392357
    vertex -10 50 -286.5525481695172
  endloop
endfacet
facet normal -0.971326 -0.237751 -0.000143426
  outer loop
    vertex -8.868719475313034 45.37984687827305 -283.806301610197
    vertex -8.870252192286081 45.3827902316178 -278.3053217211238
    vertex -10 50 -281.0600550508768
  endloop
endfacet
facet normal -0.971346 -0.237669 0.000214755
  outer loop
    vertex -10 50 -264.5825756949557
    vertex -8.87141831257955 45.38503118935478 -267.338655840766
    vertex -8.869122832846022 45.38062123485318 -261.8366044351185
  endloop
endfacet
facet normal -0.971245 -0.238081 0.000520413
  outer loop
    vertex -8.869122832846022 45.38062123485318 -261.8366044351185
    vertex -8.863565908569299 45.36996766917896 -256.3395920840213
    vertex -10 50 -259.0900825763154
  endloop
endfacet
facet normal 0.971839 -0.234573 -0.0224373
  outer loop
    vertex 9.019281426727801 45.68113874435831 -245.4314789048297
    vertex 8.779454107663163 45.21239250027361 -250.9186820821559
    vertex 10 50 -248.1050963390346
  endloop
endfacet
facet normal 0.973855 -0.22624 0.0205517
  outer loop
    vertex 8.868719475326181 45.37984687829829 -234.3738635424336
    vertex 9.092303142773714 45.83706551097579 -239.9353026611283
    vertex 10 50 -237.1201101017538
  endloop
endfacet
facet normal -0.971341 -0.23769 -0.000252481
  outer loop
    vertex -8.868719475313039 45.37984687827306 -250.8513428983548
    vertex -8.871418312579548 45.38503118935477 -245.3490161932243
    vertex -10 50 -248.1050963390346
  endloop
endfacet
facet normal 0.971341 -0.23769 -0.000252481
  outer loop
    vertex 10 50 -231.6276169831134
    vertex 8.871418312579573 45.38503118935482 -228.8715368373032
    vertex 8.868719475326181 45.37984687829829 -234.3738635424336
  endloop
endfacet
facet normal -0.973138 -0.22996 0.0109456
  outer loop
    vertex -10 50 -231.6276169831135
    vertex -9.000808160074904 45.64277009264728 -234.3353732496176
    vertex -8.881575191375964 45.40460859991937 -228.7383661203701
  endloop
endfacet
facet normal 0.965432 -0.25805 0.036763
  outer loop
    vertex 8.488446396407708 44.71357608819412 -212.5621304825133
    vertex 8.871418312579586 45.38503118935484 -217.9062177730027
    vertex 10 50 -215.1501376271923
  endloop
endfacet
facet normal -0.972046 -0.234725 0.00553249
  outer loop
    vertex -10 50 -220.6426307458328
    vertex -8.929402045731397 45.49824710743827 -223.5348620124391
    vertex -8.868719475313046 45.37984687827307 -217.8963841865126
  endloop
endfacet
facet normal 0.966103 -0.255336 -0.0380452
  outer loop
    vertex 10 50 -209.6576445085519
    vertex 8.904810740973033 45.44979718392121 -206.9302150695697
    vertex 8.488446396407708 44.71357608819412 -212.5621304825133
  endloop
endfacet
facet normal -0.956501 -0.280936 -0.078615
  outer loop
    vertex -10 50 -209.6576445085521
    vertex -8.05846842073796 44.07875969817395 -212.1201254110478
    vertex -8.868719475313044 45.37984687827307 -206.9113979492319
  endloop
endfacet
facet normal 0.963453 -0.263712 0.0470557
  outer loop
    vertex 8.342717636311546 44.48646552193819 -168.1770593894077
    vertex 8.871418312579539 45.38503118935476 -173.9662728238796
    vertex 10 50 -171.2101926780693
  endloop
endfacet
facet normal -0.974134 -0.225744 -0.0101534
  outer loop
    vertex -10 50 -187.6876720339906
    vertex -8.928069428009836 45.49560478103485 -190.3828767271433
    vertex -9.033567135910316 45.71109981452108 -185.0524021135594
  endloop
endfacet
facet normal 0.96164 -0.268556 -0.0559088
  outer loop
    vertex 10 50 -121.7777546103059
    vertex 8.871418312579557 45.38503118935478 -119.0216744644955
    vertex 8.260704812446576 44.36433180522292 -124.6231483945443
  endloop
endfacet
facet normal 0.966737 -0.25406 -0.0295483
  outer loop
    vertex 10 50 -55.86783718662147
    vertex 8.871418312579605 45.38503118935488 -53.11175704081113
    vertex 8.557545082459566 44.82617915253417 -58.57573078507875
  endloop
endfacet
facet normal -0.969263 -0.245609 -0.0143631
  outer loop
    vertex -8.716310506552801 45.09837464167678 -163.0344098086793
    vertex -8.871418312579539 45.38503118935476 -157.4691262949784
    vertex -10 50 -160.2252064407887
  endloop
endfacet
facet normal -0.974288 -0.224045 0.0238024
  outer loop
    vertex -9.120737215426402 45.89973749046042 -140.859567353372
    vertex -8.87141831257955 45.38503118935478 -135.4991538204169
    vertex -10 50 -138.2552339662272
  endloop
endfacet
facet normal -0.97001 -0.238983 -0.0443553
  outer loop
    vertex -10 50 -66.85282342390227
    vertex -8.6242143120437 44.93809052827487 -69.66680952407745
    vertex -9.101610163528791 45.8574533881742 -64.18005328778356
  endloop
endfacet
facet normal 0.967053 -0.251145 0.0416522
  outer loop
    vertex 10 50 -143.7477270848674
    vertex 8.519928014931244 44.76446501106241 -140.952386428971
    vertex 8.969208176798094 45.57808811923415 -146.4776818493243
  endloop
endfacet
facet normal 0.965351 -0.258291 -0.0372009
  outer loop
    vertex 10 50 -88.82279589846374
    vertex 8.871418312579634 45.38503118935493 -86.06671575265312
    vertex 8.472429304862036 44.6879437433217 -91.58035985341647
  endloop
endfacet
facet normal 0.973323 -0.228932 -0.0152248
  outer loop
    vertex 9.027572935681658 45.69849713577359 -102.7868918522821
    vertex 8.871418312579642 45.38503118935495 -108.0563554001955
    vertex 10 50 -105.3002752543848
  endloop
endfacet
facet normal -0.971409 -0.237411 0
  outer loop
    vertex -10 50 -308.5225206440788
    vertex -8.872716144044263 45.38752688601697 -305.7766368041642
    vertex -10 50 -303.0300275254384
  endloop
endfacet
facet normal -0.387533 -0.921855 -0.000508463
  outer loop
    vertex -5.754784623062549 41.82183064847867 -308.5225042001329
    vertex -1.82313972972019 40.16759635053992 -305.9243892495343
    vertex -5.744087197842572 41.8143135740745 -303.0470882370579
  endloop
endfacet
facet normal -0.752425 -0.658671 0.00314777
  outer loop
    vertex -5.784781348035201 41.84302110120272 -297.5254539498241
    vertex -5.725118242759512 41.80103536375341 -292.0494410010855
    vertex -8.867597583949182 45.37769396414099 -294.7942961998184
  endloop
endfacet
facet normal 0.971388 -0.237498 0
  outer loop
    vertex 10 50 -39.3903578307004
    vertex 8.871889398263558 45.38593687678867 -42.08984886405332
    vertex 10 50 -44.88285094934076
  endloop
endfacet
facet normal -0.385984 -0.921608 -0.0406812
  outer loop
    vertex -5.201606611660733 41.45931567978728 -187.5609702108432
    vertex -6.069888809294656 42.05289676405299 -192.7698951052341
    vertex -1.557095063412422 40.12197109927812 -191.8434756229838
  endloop
endfacet
facet normal -0.765554 -0.642799 -0.0271493
  outer loop
    vertex -8.871418312579539 45.38503118935476 -157.4691262949784
    vertex -6.177106224482922 42.13594514951387 -156.5163456114285
    vertex -8.459706681040529 44.6677056654046 -152.0948321362892
  endloop
endfacet
facet normal -0.748682 -0.662887 -0.00744803
  outer loop
    vertex -5.592008797825241 41.70967807591013 -286.5329281643852
    vertex -5.730945519146387 41.80510747742376 -281.060263558101
    vertex -8.868719475313034 45.37984687827305 -283.806301610197
  endloop
endfacet
facet normal 0.973502 -0.228065 -0.0167524
  outer loop
    vertex 10 50 -297.537534406798
    vertex 9.049301512841035 45.74439873464478 -294.8486335383318
    vertex 8.871707982853977 45.38558806921564 -300.2840114441777
  endloop
endfacet
facet normal 0.205566 -0.974973 -0.0846753
  outer loop
    vertex -0.9294458156615539 40.04328716514586 -177.4053469940853
    vertex 4.677454663791987 41.1613678734676 -176.6673596494033
    vertex 1.490642265776251 40.11172484022206 -172.3181168901426
  endloop
endfacet
facet normal 0.962853 -0.270027 0
  outer loop
    vertex 10 50 -286.5525481695173
    vertex 8.541703981840266 44.80006797288521 -288.4709769333646
    vertex 10 50 -292.0450412881577
  endloop
endfacet
facet normal -0.748516 -0.663079 0.00708009
  outer loop
    vertex -5.725118242759512 41.80103536375341 -292.0494410010855
    vertex -5.592008797825241 41.70967807591013 -286.5329281643852
    vertex -8.867605651259996 45.37770944079217 -289.3069575392357
  endloop
endfacet
facet normal 0.155838 -0.984336 0.0824456
  outer loop
    vertex 3.455498346320284 40.61599599432216 -292.1045959188031
    vertex 4.82122961563525 41.2389643880805 -287.2483405711939
    vertex -1.336062474967357 40.08965504823449 -289.3317115113309
  endloop
endfacet
facet normal -0.752026 -0.659133 -0.000214554
  outer loop
    vertex -8.87141831257955 45.38503118935478 -267.338655840766
    vertex -5.740094108160575 41.81151298288504 -264.6023921657971
    vertex -8.869122832846022 45.38062123485318 -261.8366044351185
  endloop
endfacet
facet normal 0.184662 -0.979463 0.0809476
  outer loop
    vertex -0.9294458156615539 40.04328716514586 -177.4053469940853
    vertex 2.689932467367561 40.36857937160867 -181.726036499694
    vertex 4.677454663791987 41.1613678734676 -176.6673596494033
  endloop
endfacet
facet normal -0.756413 -0.653988 -0.011817
  outer loop
    vertex -5.740094108160575 41.81151298288504 -264.6023921657971
    vertex -5.965691563921132 41.9743832533468 -259.1755030331792
    vertex -8.869122832846022 45.38062123485318 -261.8366044351185
  endloop
endfacet
facet normal -0.752422 -0.658682 -4.65397e-05
  outer loop
    vertex -5.752238355233225 41.82003949248019 -275.5917037663366
    vertex -5.753124416380271 41.8206626521674 -270.0861315003669
    vertex -8.868719475313059 45.37984687827309 -272.8213153729163
  endloop
endfacet
facet normal -0.752536 -0.658552 0.00025228
  outer loop
    vertex -8.868719475313059 45.37984687827309 -272.8213153729163
    vertex -5.753124416380271 41.8206626521674 -270.0861315003669
    vertex -8.87141831257955 45.38503118935478 -267.338655840766
  endloop
endfacet
facet normal 0.971306 -0.237832 0
  outer loop
    vertex 10 50 -275.5675619322365
    vertex 8.868719475291305 45.37984687823134 -278.3138084915567
    vertex 10 50 -281.0600550508769
  endloop
endfacet
facet normal -0.971277 -0.23795 0
  outer loop
    vertex -10 50 -297.537534406798
    vertex -8.867597583949182 45.37769396414099 -294.7942961998184
    vertex -10 50 -292.0450412881576
  endloop
endfacet
facet normal 0.00573718 -0.99751 -0.0702937
  outer loop
    vertex -0.9294458156615539 40.04328716514586 -177.4053469940853
    vertex -2.756327991081263 40.38736997458126 -182.4371952760023
    vertex 2.689932467367561 40.36857937160867 -181.726036499694
  endloop
endfacet
facet normal 0.971306 -0.237832 0
  outer loop
    vertex 10 50 -264.5825756949557
    vertex 8.868719475322148 45.37984687829054 -267.3288222542759
    vertex 10 50 -270.0750688135961
  endloop
endfacet
facet normal -0.971306 -0.237832 0
  outer loop
    vertex -10 50 -275.5675619322364
    vertex -8.868719475313059 45.37984687827309 -272.8213153729163
    vertex -10 50 -270.0750688135961
  endloop
endfacet
facet normal -0.971306 -0.237832 0
  outer loop
    vertex -10 50 -286.5525481695172
    vertex -8.868719475313034 45.37984687827305 -283.806301610197
    vertex -10 50 -281.0600550508768
  endloop
endfacet
facet normal -0.0135874 -0.996883 0.0777158
  outer loop
    vertex -2.756327991081263 40.38736997458126 -182.4371952760023
    vertex 0.2363350580926498 40.00279310305542 -186.8470556871485
    vertex 2.689932467367561 40.36857937160867 -181.726036499694
  endloop
endfacet
facet normal 0.971306 -0.237832 0
  outer loop
    vertex 10 50 -253.597589457675
    vertex 8.868719475326195 45.37984687829831 -256.3438360169952
    vertex 10 50 -259.0900825763154
  endloop
endfacet
facet normal -0.971317 -0.23779 0
  outer loop
    vertex -10 50 -264.5825756949557
    vertex -8.869122832846022 45.38062123485318 -261.8366044351185
    vertex -10 50 -259.0900825763154
  endloop
endfacet
facet normal 0.321172 -0.94306 -0.0865195
  outer loop
    vertex 0.2363350580926498 40.00279310305542 -186.8470556871485
    vertex 5.725338110453396 41.80118889588314 -186.0736158771356
    vertex 2.689932467367561 40.36857937160867 -181.726036499694
  endloop
endfacet
facet normal -0.0613816 -0.995064 0.0779764
  outer loop
    vertex -3.02949267282603 40.46993315105852 -244.6447776558146
    vertex -1.024585036439805 40.05262720598531 -248.3918295634812
    vertex 2.046432369120216 40.21163371350372 -243.9452865484022
  endloop
endfacet
facet normal 0.14374 -0.987784 0.0601734
  outer loop
    vertex -0.933038414196817 40.04362318322407 -239.5860635479931
    vertex 2.046432369120216 40.21163371350372 -243.9452865484022
    vertex 3.896454703657452 40.79035067212949 -238.8645347254231
  endloop
endfacet
facet normal 0.975174 -0.221441 0
  outer loop
    vertex 10 50 -242.6126032203942
    vertex 9.019281426727801 45.68113874435831 -245.4314789048297
    vertex 10 50 -248.1050963390346
  endloop
endfacet
facet normal 0.301147 -0.950744 0.0734622
  outer loop
    vertex 0.2363350580926498 40.00279310305542 -186.8470556871485
    vertex 4.220568555760305 40.93430636596806 -191.124197400118
    vertex 5.725338110453396 41.80118889588314 -186.0736158771356
  endloop
endfacet
facet normal -0.0415237 -0.996902 -0.0668029
  outer loop
    vertex -0.933038414196817 40.04362318322407 -239.5860635479931
    vertex -3.02949267282603 40.46993315105852 -244.6447776558146
    vertex 2.046432369120216 40.21163371350372 -243.9452865484022
  endloop
endfacet
facet normal 0.0409298 -0.997394 0.0594078
  outer loop
    vertex -1.898043239554943 40.18178061658939 -230.1791739196987
    vertex 0.8230614248452132 40.03392906452439 -234.5361866448854
    vertex 2.866786834480462 40.41973208904628 -229.4670116894424
  endloop
endfacet
facet normal -0.156463 -0.986287 0.0525168
  outer loop
    vertex -3.716570038573046 40.71629884429808 -235.2458960544217
    vertex -0.933038414196817 40.04362318322407 -239.5860635479931
    vertex 0.8230614248452132 40.03392906452439 -234.5361866448854
  endloop
endfacet
facet normal 0.160985 -0.985258 -0.0578742
  outer loop
    vertex -0.933038414196817 40.04362318322407 -239.5860635479931
    vertex 3.896454703657452 40.79035067212949 -238.8645347254231
    vertex 0.8230614248452132 40.03392906452439 -234.5361866448854
  endloop
endfacet
facet normal 0.148178 -0.985982 -0.0767056
  outer loop
    vertex 0.2363350580926498 40.00279310305542 -186.8470556871485
    vertex -1.557095063412422 40.12197109927812 -191.8434756229838
    vertex 4.220568555760305 40.93430636596806 -191.124197400118
  endloop
endfacet
facet normal 0.971306 -0.237832 0
  outer loop
    vertex 10 50 -231.6276169831134
    vertex 8.868719475326181 45.37984687829829 -234.3738635424336
    vertex 10 50 -237.1201101017538
  endloop
endfacet
facet normal -0.964811 -0.262943 0
  outer loop
    vertex -10 50 -242.6126032203943
    vertex -8.617224038231253 44.92619966150328 -240.0021922453655
    vertex -10 50 -237.1201101017539
  endloop
endfacet
facet normal -0.971306 -0.237832 0
  outer loop
    vertex -10 50 -253.597589457675
    vertex -8.868719475313039 45.37984687827306 -250.8513428983548
    vertex -10 50 -248.1050963390346
  endloop
endfacet
facet normal -0.140168 -0.988655 -0.0539905
  outer loop
    vertex -1.898043239554943 40.18178061658939 -230.1791739196987
    vertex -3.716570038573046 40.71629884429808 -235.2458960544217
    vertex 0.8230614248452132 40.03392906452439 -234.5361866448854
  endloop
endfacet
facet normal 0.058363 -0.996639 -0.0574843
  outer loop
    vertex -1.898043239554943 40.18178061658939 -230.1791739196987
    vertex 2.866786834480462 40.41973208904628 -229.4670116894424
    vertex -0.01993088123868954 40.00001986202108 -225.1210594237689
  endloop
endfacet
facet normal -0.282386 -0.956709 0.070473
  outer loop
    vertex -5.25740392643048 41.49354927397135 -225.8322029670799
    vertex -1.898043239554943 40.18178061658939 -230.1791739196987
    vertex -0.01993088123868954 40.00001986202108 -225.1210594237689
  endloop
endfacet
facet normal 0.127785 -0.987788 0.0891361
  outer loop
    vertex -1.557095063412422 40.12197109927812 -191.8434756229838
    vertex 1.82938051640076 40.16875557590936 -196.1798684199531
    vertex 4.220568555760305 40.93430636596806 -191.124197400118
  endloop
endfacet
facet normal -0.0729728 -0.994522 0.0748462
  outer loop
    vertex -3.327695539203413 40.56991821889302 -220.7734866914804
    vertex -0.01993088123868954 40.00001986202108 -225.1210594237689
    vertex 2.107608159958376 40.22462339118963 -220.0623431127814
  endloop
endfacet
facet normal 0.953502 -0.301388 0
  outer loop
    vertex 10 50 -220.6426307458327
    vertex 8.183306072130637 44.25252214185824 -223.8112127112801
    vertex 10 50 -226.1351238644731
  endloop
endfacet
facet normal -0.971637 -0.236477 0
  outer loop
    vertex -10 50 -231.6276169831135
    vertex -8.881575191375964 45.40460859991937 -228.7383661203701
    vertex -10 50 -226.1351238644732
  endloop
endfacet
facet normal -0.26405 -0.961601 -0.0748462
  outer loop
    vertex -3.327695539203413 40.56991821889302 -220.7734866914804
    vertex -5.25740392643048 41.49354927397135 -225.8322029670799
    vertex -0.01993088123868954 40.00001986202108 -225.1210594237689
  endloop
endfacet
facet normal 0.14024 -0.987284 0.0748462
  outer loop
    vertex -1.245682838673862 40.07788962642355 -215.7147703534446
    vertex 2.107608159958376 40.22462339118963 -220.0623431127814
    vertex 4.13868474198691 40.8966331170031 -215.0036267673727
  endloop
endfacet
facet normal 0.446595 -0.891483 -0.0762344
  outer loop
    vertex 1.82938051640076 40.16875557590936 -196.1798684199531
    vertex 6.681920028149228 42.56011124159654 -195.7172771711275
    vertex 4.220568555760305 40.93430636596806 -191.124197400118
  endloop
endfacet
facet normal -0.0630902 -0.996202 -0.0600177
  outer loop
    vertex -1.557095063412422 40.12197109927812 -191.8434756229838
    vertex -3.217663696420786 40.53180902512334 -196.9005808923719
    vertex 1.82938051640076 40.16875557590936 -196.1798684199531
  endloop
endfacet
facet normal -0.0534661 -0.995761 -0.0748462
  outer loop
    vertex -1.245682838673862 40.07788962642355 -215.7147703534446
    vertex -3.327695539203413 40.56991821889302 -220.7734866914804
    vertex 2.107608159958376 40.22462339118963 -220.0623431127814
  endloop
endfacet
facet normal 0.159447 -0.984441 -0.0738452
  outer loop
    vertex -1.245682838673862 40.07788962642355 -215.7147703534446
    vertex 4.13868474198691 40.8966331170031 -215.0036267673727
    vertex 0.8231682473534224 40.03393788718186 -210.6617777277768
  endloop
endfacet
facet normal -0.187401 -0.979913 0.0682044
  outer loop
    vertex -4.248897694564662 40.94754904011499 -211.471866779707
    vertex -1.245682838673862 40.07788962642355 -215.7147703534446
    vertex 0.8231682473534224 40.03393788718186 -210.6617777277768
  endloop
endfacet
facet normal 0.961469 -0.274914 0
  outer loop
    vertex 10 50 -209.6576445085519
    vertex 8.488446396407708 44.71357608819412 -212.5621304825133
    vertex 10 50 -215.1501376271923
  endloop
endfacet
facet normal -0.971306 -0.237832 0
  outer loop
    vertex -10 50 -220.6426307458328
    vertex -8.868719475313046 45.37984687827307 -217.8963841865126
    vertex -10 50 -215.1501376271924
  endloop
endfacet
facet normal -0.0810094 -0.994504 0.0663233
  outer loop
    vertex -3.217663696420786 40.53180902512334 -196.9005808923719
    vertex -0.3223625459255883 40.00519723111134 -201.2606044828409
    vertex 1.82938051640076 40.16875557590936 -196.1798684199531
  endloop
endfacet
facet normal 0.0229272 -0.99804 0.0582241
  outer loop
    vertex -2.092414345320609 40.22135989988912 -206.3010266379417
    vertex 0.8231682473534224 40.03393788718186 -210.6617777277768
    vertex 2.704924679603199 40.3727790885597 -205.5945716786406
  endloop
endfacet
facet normal 0.039848 -0.997591 -0.056776
  outer loop
    vertex -2.092414345320609 40.22135989988912 -206.3010266379417
    vertex 2.704924679603199 40.3727790885597 -205.5945716786406
    vertex -0.3223625459255883 40.00519723111134 -201.2606044828409
  endloop
endfacet
facet normal -0.166193 -0.983688 -0.068838
  outer loop
    vertex -2.092414345320609 40.22135989988912 -206.3010266379417
    vertex -4.248897694564662 40.94754904011499 -211.471866779707
    vertex 0.8231682473534224 40.03393788718186 -210.6617777277768
  endloop
endfacet
facet normal -0.323849 -0.943267 0.0732737
  outer loop
    vertex -5.736103063381597 41.80871672774868 -201.9707425626497
    vertex -2.092414345320609 40.22135989988912 -206.3010266379417
    vertex -0.3223625459255883 40.00519723111134 -201.2606044828409
  endloop
endfacet
facet normal 0.961696 -0.274119 0
  outer loop
    vertex 10 50 -198.6726582712712
    vertex 8.497171701610965 44.72761220381678 -201.156181052839
    vertex 10 50 -204.1651513899116
  endloop
endfacet
facet normal -0.304479 -0.948479 -0.0876321
  outer loop
    vertex -3.217663696420786 40.53180902512334 -196.9005808923719
    vertex -5.736103063381597 41.80871672774868 -201.9707425626497
    vertex -0.3223625459255883 40.00519723111134 -201.2606044828409
  endloop
endfacet
facet normal 0.962842 -0.270064 0
  outer loop
    vertex 10 50 -187.6876720339904
    vertex 8.541313201656312 44.79942610943642 -190.5124057392521
    vertex 10 50 -193.1801651526308
  endloop
endfacet
facet normal -0.971306 -0.237832 0
  outer loop
    vertex -10 50 -209.6576445085521
    vertex -8.868719475313044 45.37984687827307 -206.9113979492319
    vertex -10 50 -204.1651513899117
  endloop
endfacet
facet normal 0.969319 -0.245804 0
  outer loop
    vertex 10 50 -176.7026857967097
    vertex 8.791604261262645 45.23474087657885 -179.2389227450538
    vertex 10 50 -182.1951789153501
  endloop
endfacet
facet normal -0.978147 -0.207915 0
  outer loop
    vertex -10 50 -198.6726582712714
    vertex -9.135428242994779 45.93257442390235 -195.7829656660317
    vertex -10 50 -193.180165152631
  endloop
endfacet
facet normal 0.957672 -0.287861 0
  outer loop
    vertex 10 50 -165.7176995594289
    vertex 8.342717636311546 44.48646552193819 -168.1770593894077
    vertex 10 50 -171.2101926780693
  endloop
endfacet
facet normal 0.974977 -0.222308 0
  outer loop
    vertex 10 50 -110.7927683730252
    vertex 9.011583768332253 45.66510000273009 -113.6209593975579
    vertex 10 50 -116.2852614916656
  endloop
endfacet
facet normal 0.955529 -0.294898 0
  outer loop
    vertex 10 50 -121.7777546103059
    vertex 8.260704812446576 44.36433180522292 -124.6231483945443
    vertex 10 50 -127.2702477289463
  endloop
endfacet
facet normal 0.971306 -0.237832 0
  outer loop
    vertex 10 50 -72.34531654254263
    vertex 8.868719475293357 45.37984687823528 -75.09156310186282
    vertex 10 50 -77.837809661183
  endloop
endfacet
facet normal 0.952594 -0.304245 0
  outer loop
    vertex 10 50 -66.85282342390227
    vertex 8.148704394166165 44.20356862401555 -68.91764465595088
    vertex 10 50 -72.34531654254263
  endloop
endfacet
facet normal 0.963264 -0.268557 0
  outer loop
    vertex 10 50 -55.86783718662147
    vertex 8.557545082459566 44.82617915253417 -58.57573078507875
    vertex 10 50 -61.36033030526187
  endloop
endfacet
facet normal 0.960652 -0.271113 0.0603797
  outer loop
    vertex 8.148704394166165 44.20356862401555 -68.91764465595088
    vertex 8.868719475293357 45.37984687823528 -75.09156310186282
    vertex 10 50 -72.34531654254263
  endloop
endfacet
facet normal 0.971306 -0.237832 1.85993e-13
  outer loop
    vertex 10 50 -77.837809661183
    vertex 8.868719475293357 45.37984687823528 -75.09156310186282
    vertex 8.86871947529534 45.37984687823908 -80.58405622050319
  endloop
endfacet
facet normal -0.971306 -0.237832 0
  outer loop
    vertex -10 50 -105.300275254385
    vertex -8.868719475294567 45.3798468782376 -102.5540286950648
    vertex -10 50 -99.80778213574456
  endloop
endfacet
facet normal 0.969706 -0.244274 0
  outer loop
    vertex 10 50 -132.7627408475867
    vertex 8.806600488325104 45.26251249721627 -135.7781152677736
    vertex 10 50 -138.255233966227
  endloop
endfacet
facet normal 0.971306 -0.237832 0
  outer loop
    vertex 10 50 -77.837809661183
    vertex 8.86871947529534 45.37984687823908 -80.58405622050319
    vertex 10 50 -83.33030277982337
  endloop
endfacet
facet normal -0.964501 -0.264078 0
  outer loop
    vertex -10 50 -176.7026857967099
    vertex -8.60525905884553 44.90593320321014 -173.8477387315874
    vertex -10 50 -171.2101926780694
  endloop
endfacet
facet normal -0.97554 -0.219822 0
  outer loop
    vertex -10 50 -187.6876720339906
    vertex -9.033567135910316 45.71109981452108 -185.0524021135594
    vertex -10 50 -182.1951789153503
  endloop
endfacet
facet normal -0.972286 -0.233678 0.00739274
  outer loop
    vertex -8.944610519576422 45.52854132825956 -107.8350539245988
    vertex -8.868719475294567 45.3798468782376 -102.5540286950648
    vertex -10 50 -105.300275254385
  endloop
endfacet
facet normal -0.975611 -0.216149 -0.0382518
  outer loop
    vertex -10 50 -99.80778213574456
    vertex -8.868719475294567 45.3798468782376 -102.5540286950648
    vertex -9.276778816368227 46.26618495474378 -97.15490846493162
  endloop
endfacet
facet normal -0.967376 -0.253347 0
  outer loop
    vertex -10 50 -165.7176995594291
    vertex -8.716310506552801 45.09837464167678 -163.0344098086793
    vertex -10 50 -160.2252064407887
  endloop
endfacet
facet normal -0.960721 -0.277515 0
  outer loop
    vertex -10 50 -154.7327133221483
    vertex -8.459706681040529 44.6677056654046 -152.0948321362892
    vertex -10 50 -149.2402202035079
  endloop
endfacet
facet normal -0.961346 -0.275343 0
  outer loop
    vertex -10 50 -132.7627408475868
    vertex -8.483727782324523 44.70600690259091 -129.5810190844689
    vertex -10 50 -127.2702477289464
  endloop
endfacet
facet normal -0.977771 -0.209674 0
  outer loop
    vertex -10 50 -143.7477270848676
    vertex -9.120737215426402 45.89973749046042 -140.859567353372
    vertex -10 50 -138.2552339662272
  endloop
endfacet
facet normal -0.973258 -0.229716 0
  outer loop
    vertex -10 50 -110.7927683730253
    vertex -8.944610519576422 45.52854132825956 -107.8350539245988
    vertex -10 50 -105.300275254385
  endloop
endfacet
facet normal -0.971306 -0.237832 0
  outer loop
    vertex -10 50 -121.7777546103061
    vertex -8.868719475313048 45.37984687827307 -119.0315080509859
    vertex -10 50 -116.2852614916657
  endloop
endfacet
facet normal -0.972737 -0.231912 0
  outer loop
    vertex -10 50 -55.8678371866215
    vertex -8.924334873714896 45.4882102152476 -53.33411182758047
    vertex -10 50 -50.37534406798112
  endloop
endfacet
facet normal -0.967807 -0.251692 0
  outer loop
    vertex -10 50 -77.83780966118303
    vertex -8.733024395558632 45.12821542896468 -74.83234389876392
    vertex -10 50 -72.34531654254265
  endloop
endfacet
facet normal -0.973777 -0.227503 0
  outer loop
    vertex -10 50 -88.8227958984638
    vertex -8.964847153176041 45.56925339020709 -86.30099198060141
    vertex -10 50 -83.33030277982341
  endloop
endfacet
facet normal -0.981753 -0.190161 0
  outer loop
    vertex -10 50 -99.80778213574456
    vertex -9.276778816368227 46.26618495474378 -97.15490846493162
    vertex -10 50 -94.31528901710418
  endloop
endfacet
facet normal -0.977282 -0.211942 0
  outer loop
    vertex -10 50 -66.85282342390227
    vertex -9.101610163528791 45.8574533881742 -64.18005328778356
    vertex -10 50 -61.36033030526188
  endloop
endfacet
facet normal 0.971306 -0.237832 0
  outer loop
    vertex 10 50 -154.7327133221481
    vertex 8.86871947532415 45.37984687829439 -157.4789598814683
    vertex 10 50 -160.2252064407885
  endloop
endfacet
facet normal 0.973889 -0.227023 0
  outer loop
    vertex 10 50 -143.7477270848674
    vertex 8.969208176798094 45.57808811923415 -146.4776818493243
    vertex 10 50 -149.2402202035077
  endloop
endfacet
facet normal 0.961052 -0.276367 0
  outer loop
    vertex 10 50 -88.82279589846374
    vertex 8.472429304862036 44.6879437433217 -91.58035985341647
    vertex 10 50 -94.31528901710411
  endloop
endfacet
facet normal 0.971306 -0.237832 0
  outer loop
    vertex 10 50 -44.88285094934076
    vertex 8.868719475326195 45.37984687829831 -47.62909750866093
    vertex 10 50 -50.3753440679811
  endloop
endfacet
facet normal 0.975386 -0.220503 0
  outer loop
    vertex 10 50 -99.80778213574445
    vertex 9.027572935681658 45.69849713577359 -102.7868918522821
    vertex 10 50 -105.3002752543848
  endloop
endfacet
facet normal 0.050069 -0.996415 -0.0681856
  outer loop
    vertex 0.8628071466845602 40.03729134082351 -153.1869208955881
    vertex -1.979672938531914 40.19791373959378 -157.6213921075069
    vertex 3.096499367130616 40.49149372039122 -158.1841000757148
  endloop
endfacet
facet normal 0.0646452 -0.99588 0.063585
  outer loop
    vertex -1.979672938531914 40.19791373959378 -157.6213921075069
    vertex -0.1017192512248589 40.00051735368623 -162.6223227391092
    vertex 3.096499367130616 40.49149372039122 -158.1841000757148
  endloop
endfacet
facet normal 0.361485 -0.929183 0.0771253
  outer loop
    vertex 0.8628071466845602 40.03729134082351 -153.1869208955881
    vertex 3.096499367130616 40.49149372039122 -158.1841000757148
    vertex 5.970525021538771 41.97797837405187 -153.7458774125509
  endloop
endfacet
facet normal 0.346395 -0.934683 -0.0798622
  outer loop
    vertex 0.8628071466845602 40.03729134082351 -153.1869208955881
    vertex 5.970525021538771 41.97797837405187 -153.7458774125509
    vertex 3.274369386128697 40.55126965549428 -148.7424391170229
  endloop
endfacet
facet normal 0.103866 -0.992872 0.0584625
  outer loop
    vertex -1.377912595592379 40.09538709091022 -148.2193657655779
    vertex 0.8628071466845602 40.03729134082351 -153.1869208955881
    vertex 3.274369386128697 40.55126965549428 -148.7424391170229
  endloop
endfacet
facet normal 0.0918537 -0.994526 -0.0498159
  outer loop
    vertex -1.377912595592379 40.09538709091022 -148.2193657655779
    vertex 3.274369386128697 40.55126965549428 -148.7424391170229
    vertex 1.819295074247204 40.16688424593609 -143.7515190961159
  endloop
endfacet
facet normal -0.385863 -0.920378 -0.0633548
  outer loop
    vertex -3.053756075493417 40.47768022846391 -143.566333656487
    vertex -5.981845272199788 41.98641608645289 -147.6507355347024
    vertex -1.377912595592379 40.09538709091022 -148.2193657655779
  endloop
endfacet
facet normal -0.0612722 -0.996329 0.0597905
  outer loop
    vertex -3.053756075493417 40.47768022846391 -143.566333656487
    vertex -1.377912595592379 40.09538709091022 -148.2193657655779
    vertex 1.819295074247204 40.16688424593609 -143.7515190961159
  endloop
endfacet
facet normal -0.0658447 -0.995954 -0.0611623
  outer loop
    vertex -0.4547268264543706 40.0103441744321 -138.7543399969892
    vertex -3.053756075493417 40.47768022846391 -143.566333656487
    vertex 1.819295074247204 40.16688424593609 -143.7515190961159
  endloop
endfacet
facet normal 0.236164 -0.968648 0.0771253
  outer loop
    vertex -0.4547268264543706 40.0103441744321 -138.7543399969892
    vertex 1.819295074247204 40.16688424593609 -143.7515190961159
    vertex 4.863829821155932 41.26254273424847 -139.313296478957
  endloop
endfacet
facet normal 0.22114 -0.972411 -0.0742547
  outer loop
    vertex -0.4547268264543706 40.0103441744321 -138.7543399969892
    vertex 4.863829821155932 41.26254273424847 -139.313296478957
    vertex 2.456955949955411 40.30652964826432 -133.9617023304408
  endloop
endfacet
facet normal 0.00524715 -0.998138 -0.0607763
  outer loop
    vertex 0.4972557453429531 40.01237081566784 -129.2998814267721
    vertex -2.296013872104089 40.26715250817595 -133.7253561908971
    vertex 2.456955949955411 40.30652964826432 -133.9617023304408
  endloop
endfacet
facet normal 0.0110074 -0.998425 0.0550154
  outer loop
    vertex -2.296013872104089 40.26715250817595 -133.7253561908971
    vertex -0.4547268264543706 40.0103441744321 -138.7543399969892
    vertex 2.456955949955411 40.30652964826432 -133.9617023304408
  endloop
endfacet
facet normal 0.338313 -0.93736 0.0830705
  outer loop
    vertex 0.4972557453429531 40.01237081566784 -129.2998814267721
    vertex 2.456955949955411 40.30652964826432 -133.9617023304408
    vertex 5.887942908457518 41.91717077337738 -129.7604340177649
  endloop
endfacet
facet normal 0.325238 -0.941581 -0.087436
  outer loop
    vertex 0.4972557453429531 40.01237081566784 -129.2998814267721
    vertex 5.887942908457518 41.91717077337738 -129.7604340177649
    vertex 3.672668007937475 40.69884363622068 -124.8807168953849
  endloop
endfacet
facet normal 0.0809525 -0.99209 0.0959423
  outer loop
    vertex -2.292306621554231 40.26627869965559 -124.3206239916093
    vertex 0.4972557453429531 40.01237081566784 -129.2998814267721
    vertex 3.672668007937475 40.69884363622068 -124.8807168953849
  endloop
endfacet
facet normal 0.0636945 -0.993966 -0.0893041
  outer loop
    vertex -2.292306621554231 40.26627869965559 -124.3206239916093
    vertex 3.672668007937475 40.69884363622068 -124.8807168953849
    vertex 1.470963520423938 40.10877832006673 -119.8835394538688
  endloop
endfacet
facet normal -0.178807 -0.976906 0.116977
  outer loop
    vertex -5.021694844990592 41.35230777121463 -119.4229306718055
    vertex -2.292306621554231 40.26627869965559 -124.3206239916093
    vertex 1.470963520423938 40.10877832006673 -119.8835394538688
  endloop
endfacet
facet normal -0.194817 -0.973838 -0.116988
  outer loop
    vertex -5.021694844990592 41.35230777121463 -119.4229306718055
    vertex 1.470963520423938 40.10877832006673 -119.8835394538688
    vertex -1.293893441593821 40.0840613272469 -115.0735250105303
  endloop
endfacet
facet normal -0.378615 -0.923876 -0.0557171
  outer loop
    vertex -2.725828767765018 40.37867693459862 -110.2282647019237
    vertex -5.909396627881285 41.9328424154238 -114.3653937508841
    vertex -1.293893441593821 40.0840613272469 -115.0735250105303
  endloop
endfacet
facet normal -0.365877 -0.929693 0.0424969
  outer loop
    vertex -5.909396627881285 41.9328424154238 -114.3653937508841
    vertex -5.021694844990592 41.35230777121463 -119.4229306718055
    vertex -1.293893441593821 40.0840613272469 -115.0735250105303
  endloop
endfacet
facet normal -0.0337719 -0.997719 -0.0584428
  outer loop
    vertex -2.725828767765018 40.37867693459862 -110.2282647019237
    vertex 2.137530488592969 40.23112271495155 -110.5196094765937
    vertex 0.1575469336693102 40.00124112883547 -105.4509775744667
  endloop
endfacet
facet normal -0.0271308 -0.998243 0.05268
  outer loop
    vertex -2.725828767765018 40.37867693459862 -110.2282647019237
    vertex -1.293893441593821 40.0840613272469 -115.0735250105303
    vertex 2.137530488592969 40.23112271495155 -110.5196094765937
  endloop
endfacet
facet normal -0.249913 -0.965393 0.0745653
  outer loop
    vertex -5.121417618140389 41.41099065196683 -104.8920201928775
    vertex -2.725828767765018 40.37867693459862 -110.2282647019237
    vertex 0.1575469336693102 40.00124112883547 -105.4509775744667
  endloop
endfacet
facet normal -0.264855 -0.961199 -0.077125
  outer loop
    vertex -2.110797879153221 40.22531165134344 -100.4538192165417
    vertex -5.121417618140389 41.41099065196683 -104.8920201928775
    vertex 0.1575469336693102 40.00124112883547 -105.4509775744667
  endloop
endfacet
facet normal 0.02404 -0.998251 -0.0540105
  outer loop
    vertex 1.120789756967867 40.0630069779296 -96.01563704022279
    vertex -2.110797879153221 40.22531165134344 -100.4538192165417
    vertex 2.616919081755484 40.34848537691912 -100.6260774283151
  endloop
endfacet
facet normal 0.0280952 -0.99795 0.0575008
  outer loop
    vertex -2.110797879153221 40.22531165134344 -100.4538192165417
    vertex 0.1575469336693102 40.00124112883547 -105.4509775744667
    vertex 2.616919081755484 40.34848537691912 -100.6260774283151
  endloop
endfacet
facet normal 0.369084 -0.927302 0.0623525
  outer loop
    vertex 1.120789756967867 40.0630069779296 -96.01563704022279
    vertex 2.616919081755484 40.34848537691912 -100.6260774283151
    vertex 5.931772388002308 41.94928100497022 -96.44079258851269
  endloop
endfacet
facet normal 0.35899 -0.93088 -0.0677375
  outer loop
    vertex 1.120789756967867 40.0630069779296 -96.01563704022279
    vertex 5.931772388002308 41.94928100497022 -96.44079258851269
    vertex 4.234985330216725 40.94103210885207 -91.57747941053276
  endloop
endfacet
facet normal 0.542951 -0.839751 -0.00470775
  outer loop
    vertex 2.968587618598766 40.45078602445719 -264.5322718738573
    vertex 7.459075539128231 43.33950511586572 -261.917954699277
    vertex 3.068277144495155 40.48234927282112 -258.6650979260459
  endloop
endfacet
facet normal 0.0609687 -0.997641 0.0315389
  outer loop
    vertex 3.068277144495155 40.48234927282112 -258.6650979260459
    vertex -2.136241434394598 40.23084074579722 -256.5598371502974
    vertex -1.452279134409804 40.10601772208187 -261.830437131498
  endloop
endfacet
facet normal 0.167212 -0.9829 0.0771217
  outer loop
    vertex -1.158528243365149 40.06733609199802 -91.01853027159365
    vertex 1.120789756967867 40.0630069779296 -96.01563704022279
    vertex 4.234985330216725 40.94103210885207 -91.57747941053276
  endloop
endfacet
facet normal 0.0801795 -0.996772 0.00399994
  outer loop
    vertex 2.968587618598766 40.45078602445719 -264.5322718738573
    vertex 3.068277144495155 40.48234927282112 -258.6650979260459
    vertex -1.452279134409804 40.10601772208187 -261.830437131498
  endloop
endfacet
facet normal 0.151308 -0.985243 -0.0800122
  outer loop
    vertex -1.158528243365149 40.06733609199802 -91.01853027159365
    vertex 4.234985330216725 40.94103210885207 -91.57747941053276
    vertex 1.765206299784313 40.15703059441909 -86.59404599438051
  endloop
endfacet
facet normal -0.38815 -0.919272 -0.0654124
  outer loop
    vertex -2.760197700597594 40.38848041912124 -86.02758684020222
    vertex -6.20616661125866 42.1588587569603 -90.45954827458492
    vertex -1.158528243365149 40.06733609199802 -91.01853027159365
  endloop
endfacet
facet normal -0.0447927 -0.997753 0.0498262
  outer loop
    vertex -2.760197700597594 40.38848041912124 -86.02758684020222
    vertex -1.158528243365149 40.06733609199802 -91.01853027159365
    vertex 1.765206299784313 40.15703059441909 -86.59404599438051
  endloop
endfacet
facet normal 0.0787015 -0.996897 0.00156571
  outer loop
    vertex 2.968587618598766 40.45078602445719 -264.5322718738573
    vertex -1.452279134409804 40.10601772208187 -261.830437131498
    vertex -1.413538439420728 40.10040864074279 -267.3491042741472
  endloop
endfacet
facet normal -0.0576747 -0.996904 -0.0534338
  outer loop
    vertex -2.760197700597594 40.38848041912124 -86.02758684020222
    vertex 1.765206299784313 40.15703059441909 -86.59404599438051
    vertex -0.1956349610324713 40.00191383503714 -81.58359314113748
  endloop
endfacet
facet normal 0.0859865 -0.996248 -0.00984835
  outer loop
    vertex 3.204113373072128 40.52721490307627 -270.2073380787037
    vertex 2.968587618598766 40.45078602445719 -264.5322718738573
    vertex -1.413538439420728 40.10040864074279 -267.3491042741472
  endloop
endfacet
facet normal 0.546313 -0.83754 -0.00829108
  outer loop
    vertex 3.04195954210345 40.47390519970509 -275.5067310490721
    vertex 7.437146353085721 43.31502773956512 -272.9024198778563
    vertex 3.204113373072128 40.52721490307627 -270.2073380787037
  endloop
endfacet
facet normal -0.298605 -0.951256 -0.0771163
  outer loop
    vertex -2.454249776233694 40.30584412979362 -76.58699266463245
    vertex -5.421047974745257 41.59689111962064 -81.02463145043457
    vertex -0.1956349610324713 40.00191383503714 -81.58359314113748
  endloop
endfacet
facet normal -0.283133 -0.955717 0.0802575
  outer loop
    vertex -5.421047974745257 41.59689111962064 -81.02463145043457
    vertex -2.760197700597594 40.38848041912124 -86.02758684020222
    vertex -0.1956349610324713 40.00191383503714 -81.58359314113748
  endloop
endfacet
facet normal 0.0923078 -0.99573 0.000441251
  outer loop
    vertex 3.204113373072128 40.52721490307627 -270.2073380787037
    vertex -1.413538439420728 40.10040864074279 -267.3491042741472
    vertex -1.403212102711522 40.09893966310658 -272.8242367303915
  endloop
endfacet
facet normal -0.96288 -0.269931 0
  outer loop
    vertex -10 50 -50.37534406798112
    vertex -8.542747996282655 44.80178331809757 -47.64695530279678
    vertex -10 50 -44.88285094934074
  endloop
endfacet
facet normal 0.0884344 -0.996055 0.00731394
  outer loop
    vertex 3.04195954210345 40.47390519970509 -275.5067310490721
    vertex 3.204113373072128 40.52721490307627 -270.2073380787037
    vertex -1.403212102711522 40.09893966310658 -272.8242367303915
  endloop
endfacet
facet normal -0.0107179 -0.998463 -0.0543731
  outer loop
    vertex -2.454249776233694 40.30584412979362 -76.58699266463245
    vertex 2.366440774971851 40.28403591718502 -77.13677188639892
    vertex 0.7688561074802752 40.02960079605685 -72.14961960947987
  endloop
endfacet
facet normal 0.00253952 -0.998082 0.0618587
  outer loop
    vertex -2.454249776233694 40.30584412979362 -76.58699266463245
    vertex -0.1956349610324713 40.00191383503714 -81.58359314113748
    vertex 2.366440774971851 40.28403591718502 -77.13677188639892
  endloop
endfacet
facet normal 0.0881614 -0.996083 0.00685774
  outer loop
    vertex 3.04195954210345 40.47390519970509 -275.5067310490721
    vertex -1.403212102711522 40.09893966310658 -272.8242367303915
    vertex -1.230839440740236 40.07603737052995 -278.3667600847182
  endloop
endfacet
facet normal -0.971448 -0.237254 -0.00028012
  outer loop
    vertex -8.872716144044263 45.38752688601697 -305.7766368041642
    vertex -8.875700807326803 45.39327283434125 -300.2925808010523
    vertex -10 50 -303.0300275254384
  endloop
endfacet
facet normal -0.205486 -0.975618 -0.0771005
  outer loop
    vertex -1.507919070552888 40.11434473205428 -67.15397213319959
    vertex -4.585021684579804 41.11306711221847 -71.59067365170824
    vertex 0.7688561074802752 40.02960079605685 -72.14961960947987
  endloop
endfacet
facet normal -0.190021 -0.978749 0.077092
  outer loop
    vertex -4.585021684579804 41.11306711221847 -71.59067365170824
    vertex -2.454249776233694 40.30584412979362 -76.58699266463245
    vertex 0.7688561074802752 40.02960079605685 -72.14961960947987
  endloop
endfacet
facet normal 0.576987 -0.815089 0.0521141
  outer loop
    vertex 4.82122961563525 41.2389643880805 -287.2483405711939
    vertex 7.414015061322529 43.28938298883905 -283.8851291160336
    vertex 3.343488792454485 40.57550623668671 -281.2641678557562
  endloop
endfacet
facet normal 0.10085 -0.994826 -0.0122739
  outer loop
    vertex 3.343488792454485 40.57550623668671 -281.2641678557562
    vertex 3.04195954210345 40.47390519970509 -275.5067310490721
    vertex -1.230839440740236 40.07603737052995 -278.3667600847182
  endloop
endfacet
facet normal 0.115785 -0.993207 0.0115836
  outer loop
    vertex 3.343488792454485 40.57550623668671 -281.2641678557562
    vertex -1.230839440740236 40.07603737052995 -278.3667600847182
    vertex -0.9394833534642756 40.04422925994358 -284.0063285301364
  endloop
endfacet
facet normal 0.132327 -0.988205 0.0770719
  outer loop
    vertex -1.507919070552888 40.11434473205428 -67.15397213319959
    vertex 0.7688561074802752 40.02960079605685 -72.14961960947987
    vertex 3.910657819440554 40.79637270315402 -67.7124444609792
  endloop
endfacet
facet normal 0.438618 -0.896911 0.0562574
  outer loop
    vertex 3.910657819440554 40.79637270315402 -67.7124444609792
    vertex 6.322793078877234 42.25259477749471 -63.30241180479399
    vertex 2.099444650287737 40.22286687416101 -62.73450710228937
  endloop
endfacet
facet normal 0.117313 -0.990523 -0.0714335
  outer loop
    vertex -1.507919070552888 40.11434473205428 -67.15397213319959
    vertex 3.910657819440554 40.79637270315402 -67.7124444609792
    vertex 2.099444650287737 40.22286687416101 -62.73450710228937
  endloop
endfacet
facet normal 0.190821 -0.981365 -0.0225814
  outer loop
    vertex 4.82122961563525 41.2389643880805 -287.2483405711939
    vertex -0.9394833534642756 40.04422925994358 -284.0063285301364
    vertex -1.336062474967357 40.08965504823449 -289.3317115113309
  endloop
endfacet
facet normal 0.165678 -0.983821 -0.0681624
  outer loop
    vertex 4.82122961563525 41.2389643880805 -287.2483405711939
    vertex 3.343488792454485 40.57550623668671 -281.2641678557562
    vertex -0.9394833534642756 40.04422925994358 -284.0063285301364
  endloop
endfacet
facet normal -0.0574665 -0.99577 -0.0716922
  outer loop
    vertex -3.060019948213033 40.47969129090141 -62.1659901259244
    vertex 2.099444650287737 40.22286687416101 -62.73450710228937
    vertex -0.5491533678206956 40.01508985625753 -57.72554211467094
  endloop
endfacet
facet normal -0.0430702 -0.99729 0.0596448
  outer loop
    vertex -3.060019948213033 40.47969129090141 -62.1659901259244
    vertex -1.507919070552888 40.11434473205428 -67.15397213319959
    vertex 2.099444650287737 40.22286687416101 -62.73450710228937
  endloop
endfacet
facet normal -0.752086 -0.659064 -0.0011288
  outer loop
    vertex -5.730945519146387 41.80510747742376 -281.060263558101
    vertex -5.752238355233225 41.82003949248019 -275.5917037663366
    vertex -8.870252192286081 45.3827902316178 -278.3053217211238
  endloop
endfacet
facet normal -0.752369 -0.658742 0.000688641
  outer loop
    vertex -5.753124416380271 41.8206626521674 -270.0861315003669
    vertex -5.740094108160575 41.81151298288504 -264.6023921657971
    vertex -8.87141831257955 45.38503118935478 -267.338655840766
  endloop
endfacet
facet normal -0.752575 -0.658506 0.000566272
  outer loop
    vertex -5.754784623062549 41.82183064847867 -308.5225042001329
    vertex -5.744087197842572 41.8143135740745 -303.0470882370579
    vertex -8.872716144044263 45.38752688601697 -305.7766368041642
  endloop
endfacet
facet normal -0.381481 -0.924331 0.00915688
  outer loop
    vertex -1.82313972972019 40.16759635053992 -305.9243892495343
    vertex -1.591728044543972 40.12749262688489 -300.3318768992997
    vertex -5.744087197842572 41.8143135740745 -303.0470882370579
  endloop
endfacet
facet normal 0.752282 -0.658841 0.000494295
  outer loop
    vertex 8.871707982853977 45.38558806921564 -300.2840114441777
    vertex 5.739260770509468 41.81092888001996 -297.5548218928816
    vertex 5.748593809295612 41.8174778206394 -303.0300182448594
  endloop
endfacet
facet normal -0.971278 -0.237949 -7.56822e-07
  outer loop
    vertex -8.867597583949182 45.37769396414099 -294.7942961998184
    vertex -8.867605651259996 45.37770944079217 -289.3069575392357
    vertex -10 50 -292.0450412881576
  endloop
endfacet
facet normal -0.971346 -0.237671 0
  outer loop
    vertex -10 50 -281.0600550508768
    vertex -8.870252192286081 45.3827902316178 -278.3053217211238
    vertex -10 50 -275.5675619322364
  endloop
endfacet
facet normal -0.971376 -0.237548 0
  outer loop
    vertex -10 50 -270.0750688135961
    vertex -8.87141831257955 45.38503118935478 -267.338655840766
    vertex -10 50 -264.5825756949557
  endloop
endfacet
facet normal 0.969006 -0.247037 0
  outer loop
    vertex 10 50 -248.1050963390346
    vertex 8.779454107663163 45.21239250027361 -250.9186820821559
    vertex 10 50 -253.597589457675
  endloop
endfacet
facet normal -0.971174 -0.238373 0
  outer loop
    vertex -10 50 -259.0900825763154
    vertex -8.863565908569299 45.36996766917896 -256.3395920840213
    vertex -10 50 -253.597589457675
  endloop
endfacet
facet normal 0.977044 -0.213037 0
  outer loop
    vertex 10 50 -237.1201101017538
    vertex 9.092303142773714 45.83706551097579 -239.9353026611283
    vertex 10 50 -242.6126032203942
  endloop
endfacet
facet normal -0.971376 -0.237548 0
  outer loop
    vertex -10 50 -248.1050963390346
    vertex -8.871418312579548 45.38503118935477 -245.3490161932243
    vertex -10 50 -242.6126032203943
  endloop
endfacet
facet normal 0.971376 -0.237548 0
  outer loop
    vertex 10 50 -226.1351238644731
    vertex 8.871418312579573 45.38503118935482 -228.8715368373032
    vertex 10 50 -231.6276169831134
  endloop
endfacet
facet normal -0.9747 -0.223516 0
  outer loop
    vertex -10 50 -237.1201101017539
    vertex -9.000808160074904 45.64277009264728 -234.3353732496176
    vertex -10 50 -231.6276169831135
  endloop
endfacet
facet normal 0.971376 -0.237548 0
  outer loop
    vertex 10 50 -215.1501376271923
    vertex 8.871418312579586 45.38503118935484 -217.9062177730027
    vertex 10 50 -220.6426307458327
  endloop
endfacet
facet normal -0.972867 -0.231365 0
  outer loop
    vertex -10 50 -226.1351238644732
    vertex -8.929402045731397 45.49824710743827 -223.5348620124391
    vertex -10 50 -220.6426307458328
  endloop
endfacet
facet normal 0.972235 -0.234007 0
  outer loop
    vertex 10 50 -204.1651513899116
    vertex 8.904810740973033 45.44979718392121 -206.9302150695697
    vertex 10 50 -209.6576445085519
  endloop
endfacet
facet normal -0.950223 -0.311571 0
  outer loop
    vertex -10 50 -215.1501376271924
    vertex -8.05846842073796 44.07875969817395 -212.1201254110478
    vertex -10 50 -209.6576445085521
  endloop
endfacet
facet normal 0.971376 -0.237548 0
  outer loop
    vertex 10 50 -171.2101926780693
    vertex 8.871418312579539 45.38503118935476 -173.9662728238796
    vertex 10 50 -176.7026857967097
  endloop
endfacet
facet normal -0.972833 -0.231509 0
  outer loop
    vertex -10 50 -193.180165152631
    vertex -8.928069428009836 45.49560478103485 -190.3828767271433
    vertex -10 50 -187.6876720339906
  endloop
endfacet
facet normal -0.971376 -0.237548 0
  outer loop
    vertex -10 50 -160.2252064407887
    vertex -8.871418312579539 45.38503118935476 -157.4691262949784
    vertex -10 50 -154.7327133221483
  endloop
endfacet
facet normal 0.962287 -0.272036 0
  outer loop
    vertex 10 50 -138.255233966227
    vertex 8.519928014931244 44.76446501106241 -140.952386428971
    vertex 10 50 -143.7477270848674
  endloop
endfacet
facet normal 0.971376 -0.237548 0
  outer loop
    vertex 10 50 -116.2852614916656
    vertex 8.871418312579557 45.38503118935478 -119.0216744644955
    vertex 10 50 -121.7777546103059
  endloop
endfacet
facet normal -0.971376 -0.237548 0
  outer loop
    vertex -10 50 -138.2552339662272
    vertex -8.87141831257955 45.38503118935478 -135.4991538204169
    vertex -10 50 -132.7627408475868
  endloop
endfacet
facet normal -0.964993 -0.262277 0
  outer loop
    vertex -10 50 -72.34531654254265
    vertex -8.6242143120437 44.93809052827487 -69.66680952407745
    vertex -10 50 -66.85282342390227
  endloop
endfacet
facet normal 0.971376 -0.237548 0
  outer loop
    vertex 10 50 -50.3753440679811
    vertex 8.871418312579605 45.38503118935488 -53.11175704081113
    vertex 10 50 -55.86783718662147
  endloop
endfacet
facet normal 0.971376 -0.237548 0
  outer loop
    vertex 10 50 -105.3002752543848
    vertex 8.871418312579642 45.38503118935495 -108.0563554001955
    vertex 10 50 -110.7927683730252
  endloop
endfacet
facet normal 0.971376 -0.237548 0
  outer loop
    vertex 10 50 -83.33030277982337
    vertex 8.871418312579634 45.38503118935493 -86.06671575265312
    vertex 10 50 -88.82279589846374
  endloop
endfacet
facet normal -0.316301 -0.945284 0.0799489
  outer loop
    vertex -5.706745798797781 41.78823695008776 -57.16547248800941
    vertex -3.060019948213033 40.47969129090141 -62.1659901259244
    vertex -0.5491533678206956 40.01508985625753 -57.72554211467094
  endloop
endfacet
facet normal -0.966851 -0.253024 0.0343327
  outer loop
    vertex -8.924334873714896 45.4882102152476 -53.33411182758047
    vertex -8.542747996282655 44.80178331809757 -47.64695530279678
    vertex -10 50 -50.37534406798112
  endloop
endfacet
facet normal -0.331127 -0.940968 -0.0702487
  outer loop
    vertex -2.383741910874337 40.28826614335313 -52.73709693299871
    vertex -5.706745798797781 41.78823695008776 -57.16547248800941
    vertex -0.5491533678206956 40.01508985625753 -57.72554211467094
  endloop
endfacet
facet normal 0.0211025 -0.997828 0.0624037
  outer loop
    vertex -2.383741910874337 40.28826614335313 -52.73709693299871
    vertex -0.5491533678206956 40.01508985625753 -57.72554211467094
    vertex 2.658854764227328 40.35995376864065 -53.29603319904349
  endloop
endfacet
facet normal 0.758811 -0.651056 0.0181857
  outer loop
    vertex 8.871707982853977 45.38558806921564 -300.2840114441777
    vertex 9.049301512841035 45.74439873464478 -294.8486335383318
    vertex 5.739260770509468 41.81092888001996 -297.5548218928816
  endloop
endfacet
facet normal 0.732363 -0.68072 0.0162935
  outer loop
    vertex 9.011583768332253 45.66510000273009 -113.6209593975579
    vertex 5.099998453836545 41.39825507406405 -116.0653358987031
    vertex 8.871418312579557 45.38503118935478 -119.0216744644955
  endloop
endfacet
facet normal 0.227217 -0.970562 0.0798862
  outer loop
    vertex 2.099444650287737 40.22286687416101 -62.73450710228937
    vertex 4.776105722422655 41.2142835165115 -58.30261229241542
    vertex -0.5491533678206956 40.01508985625753 -57.72554211467094
  endloop
endfacet
facet normal -0.191211 -0.978694 -0.074804
  outer loop
    vertex -1.377912595592379 40.09538709091022 -148.2193657655779
    vertex -4.399109933866491 41.01958621277632 -152.588400470837
    vertex 0.8628071466845602 40.03729134082351 -153.1869208955881
  endloop
endfacet
facet normal -0.14625 -0.987053 -0.0658534
  outer loop
    vertex -1.158528243365149 40.06733609199802 -91.01853027159365
    vertex -3.812382111024877 40.75523160703646 -95.43537796648818
    vertex 1.120789756967867 40.0630069779296 -96.01563704022279
  endloop
endfacet
facet normal 0.230937 -0.97069 -0.0665559
  outer loop
    vertex -0.3223625459255883 40.00519723111134 -201.2606044828409
    vertex 4.725079831086765 41.18673609893264 -200.979128719341
    vertex 1.82938051640076 40.16875557590936 -196.1798684199531
  endloop
endfacet
facet normal -0.751232 -0.660038 7.57152e-07
  outer loop
    vertex -5.725118242759512 41.80103536375341 -292.0494410010855
    vertex -8.867605651259996 45.37770944079217 -289.3069575392357
    vertex -8.867597583949182 45.37769396414099 -294.7942961998184
  endloop
endfacet
facet normal -0.752459 -0.658639 -0.000143198
  outer loop
    vertex -8.870252192286081 45.3827902316178 -278.3053217211238
    vertex -5.752238355233225 41.82003949248019 -275.5917037663366
    vertex -8.868719475313059 45.37984687827309 -272.8213153729163
  endloop
endfacet
facet normal -0.971326 -0.237751 0.00014387
  outer loop
    vertex -10 50 -275.5675619322364
    vertex -8.870252192286081 45.3827902316178 -278.3053217211238
    vertex -8.868719475313059 45.37984687827309 -272.8213153729163
  endloop
endfacet
facet normal -0.971341 -0.23769 -0.000253387
  outer loop
    vertex -8.868719475313059 45.37984687827309 -272.8213153729163
    vertex -8.87141831257955 45.38503118935478 -267.338655840766
    vertex -10 50 -270.0750688135961
  endloop
endfacet
facet normal 0.970096 -0.242573 0.00847461
  outer loop
    vertex 10 50 -253.597589457675
    vertex 8.779454107663163 45.21239250027361 -250.9186820821559
    vertex 8.868719475326195 45.37984687829831 -256.3438360169952
  endloop
endfacet
facet normal -0.97124 -0.238103 -0.000483411
  outer loop
    vertex -10 50 -253.597589457675
    vertex -8.863565908569299 45.36996766917896 -256.3395920840213
    vertex -8.868719475313039 45.37984687827306 -250.8513428983548
  endloop
endfacet
facet normal 0.976101 -0.217209 -0.00680617
  outer loop
    vertex 10 50 -242.6126032203942
    vertex 9.092303142773714 45.83706551097579 -239.9353026611283
    vertex 9.019281426727801 45.68113874435831 -245.4314789048297
  endloop
endfacet
facet normal -0.967643 -0.251134 0.0244521
  outer loop
    vertex -10 50 -242.6126032203943
    vertex -8.871418312579548 45.38503118935477 -245.3490161932243
    vertex -8.617224038231253 44.92619966150328 -240.0021922453655
  endloop
endfacet
facet normal -0.969055 -0.244393 -0.0346913
  outer loop
    vertex -8.617224038231253 44.92619966150328 -240.0021922453655
    vertex -9.000808160074904 45.64277009264728 -234.3353732496176
    vertex -10 50 -237.1201101017539
  endloop
endfacet
facet normal 0.9589 -0.275282 0.0687843
  outer loop
    vertex 8.183306072130637 44.25252214185824 -223.8112127112801
    vertex 8.871418312579573 45.38503118935482 -228.8715368373032
    vertex 10 50 -226.1351238644731
  endloop
endfacet
facet normal 0.96082 -0.270585 -0.0600699
  outer loop
    vertex 10 50 -220.6426307458327
    vertex 8.871418312579586 45.38503118935484 -217.9062177730027
    vertex 8.183306072130637 44.25252214185824 -223.8112127112801
  endloop
endfacet
facet normal -0.972238 -0.233946 -0.00472619
  outer loop
    vertex -8.881575191375964 45.40460859991937 -228.7383661203701
    vertex -8.929402045731397 45.49824710743827 -223.5348620124391
    vertex -10 50 -226.1351238644732
  endloop
endfacet
facet normal -0.958075 -0.277343 0.0719211
  outer loop
    vertex -8.868719475313046 45.37984687827307 -217.8963841865126
    vertex -8.05846842073796 44.07875969817395 -212.1201254110478
    vertex -10 50 -215.1501376271924
  endloop
endfacet
facet normal 0.966339 -0.254688 0.0363672
  outer loop
    vertex 8.497171701610965 44.72761220381678 -201.156181052839
    vertex 8.904810740973033 45.44979718392121 -206.9302150695697
    vertex 10 50 -204.1651513899116
  endloop
endfacet
facet normal 0.97027 -0.241898 -0.00779234
  outer loop
    vertex 10 50 -176.7026857967097
    vertex 8.871418312579539 45.38503118935476 -173.9662728238796
    vertex 8.791604261262645 45.23474087657885 -179.2389227450538
  endloop
endfacet
facet normal -0.975326 -0.219895 0.019658
  outer loop
    vertex -9.135428242994779 45.93257442390235 -195.7829656660317
    vertex -8.928069428009836 45.49560478103485 -190.3828767271433
    vertex -10 50 -193.180165152631
  endloop
endfacet
facet normal 0.973084 -0.230065 -0.0133239
  outer loop
    vertex 9.011583768332253 45.66510000273009 -113.6209593975579
    vertex 8.871418312579557 45.38503118935478 -119.0216744644955
    vertex 10 50 -116.2852614916656
  endloop
endfacet
facet normal 0.973035 -0.230294 0.0129188
  outer loop
    vertex 10 50 -110.7927683730252
    vertex 8.871418312579642 45.38503118935495 -108.0563554001955
    vertex 9.011583768332253 45.66510000273009 -113.6209593975579
  endloop
endfacet
facet normal 0.965658 -0.258232 -0.0286447
  outer loop
    vertex 8.806600488325104 45.26251249721627 -135.7781152677736
    vertex 8.519928014931244 44.76446501106241 -140.952386428971
    vertex 10 50 -138.255233966227
  endloop
endfacet
facet normal 0.971341 -0.23769 0.000253387
  outer loop
    vertex 8.86871947529534 45.37984687823908 -80.58405622050319
    vertex 8.871418312579634 45.38503118935493 -86.06671575265312
    vertex 10 50 -83.33030277982337
  endloop
endfacet
facet normal -0.964996 -0.2593 0.0393163
  outer loop
    vertex -10 50 -154.7327133221483
    vertex -8.871418312579539 45.38503118935476 -157.4691262949784
    vertex -8.459706681040529 44.6677056654046 -152.0948321362892
  endloop
endfacet
facet normal -0.965999 -0.256318 0.0338726
  outer loop
    vertex -10 50 -132.7627408475868
    vertex -8.87141831257955 45.38503118935478 -135.4991538204169
    vertex -8.483727782324523 44.70600690259091 -129.5810190844689
  endloop
endfacet
facet normal -0.96638 -0.256886 0.0109014
  outer loop
    vertex -8.733024395558632 45.12821542896468 -74.83234389876392
    vertex -8.6242143120437 44.93809052827487 -69.66680952407745
    vertex -10 50 -72.34531654254265
  endloop
endfacet
facet normal 0.971341 -0.23769 0.000253387
  outer loop
    vertex 8.868719475326195 45.37984687829831 -47.62909750866093
    vertex 8.871418312579605 45.38503118935488 -53.11175704081113
    vertex 10 50 -50.3753440679811
  endloop
endfacet
facet normal -0.752467 -0.65863 0.000280557
  outer loop
    vertex -5.744087197842572 41.8143135740745 -303.0470882370579
    vertex -8.875700807326803 45.39327283434125 -300.2925808010523
    vertex -8.872716144044263 45.38752688601697 -305.7766368041642
  endloop
endfacet
facet normal 0.00670684 -0.9977 -0.0674546
  outer loop
    vertex -2.383741910874337 40.28826614335313 -52.73709693299871
    vertex 2.658854764227328 40.35995376864065 -53.29603319904349
    vertex 0.4061371543878691 40.00825077317161 -48.3180874046863
  endloop
endfacet
facet normal -0.238734 -0.96829 -0.0736306
  outer loop
    vertex -4.872056738547599 41.26712744073447 -47.75955220173373
    vertex 0.4061371543878691 40.00825077317161 -48.3180874046863
    vertex -2.060672409512966 40.21462166185323 -43.03381850973271
  endloop
endfacet
facet normal -0.372669 -0.925902 0.0618416
  outer loop
    vertex -5.981845272199788 41.98641608645289 -147.6507355347024
    vertex -4.399109933866491 41.01958621277632 -152.588400470837
    vertex -1.377912595592379 40.09538709091022 -148.2193657655779
  endloop
endfacet
facet normal -0.3739 -0.923946 0.0807584
  outer loop
    vertex -6.20616661125866 42.1588587569603 -90.45954827458492
    vertex -3.812382111024877 40.75523160703646 -95.43537796648818
    vertex -1.158528243365149 40.06733609199802 -91.01853027159365
  endloop
endfacet
facet normal 0.43533 -0.897361 0.0723211
  outer loop
    vertex 1.82938051640076 40.16875557590936 -196.1798684199531
    vertex 4.725079831086765 41.18673609893264 -200.979128719341
    vertex 6.681920028149228 42.56011124159654 -195.7172771711275
  endloop
endfacet
facet normal -0.223305 -0.971508 0.0794201
  outer loop
    vertex -4.872056738547599 41.26712744073447 -47.75955220173373
    vertex -2.383741910874337 40.28826614335313 -52.73709693299871
    vertex 0.4061371543878691 40.00825077317161 -48.3180874046863
  endloop
endfacet
facet normal 0.426418 -0.902817 -0.0555763
  outer loop
    vertex 6.322793078877234 42.25259477749471 -63.30241180479399
    vertex 4.776105722422655 41.2142835165115 -58.30261229241542
    vertex 2.099444650287737 40.22286687416101 -62.73450710228937
  endloop
endfacet
facet normal -0.432611 -0.899779 0.0569674
  outer loop
    vertex -6.406962965485612 42.32205590285422 -42.75343316890797
    vertex -4.872056738547599 41.26712744073447 -47.75955220173373
    vertex -2.060672409512966 40.21462166185323 -43.03381850973271
  endloop
endfacet
facet normal -0.00245909 -0.997424 -0.0716888
  outer loop
    vertex 2.547035696646033 40.32980821493126 -320.5541204445726
    vertex -0.682416234382593 40.02331176777328 -316.1789820412457
    vertex -2.588190451025207 40.34074173710932 -320.5300912200665
  endloop
endfacet
facet normal -0.438649 -0.896638 -0.0602361
  outer loop
    vertex -3.762226556788853 40.73470716407772 -38.38451203321317
    vertex -6.406962965485612 42.32205590285422 -42.75343316890797
    vertex -2.060672409512966 40.21462166185323 -43.03381850973271
  endloop
endfacet
facet normal 0.258063 -0.963103 -0.0763978
  outer loop
    vertex 5.000000000000006 41.33974596215562 -325
    vertex 2.547035696646033 40.32980821493126 -320.5541204445726
    vertex 4.29288258446131e-15 40 -325
  endloop
endfacet
facet normal -0.480914 -0.875542 0.0463398
  outer loop
    vertex -2.756327991081263 40.38736997458126 -182.4371952760023
    vertex -6.618141165020572 42.50332023360607 -182.5363698347508
    vertex -5.201606611660733 41.45931567978728 -187.5609702108432
  endloop
endfacet
facet normal -0.121162 -0.990406 0.0664471
  outer loop
    vertex -3.762226556788853 40.73470716407772 -38.38451203321317
    vertex -2.060672409512966 40.21462166185323 -43.03381850973271
    vertex 1.2843751946653 40.08282397255506 -38.8988314066374
  endloop
endfacet
facet normal 0.242146 -0.968454 -0.0588405
  outer loop
    vertex -0.01993088123868954 40.00001986202108 -225.1210594237689
    vertex 4.577614237720871 41.10924930668871 -224.4575574300615
    vertex 2.107608159958376 40.22462339118963 -220.0623431127814
  endloop
endfacet
facet normal 0.276954 -0.958166 -0.0722118
  outer loop
    vertex 0.1575469336693102 40.00124112883547 -105.4509775744667
    vertex 5.334733594443933 41.54183131663176 -106.0367501223772
    vertex 2.616919081755484 40.34848537691912 -100.6260774283151
  endloop
endfacet
facet normal 0.242183 -0.967075 -0.0781813
  outer loop
    vertex -0.1956349610324713 40.00191383503714 -81.58359314113748
    vertex 5.032341571970663 41.35849907116733 -82.16930964767216
    vertex 2.366440774971851 40.28403591718502 -77.13677188639892
  endloop
endfacet
facet normal -0.134756 -0.988444 -0.0694273
  outer loop
    vertex -0.8867147768429048 40.0393907362788 -34.06646847514736
    vertex -3.762226556788853 40.73470716407772 -38.38451203321317
    vertex 1.2843751946653 40.08282397255506 -38.8988314066374
  endloop
endfacet
facet normal -0.25807 -0.963131 -0.0760096
  outer loop
    vertex 4.29288258446131e-15 40 -325
    vertex -2.588190451025207 40.34074173710932 -320.5300912200665
    vertex -4.999999999999999 41.33974596215561 -325
  endloop
endfacet
facet normal -0.728073 -0.683537 -0.0518362
  outer loop
    vertex -8.868719475313046 45.37984687827307 -217.8963841865126
    vertex -5.479502243880352 41.63489060685336 -216.1173487166248
    vertex -8.05846842073796 44.07875969817395 -212.1201254110478
  endloop
endfacet
facet normal -0.252375 -0.964831 0.0735342
  outer loop
    vertex -5.021463271338239 41.35232028908073 -24.49044855191333
    vertex -3.022615936183885 40.46774985104109 -29.23656809305407
    vertex -3.41074011481896e-14 40 -25
  endloop
endfacet
facet normal -0.287283 -0.955272 -0.0701745
  outer loop
    vertex -1.979672938531914 40.19791373959378 -157.6213921075069
    vertex -5.30421255507397 41.5226578946821 -162.0447340213852
    vertex -0.1017192512248589 40.00051735368623 -162.6223227391092
  endloop
endfacet
facet normal 0.863327 -0.503335 0.0363343
  outer loop
    vertex 8.868719475291305 45.37984687823134 -278.3138084915567
    vertex 9.494280983199072 46.86015468341759 -272.6710077871022
    vertex 7.437146353085721 43.31502773956512 -272.9024198778563
  endloop
endfacet
facet normal 0.705061 -0.705061 -0.0760096
  outer loop
    vertex 8.660254037844391 45.00000000000001 -325
    vertex 7.071067811865479 42.92893218813453 -320.5300912200665
    vertex 5.000000000000006 41.33974596215562 -325
  endloop
endfacet
facet normal 0.696634 -0.714573 0.0639273
  outer loop
    vertex 5.0214632713382 41.35232028908074 -24.49044855191332
    vertex 7.675053042350441 43.58957405493931 -28.39955399058772
    vertex 8.649706950355711 44.98202392972524 -23.45596404783778
  endloop
endfacet
facet normal 0.49635 -0.864662 0.0774366
  outer loop
    vertex 7.071067811865479 42.92893218813453 -320.5300912200665
    vertex 2.547035696646033 40.32980821493126 -320.5541204445726
    vertex 5.000000000000006 41.33974596215562 -325
  endloop
endfacet
facet normal 0.864653 -0.501054 0.0363217
  outer loop
    vertex 8.868719475322148 45.37984687829054 -267.3288222542759
    vertex 9.500424322267744 46.87879226951113 -261.6890341838173
    vertex 7.459075539128231 43.33950511586572 -261.917954699277
  endloop
endfacet
facet normal 0.155901 -0.985876 0.0611824
  outer loop
    vertex -0.8867147768429048 40.0393907362788 -34.06646847514736
    vertex 1.2843751946653 40.08282397255506 -38.8988314066374
    vertex 3.766878601737814 40.73659751496407 -34.68987278164556
  endloop
endfacet
facet normal -0.964352 -0.259625 0.0511932
  outer loop
    vertex -8.964847153176041 45.56925339020709 -86.30099198060141
    vertex -8.398774966081255 44.57223995840579 -80.69393189114463
    vertex -10 50 -83.33030277982341
  endloop
endfacet
facet normal -0.962816 -0.26855 -0.0294312
  outer loop
    vertex -10 50 -77.83780966118303
    vertex -8.398774966081255 44.57223995840579 -80.69393189114463
    vertex -8.733024395558632 45.12821542896468 -74.83234389876392
  endloop
endfacet
facet normal 0.73884 -0.672573 -0.0419761
  outer loop
    vertex 8.148704394166165 44.20356862401555 -68.91764465595088
    vertex 5.797003779258602 41.8517028046799 -72.62760150058313
    vertex 8.868719475293357 45.37984687823528 -75.09156310186282
  endloop
endfacet
facet normal 0.291843 -0.953846 0.0707435
  outer loop
    vertex 2.137530488592969 40.23112271495155 -110.5196094765937
    vertex 5.334733594443933 41.54183131663176 -106.0367501223772
    vertex 0.1575469336693102 40.00124112883547 -105.4509775744667
  endloop
endfacet
facet normal 0.226448 -0.972383 0.0565055
  outer loop
    vertex 2.866786834480462 40.41973208904628 -229.4670116894424
    vertex 4.577614237720871 41.10924930668871 -224.4575574300615
    vertex -0.01993088123868954 40.00001986202108 -225.1210594237689
  endloop
endfacet
facet normal 0.257991 -0.963525 0.0711352
  outer loop
    vertex 1.765206299784313 40.15703059441909 -86.59404599438051
    vertex 5.032341571970663 41.35849907116733 -82.16930964767216
    vertex -0.1956349610324713 40.00191383503714 -81.58359314113748
  endloop
endfacet
facet normal -0.767089 -0.640201 0.0414426
  outer loop
    vertex -5.981845272199788 41.98641608645289 -147.6507355347024
    vertex -9.040522658263248 45.72578076539951 -146.5004970991759
    vertex -8.459706681040529 44.6677056654046 -152.0948321362892
  endloop
endfacet
facet normal -0.766358 -0.641592 -0.032474
  outer loop
    vertex -8.60525905884553 44.90593320321014 -173.8477387315874
    vertex -9.022695938721039 45.68827667893836 -179.4534320105852
    vertex -5.97586939578397 41.98195878256213 -178.1297546015204
  endloop
endfacet
facet normal -0.0376451 -0.995831 -0.0830892
  outer loop
    vertex -3.022615936183885 40.46774985104109 -29.23656809305407
    vertex 2.376592570854438 40.28651412971844 -29.51065587560777
    vertex -3.41074011481896e-14 40 -25
  endloop
endfacet
facet normal 0.345302 -0.936386 0.0628413
  outer loop
    vertex 2.366440774971851 40.28403591718502 -77.13677188639892
    vertex 5.797003779258602 41.8517028046799 -72.62760150058313
    vertex 0.7688561074802752 40.02960079605685 -72.14961960947987
  endloop
endfacet
facet normal 0.141721 -0.988748 -0.047881
  outer loop
    vertex -0.8867147768429048 40.0393907362788 -34.06646847514736
    vertex 3.766878601737814 40.73659751496407 -34.68987278164556
    vertex 2.376592570854438 40.28651412971844 -29.51065587560777
  endloop
endfacet
facet normal 0.787899 -0.61464 -0.0378558
  outer loop
    vertex 6.322793078877234 42.25259477749471 -63.30241180479399
    vertex 9.101465096039869 45.85713467445923 -63.99396884076046
    vertex 8.557545082459566 44.82617915253417 -58.57573078507875
  endloop
endfacet
facet normal 0.865383 -0.499732 -0.0371398
  outer loop
    vertex 7.437146353085721 43.31502773956512 -272.9024198778563
    vertex 9.494280983199072 46.86015468341759 -272.6710077871022
    vertex 8.868719475322148 45.37984687829054 -267.3288222542759
  endloop
endfacet
facet normal 0.335533 -0.939457 0.0695557
  outer loop
    vertex 4.13868474198691 40.8966331170031 -215.0036267673727
    vertex 5.843223894639613 41.8847837664599 -209.8797368867173
    vertex 0.8231682473534224 40.03393788718186 -210.6617777277768
  endloop
endfacet
facet normal 0.968852 -0.247641 0
  outer loop
    vertex 10 50 -314.0150137627193
    vertex 8.773479026344166 45.20145170136853 -316.576326094165
    vertex 10 50 -319.5075068813596
  endloop
endfacet
facet normal -0.972429 -0.233042 -0.00852147
  outer loop
    vertex -8.868719475313044 45.37984687827307 -206.9113979492319
    vertex -8.959795820387788 45.5590475281803 -201.4189048305915
    vertex -10 50 -204.1651513899117
  endloop
endfacet
facet normal -0.975664 -0.218691 -0.0159106
  outer loop
    vertex -10 50 -198.6726582712714
    vertex -8.959795820387788 45.5590475281803 -201.4189048305915
    vertex -9.135428242994779 45.93257442390235 -195.7829656660317
  endloop
endfacet
facet normal 0.866684 -0.497478 -0.0370806
  outer loop
    vertex 7.459075539128231 43.33950511586572 -261.917954699277
    vertex 9.500424322267744 46.87879226951113 -261.6890341838173
    vertex 8.868719475326195 45.37984687829831 -256.3438360169952
  endloop
endfacet
facet normal -0.0296348 -0.996721 0.075293
  outer loop
    vertex -3.022615936183885 40.46774985104109 -29.23656809305407
    vertex -0.8867147768429048 40.0393907362788 -34.06646847514736
    vertex 2.376592570854438 40.28651412971844 -29.51065587560777
  endloop
endfacet
facet normal -0.975499 -0.21968 0.0119366
  outer loop
    vertex -9.101610163528791 45.8574533881742 -64.18005328778356
    vertex -8.971753692005512 45.58325507981438 -58.6140837459417
    vertex -10 50 -61.36033030526188
  endloop
endfacet
facet normal -0.973307 -0.229459 0.00461067
  outer loop
    vertex -10 50 -55.8678371866215
    vertex -8.971753692005512 45.58325507981438 -58.6140837459417
    vertex -8.924334873714896 45.4882102152476 -53.33411182758047
  endloop
endfacet
facet normal -0.35313 -0.932687 -0.0734436
  outer loop
    vertex -3.022615936183885 40.46774985104109 -29.23656809305407
    vertex -5.819529578519914 41.8677754897733 -33.56794906953382
    vertex -0.8867147768429048 40.0393907362788 -34.06646847514736
  endloop
endfacet
facet normal -0.620992 -0.775023 -0.117086
  outer loop
    vertex -5.021463271338239 41.35232028908073 -24.49044855191333
    vertex -8.480642620629743 44.70106607503374 -28.31013735209456
    vertex -3.022615936183885 40.46774985104109 -29.23656809305407
  endloop
endfacet
facet normal 0.863044 -0.50298 0.0465345
  outer loop
    vertex 8.541703981840266 44.80006797288521 -288.4709769333646
    vertex 9.498817256519317 46.87390487552749 -283.8063016101971
    vertex 7.414015061322529 43.28938298883905 -283.8851291160336
  endloop
endfacet
facet normal 0.73525 -0.67663 0.0397243
  outer loop
    vertex 8.871889398263558 45.38593687678867 -42.08984886405332
    vertex 5.016251822337508 41.34914931033395 -39.48574178391286
    vertex 5.747950103413603 41.81702562580894 -45.05921519863942
  endloop
endfacet
facet normal -0.00177223 -0.997183 0.0749892
  outer loop
    vertex 4.29288258446131e-15 40 -325
    vertex 2.547035696646033 40.32980821493126 -320.5541204445726
    vertex -2.588190451025207 40.34074173710932 -320.5300912200665
  endloop
endfacet
facet normal 0.745003 -0.666292 0.0320221
  outer loop
    vertex 8.904810740973033 45.44979718392121 -206.9302150695697
    vertex 5.843223894639613 41.8847837664599 -209.8797368867173
    vertex 8.488446396407708 44.71357608819412 -212.5621304825133
  endloop
endfacet
facet normal 0.685451 -0.72369 -0.0801883
  outer loop
    vertex 8.557545082459566 44.82617915253417 -58.57573078507875
    vertex 6.330386294271523 42.25879793796214 -54.44321169369306
    vertex 4.776105722422655 41.2142835165115 -58.30261229241542
  endloop
endfacet
facet normal -0.741086 -0.66944 -0.0513952
  outer loop
    vertex -5.121417618140389 41.41099065196683 -104.8920201928775
    vertex -6.034610498979696 42.02607523702386 -99.73604860984797
    vertex -8.868719475294567 45.3798468782376 -102.5540286950648
  endloop
endfacet
facet normal -0.594342 -0.794104 0.127109
  outer loop
    vertex -8.480642620629743 44.70106607503374 -28.31013735209456
    vertex -5.819529578519914 41.8677754897733 -33.56794906953382
    vertex -3.022615936183885 40.46774985104109 -29.23656809305407
  endloop
endfacet
facet normal -0.348948 -0.93648 -0.0352307
  outer loop
    vertex -5.784014057500213 41.84247700691932 -314.0052479257624
    vertex -0.682416234382593 40.02331176777328 -316.1789820412457
    vertex -1.377561930366238 40.09533831329885 -311.2083626612796
  endloop
endfacet
facet normal 0.966118 -0.256769 -0.0261674
  outer loop
    vertex 10 50 -187.6876720339904
    vertex 8.824457664208097 45.29585853395128 -184.9297934779019
    vertex 8.541313201656312 44.79942610943642 -190.5124057392521
  endloop
endfacet
facet normal 0.969754 -0.244067 0.0029772
  outer loop
    vertex 8.791604261262645 45.23474087657885 -179.2389227450538
    vertex 8.824457664208097 45.29585853395128 -184.9297934779019
    vertex 10 50 -182.1951789153501
  endloop
endfacet
facet normal 0.391008 -0.919612 -0.0377793
  outer loop
    vertex 3.455498346320284 40.61599599432216 -292.1045959188031
    vertex 1.930684400366171 40.18814707885495 -297.4715400098997
    vertex 5.739260770509468 41.81092888001996 -297.5548218928816
  endloop
endfacet
facet normal -0.959134 -0.282951 0
  outer loop
    vertex -10 50 -83.33030277982341
    vertex -8.398774966081255 44.57223995840579 -80.69393189114463
    vertex -10 50 -77.83780966118303
  endloop
endfacet
facet normal 0.333565 -0.939836 -0.0737755
  outer loop
    vertex 0.7688561074802752 40.02960079605685 -72.14961960947987
    vertex 5.797003779258602 41.8517028046799 -72.62760150058313
    vertex 3.910657819440554 40.79637270315402 -67.7124444609792
  endloop
endfacet
facet normal 0.532073 -0.845867 0.0374984
  outer loop
    vertex 5.739260770509468 41.81092888001996 -297.5548218928816
    vertex 6.950747075843296 42.81062484720293 -292.1943079986868
    vertex 3.455498346320284 40.61599599432216 -292.1045959188031
  endloop
endfacet
facet normal 0.960447 -0.274543 0.0465658
  outer loop
    vertex 8.260704812446576 44.36433180522292 -124.6231483945443
    vertex 8.754419018101197 45.16676633551531 -130.0752852042172
    vertex 10 50 -127.2702477289463
  endloop
endfacet
facet normal 0.96898 -0.247094 0.00471774
  outer loop
    vertex 10 50 -132.7627408475867
    vertex 8.754419018101197 45.16676633551531 -130.0752852042172
    vertex 8.806600488325104 45.26251249721627 -135.7781152677736
  endloop
endfacet
facet normal -0.339857 -0.937452 0.0753667
  outer loop
    vertex -0.8867147768429048 40.0393907362788 -34.06646847514736
    vertex -5.819529578519914 41.8677754897733 -33.56794906953382
    vertex -3.762226556788853 40.73470716407772 -38.38451203321317
  endloop
endfacet
facet normal 0.973171 -0.229618 -0.0145867
  outer loop
    vertex 10 50 -154.7327133221481
    vertex 9.024915372328262 45.69292413320672 -151.9864667628279
    vertex 8.86871947532415 45.37984687829439 -157.4789598814683
  endloop
endfacet
facet normal 0.974588 -0.223946 0.00518709
  outer loop
    vertex 8.969208176798094 45.57808811923415 -146.4776818493243
    vertex 9.024915372328262 45.69292413320672 -151.9864667628279
    vertex 10 50 -149.2402202035077
  endloop
endfacet
facet normal 0.706378 -0.704271 0.0709436
  outer loop
    vertex 4.863829821155932 41.26254273424847 -139.313296478957
    vertex 6.269684751415505 42.20955372793908 -143.9100723173252
    vertex 8.519928014931244 44.76446501106241 -140.952386428971
  endloop
endfacet
facet normal 0.354585 -0.93245 -0.0693263
  outer loop
    vertex 0.8231682473534224 40.03393788718186 -210.6617777277768
    vertex 5.843223894639613 41.8847837664599 -209.8797368867173
    vertex 2.704924679603199 40.3727790885597 -205.5945716786406
  endloop
endfacet
facet normal 0.765132 -0.636202 0.0990963
  outer loop
    vertex 5.241826207436104 41.48394116911842 -253.352133005227
    vertex 6.430985172765816 42.34216546877212 -257.0239038505488
    vertex 8.868719475326195 45.37984687829831 -256.3438360169952
  endloop
endfacet
facet normal -0.759497 -0.65051 0.000240387
  outer loop
    vertex -8.868719475313039 45.37984687827306 -250.8513428983548
    vertex -5.926166570177955 41.94515364625089 -248.5350050140993
    vertex -8.871418312579548 45.38503118935477 -245.3490161932243
  endloop
endfacet
facet normal 0.498763 -0.865776 -0.0408307
  outer loop
    vertex 3.068277144495155 40.48234927282112 -258.6650979260459
    vertex 6.430985172765816 42.34216546877212 -257.0239038505488
    vertex 5.241826207436104 41.48394116911842 -253.352133005227
  endloop
endfacet
facet normal -0.816795 -0.575338 -0.0427875
  outer loop
    vertex -8.868719475313048 45.37984687827307 -119.0315080509859
    vertex -9.364643682291961 46.49237278153603 -124.5240011696262
    vertex -6.498706628909413 42.39955184536012 -124.1997748665441
  endloop
endfacet
facet normal -0.973648 -0.228057 0
  outer loop
    vertex -10 50 -204.1651513899117
    vertex -8.959795820387788 45.5590475281803 -201.4189048305915
    vertex -10 50 -198.6726582712714
  endloop
endfacet
facet normal -0.974835 -0.222644 0.0112538
  outer loop
    vertex -10 50 -110.7927683730253
    vertex -9.069755188867182 45.78816657332975 -113.5390149323455
    vertex -8.944610519576422 45.52854132825956 -107.8350539245988
  endloop
endfacet
facet normal -0.973652 -0.227266 -0.0187423
  outer loop
    vertex -8.868719475313048 45.37984687827307 -119.0315080509859
    vertex -9.069755188867182 45.78816657332975 -113.5390149323455
    vertex -10 50 -116.2852614916657
  endloop
endfacet
facet normal -0.784401 -0.620142 -0.0117787
  outer loop
    vertex -6.20616661125866 42.1588587569603 -90.45954827458492
    vertex -6.430902418417243 42.34209597312716 -85.14062255899057
    vertex -8.964847153176041 45.56925339020709 -86.30099198060141
  endloop
endfacet
facet normal 0.78099 -0.624363 0.0149936
  outer loop
    vertex 8.86871947532415 45.37984687829439 -157.4789598814683
    vertex 6.525482872896808 42.42252856979781 -158.5724300674493
    vertex 6.789377794693565 42.65804187148129 -162.5110232947199
  endloop
endfacet
facet normal 0.744346 -0.667099 0.0304772
  outer loop
    vertex 8.871418312579634 45.38503118935493 -86.06671575265312
    vertex 5.682203108533671 41.77123533977485 -87.27681570385286
    vertex 8.472429304862036 44.6879437433217 -91.58035985341647
  endloop
endfacet
facet normal 0.772014 -0.634477 -0.0378621
  outer loop
    vertex 7.437146353085721 43.31502773956512 -272.9024198778563
    vertex 6.260343784564133 42.20204541568308 -278.2467083607006
    vertex 8.868719475291305 45.37984687823134 -278.3138084915567
  endloop
endfacet
facet normal -0.973955 -0.226743 0
  outer loop
    vertex -10 50 -61.36033030526188
    vertex -8.971753692005512 45.58325507981438 -58.6140837459417
    vertex -10 50 -55.8678371866215
  endloop
endfacet
facet normal 0.699764 -0.713728 0.0303861
  outer loop
    vertex 9.019281426727801 45.68113874435831 -245.4314789048297
    vertex 4.372233547711974 41.00647044791302 -248.2157635192808
    vertex 8.779454107663163 45.21239250027361 -250.9186820821559
  endloop
endfacet
facet normal 0.750248 -0.661156 -0.000255869
  outer loop
    vertex 8.868719475326195 45.37984687829831 -47.62909750866093
    vertex 5.696716014846478 41.78127585046246 -49.86353015580508
    vertex 8.871418312579605 45.38503118935488 -53.11175704081113
  endloop
endfacet
facet normal -0.501281 -0.861773 0.0778716
  outer loop
    vertex -2.588190451025207 40.34074173710932 -320.5300912200665
    vertex -7.071067811865475 42.92893218813452 -320.7451604159552
    vertex -4.999999999999999 41.33974596215561 -325
  endloop
endfacet
facet normal 0.488932 -0.872107 -0.0193892
  outer loop
    vertex 6.789377794693565 42.65804187148129 -162.5110232947199
    vertex 6.525482872896808 42.42252856979781 -158.5724300674493
    vertex 3.096499367130616 40.49149372039122 -158.1841000757148
  endloop
endfacet
facet normal 0.772454 -0.633944 -0.0378086
  outer loop
    vertex 7.459075539128231 43.33950511586572 -261.917954699277
    vertex 6.270574072735347 42.21026952980148 -267.2656890981411
    vertex 8.868719475322148 45.37984687829054 -267.3288222542759
  endloop
endfacet
facet normal 0.698151 -0.70801 0.106335
  outer loop
    vertex 8.773479026344166 45.20145170136853 -316.576326094165
    vertex 4.999510834536621 41.33946356076306 -317.5122772888797
    vertex 7.071067811865479 42.92893218813453 -320.5300912200665
  endloop
endfacet
facet normal -0.325809 -0.943351 -0.0627465
  outer loop
    vertex -3.716570038573046 40.71629884429808 -235.2458960544217
    vertex -5.601961734053348 41.71640025531158 -240.4919101171713
    vertex -0.933038414196817 40.04362318322407 -239.5860635479931
  endloop
endfacet
facet normal 0.969983 -0.242999 -0.00923809
  outer loop
    vertex 8.868719475312814 45.37984687827262 -311.2687672033991
    vertex 8.773479026344166 45.20145170136853 -316.576326094165
    vertex 10 50 -314.0150137627193
  endloop
endfacet
facet normal -0.979811 -0.199516 0.0127963
  outer loop
    vertex -9.276778816368227 46.26618495474378 -97.15490846493162
    vertex -9.136289681714651 45.93450976488758 -91.56904245778398
    vertex -10 50 -94.31528901710418
  endloop
endfacet
facet normal -0.975695 -0.218501 0.0166032
  outer loop
    vertex -10 50 -88.8227958984638
    vertex -9.136289681714651 45.93450976488758 -91.56904245778398
    vertex -8.964847153176041 45.56925339020709 -86.30099198060141
  endloop
endfacet
facet normal -0.349082 -0.935611 0.0526707
  outer loop
    vertex -1.245682838673862 40.07788962642355 -215.7147703534446
    vertex -5.479502243880352 41.63489060685336 -216.1173487166248
    vertex -3.327695539203413 40.56991821889302 -220.7734866914804
  endloop
endfacet
facet normal -0.396983 -0.91609 -0.0564292
  outer loop
    vertex -3.060019948213033 40.47969129090141 -62.1659901259244
    vertex -6.130461049941603 42.09952866500049 -66.86217713731926
    vertex -1.507919070552888 40.11434473205428 -67.15397213319959
  endloop
endfacet
facet normal 0.647692 -0.758266 0.0743526
  outer loop
    vertex 4.577614237720871 41.10924930668871 -224.4575574300615
    vertex 6.480486955614338 42.38401097570956 -228.0333287304386
    vertex 8.183306072130637 44.25252214185824 -223.8112127112801
  endloop
endfacet
facet normal 0.965794 -0.255785 0.0426239
  outer loop
    vertex 8.472429304862036 44.6879437433217 -91.58035985341647
    vertex 8.930901574260066 45.50122271379443 -97.08818735011111
    vertex 10 50 -94.31528901710411
  endloop
endfacet
facet normal 0.974038 -0.226218 0.00869226
  outer loop
    vertex 10 50 -99.80778213574445
    vertex 8.930901574260066 45.50122271379443 -97.08818735011111
    vertex 9.027572935681658 45.69849713577359 -102.7868918522821
  endloop
endfacet
facet normal -0.757589 -0.647546 -0.082112
  outer loop
    vertex -5.25740392643048 41.49354927397135 -225.8322029670799
    vertex -6.916918891957866 42.77807276123081 -220.6509593828207
    vertex -8.929402045731397 45.49824710743827 -223.5348620124391
  endloop
endfacet
facet normal -0.975397 -0.220453 0.000995239
  outer loop
    vertex -9.033567135910316 45.71109981452108 -185.0524021135594
    vertex -9.022695938721039 45.68827667893836 -179.4534320105852
    vertex -10 50 -182.1951789153503
  endloop
endfacet
facet normal -0.969036 -0.243959 0.0381134
  outer loop
    vertex -10 50 -176.7026857967099
    vertex -9.022695938721039 45.68827667893836 -179.4534320105852
    vertex -8.60525905884553 44.90593320321014 -173.8477387315874
  endloop
endfacet
facet normal 0.707893 -0.704909 -0.0446175
  outer loop
    vertex 8.32900734229176 44.46577587262225 -36.16554577021938
    vertex 5.016251822337508 41.34914931033395 -39.48574178391286
    vertex 8.871889398263558 45.38593687678867 -42.08984886405332
  endloop
endfacet
facet normal 0.776846 -0.628713 -0.0350702
  outer loop
    vertex 8.183306072130637 44.25252214185824 -223.8112127112801
    vertex 6.480486955614338 42.38401097570956 -228.0333287304386
    vertex 8.871418312579573 45.38503118935482 -228.8715368373032
  endloop
endfacet
facet normal 0.970166 -0.24244 0
  outer loop
    vertex 10 50 -182.1951789153501
    vertex 8.824457664208097 45.29585853395128 -184.9297934779019
    vertex 10 50 -187.6876720339904
  endloop
endfacet
facet normal 0.381587 -0.922577 0.0569452
  outer loop
    vertex 4.677454663791987 41.1613678734676 -176.6673596494033
    vertex 6.080463291613696 42.06098455982492 -171.4940244942838
    vertex 1.490642265776251 40.11172484022206 -172.3181168901426
  endloop
endfacet
facet normal 0.976828 -0.207111 -0.0539588
  outer loop
    vertex 10 50 -275.5675619322365
    vertex 9.494280983199072 46.86015468341759 -272.6710077871022
    vertex 8.868719475291305 45.37984687823134 -278.3138084915567
  endloop
endfacet
facet normal 0.336238 -0.938811 0.0746835
  outer loop
    vertex 3.896454703657452 40.79035067212949 -238.8645347254231
    vertex 5.892393471198281 41.92041466530739 -233.6451023369323
    vertex 0.8230614248452132 40.03392906452439 -234.5361866448854
  endloop
endfacet
facet normal 0.976861 -0.206829 -0.0544457
  outer loop
    vertex 10 50 -264.5825756949557
    vertex 9.500424322267744 46.87879226951113 -261.6890341838173
    vertex 8.868719475322148 45.37984687829054 -267.3288222542759
  endloop
endfacet
facet normal 0.506403 -0.860123 0.0611902
  outer loop
    vertex 3.766878601737814 40.73659751496407 -34.68987278164556
    vertex 6.876417305841875 42.73949829309858 -32.27014374339353
    vertex 2.376592570854438 40.28651412971844 -29.51065587560777
  endloop
endfacet
facet normal -0.70485 -0.70485 -0.0798278
  outer loop
    vertex -4.999999999999999 41.33974596215561 -325
    vertex -7.071067811865475 42.92893218813452 -320.7451604159552
    vertex -8.660254037844386 45 -325
  endloop
endfacet
facet normal -0.96657 -0.250885 -0.0529008
  outer loop
    vertex -8.459706681040529 44.6677056654046 -152.0948321362892
    vertex -9.040522658263248 45.72578076539951 -146.5004970991759
    vertex -10 50 -149.2402202035079
  endloop
endfacet
facet normal -0.976683 -0.214563 -0.00727178
  outer loop
    vertex -10 50 -143.7477270848676
    vertex -9.040522658263248 45.72578076539951 -146.5004970991759
    vertex -9.120737215426402 45.89973749046042 -140.859567353372
  endloop
endfacet
facet normal 0.418111 -0.906903 0.0520509
  outer loop
    vertex 3.274369386128697 40.55126965549428 -148.7424391170229
    vertex 6.269684751415505 42.20955372793908 -143.9100723173252
    vertex 1.819295074247204 40.16688424593609 -143.7515190961159
  endloop
endfacet
facet normal 0.529115 -0.846764 -0.055032
  outer loop
    vertex 7.414015061322529 43.28938298883905 -283.8851291160336
    vertex 6.260343784564133 42.20204541568308 -278.2467083607006
    vertex 3.343488792454485 40.57550623668671 -281.2641678557562
  endloop
endfacet
facet normal 0.522848 -0.850419 -0.0584678
  outer loop
    vertex 7.437146353085721 43.31502773956512 -272.9024198778563
    vertex 6.270574072735347 42.21026952980148 -267.2656890981411
    vertex 3.204113373072128 40.52721490307627 -270.2073380787037
  endloop
endfacet
facet normal 0.96836 -0.249558 0
  outer loop
    vertex 10 50 -127.2702477289463
    vertex 8.754419018101197 45.16676633551531 -130.0752852042172
    vertex 10 50 -132.7627408475867
  endloop
endfacet
facet normal 0.775666 -0.630199 0.034518
  outer loop
    vertex 8.868719475326195 45.37984687829831 -256.3438360169952
    vertex 6.430985172765816 42.34216546877212 -257.0239038505488
    vertex 7.459075539128231 43.33950511586572 -261.917954699277
  endloop
endfacet
facet normal 0.36957 -0.928438 -0.0377094
  outer loop
    vertex 1.470963520423938 40.10877832006673 -119.8835394538688
    vertex 5.860135497902768 41.89698747710335 -120.8948600765958
    vertex 5.099998453836545 41.39825507406405 -116.0653358987031
  endloop
endfacet
facet normal -0.96815 -0.239517 0.0729145
  outer loop
    vertex -10 50 -39.39035783070035
    vertex -9.293345957907889 46.30761311525497 -42.13660439002055
    vertex -8.529469511038085 44.78002395979907 -37.01191532515595
  endloop
endfacet
facet normal -0.435284 -0.89996 0.024475
  outer loop
    vertex -2.296013872104089 40.26715250817595 -133.7253561908971
    vertex -6.274684945741315 42.21358048704751 -132.914097280581
    vertex -5.733233698190787 41.80670814861758 -138.2454095201971
  endloop
endfacet
facet normal -0.690992 -0.719728 0.0672521
  outer loop
    vertex -8.542747996282655 44.80178331809757 -47.64695530279678
    vertex -6.165744216028348 42.12703370625067 -51.84907441132717
    vertex -4.872056738547599 41.26712744073447 -47.75955220173373
  endloop
endfacet
facet normal 0.745639 -0.665154 0.0399093
  outer loop
    vertex 8.871418312579557 45.38503118935478 -119.0216744644955
    vertex 5.860135497902768 41.89698747710335 -120.8948600765958
    vertex 8.260704812446576 44.36433180522292 -124.6231483945443
  endloop
endfacet
facet normal 0.977569 -0.210617 0
  outer loop
    vertex 10 50 -28.40537159341963
    vertex 9.112806270413717 45.8821411051484 -32.09720217874025
    vertex 10 50 -33.89786471206003
  endloop
endfacet
facet normal 0.975318 -0.220804 0
  outer loop
    vertex 10 50 -149.2402202035077
    vertex 9.024915372328262 45.69292413320672 -151.9864667628279
    vertex 10 50 -154.7327133221481
  endloop
endfacet
facet normal -0.969442 -0.235819 -0.0676105
  outer loop
    vertex -8.542747996282655 44.80178331809757 -47.64695530279678
    vertex -9.293345957907889 46.30761311525497 -42.13660439002055
    vertex -10 50 -44.88285094934074
  endloop
endfacet
facet normal 0.401944 -0.914797 -0.0398571
  outer loop
    vertex 2.107608159958376 40.22462339118963 -220.0623431127814
    vertex 5.766771577278664 41.83027873330485 -220.0139411941809
    vertex 4.13868474198691 40.8966331170031 -215.0036267673727
  endloop
endfacet
facet normal -0.753844 -0.655923 0.0385204
  outer loop
    vertex -5.819529578519914 41.8677754897733 -33.56794906953382
    vertex -8.927800143366184 45.49507107712999 -32.63146963095895
    vertex -8.529469511038085 44.78002395979907 -37.01191532515595
  endloop
endfacet
facet normal 0.968781 -0.242596 0.0510929
  outer loop
    vertex 8.557545082459566 44.82617915253417 -58.57573078507875
    vertex 9.101465096039869 45.85713467445923 -63.99396884076046
    vertex 10 50 -61.36033030526187
  endloop
endfacet
facet normal 0.957593 -0.272424 -0.0938091
  outer loop
    vertex 10 50 -66.85282342390227
    vertex 9.101465096039869 45.85713467445923 -63.99396884076046
    vertex 8.148704394166165 44.20356862401555 -68.91764465595088
  endloop
endfacet
facet normal -0.972826 -0.231538 0
  outer loop
    vertex -10 50 -33.89786471205997
    vertex -8.927800143366184 45.49507107712999 -32.63146963095895
    vertex -10 50 -28.40537159341957
  endloop
endfacet
facet normal 0.3156 -0.948096 -0.0388784
  outer loop
    vertex 1.2843751946653 40.08282397255506 -38.8988314066374
    vertex 5.016251822337508 41.34914931033395 -39.48574178391286
    vertex 3.766878601737814 40.73659751496407 -34.68987278164556
  endloop
endfacet
facet normal 0.756719 -0.649081 -0.0779119
  outer loop
    vertex 9.011583768332253 45.66510000273009 -113.6209593975579
    vertex 6.509731934064344 42.40899281079099 -110.7937116502026
    vertex 5.099998453836545 41.39825507406405 -116.0653358987031
  endloop
endfacet
facet normal -0.413512 -0.909379 -0.0451447
  outer loop
    vertex -5.25740392643048 41.49354927397135 -225.8322029670799
    vertex -6.303692363207865 42.2370454986497 -231.2252188035148
    vertex -1.898043239554943 40.18178061658939 -230.1791739196987
  endloop
endfacet
facet normal 0.771492 -0.635901 0.0207219
  outer loop
    vertex 8.871418312579605 45.38503118935488 -53.11175704081113
    vertex 6.330386294271523 42.25879793796214 -54.44321169369306
    vertex 8.557545082459566 44.82617915253417 -58.57573078507875
  endloop
endfacet
facet normal 0.967736 -0.240614 -0.0747845
  outer loop
    vertex 10 50 -198.6726582712712
    vertex 9.29553127838081 46.31311808534041 -195.926411711951
    vertex 8.497171701610965 44.72761220381678 -201.156181052839
  endloop
endfacet
facet normal 0.969185 -0.236503 0.0688926
  outer loop
    vertex 8.541313201656312 44.79942610943642 -190.5124057392521
    vertex 9.29553127838081 46.31311808534041 -195.926411711951
    vertex 10 50 -193.1801651526308
  endloop
endfacet
facet normal 0.414375 -0.908344 0.0566141
  outer loop
    vertex 4.372233547711974 41.00647044791302 -248.2157635192808
    vertex 6.262769234203268 42.20399323248645 -242.8395184364743
    vertex 2.046432369120216 40.21163371350372 -243.9452865484022
  endloop
endfacet
facet normal -0.970552 -0.231805 -0.0655293
  outer loop
    vertex -8.60525905884553 44.90593320321014 -173.8477387315874
    vertex -9.319298622753521 46.37361430899245 -168.4639461187493
    vertex -10 50 -171.2101926780694
  endloop
endfacet
facet normal -0.9729 -0.224512 0.0553161
  outer loop
    vertex -10 50 -165.7176995594291
    vertex -9.319298622753521 46.37361430899245 -168.4639461187493
    vertex -8.716310506552801 45.09837464167678 -163.0344098086793
  endloop
endfacet
facet normal -0.776389 -0.629898 -0.021158
  outer loop
    vertex -9.135428242994779 45.93257442390235 -195.7829656660317
    vertex -6.069888809294656 42.05289676405299 -192.7698951052341
    vertex -8.928069428009836 45.49560478103485 -190.3828767271433
  endloop
endfacet
facet normal 0.964157 -0.249326 -0.0907611
  outer loop
    vertex 10 50 -165.7176995594289
    vertex 9.32365515954984 46.38482995340473 -162.9714530001087
    vertex 8.342717636311546 44.48646552193819 -168.1770593894077
  endloop
endfacet
facet normal 0.9759 -0.214207 0.0416382
  outer loop
    vertex 8.86871947532415 45.37984687829439 -157.4789598814683
    vertex 9.32365515954984 46.38482995340473 -162.9714530001087
    vertex 10 50 -160.2252064407885
  endloop
endfacet
facet normal 0.753126 -0.657038 -0.033202
  outer loop
    vertex 8.342717636311546 44.48646552193819 -168.1770593894077
    vertex 6.080463291613696 42.06098455982492 -171.4940244942838
    vertex 8.871418312579539 45.38503118935476 -173.9662728238796
  endloop
endfacet
facet normal -0.762103 -0.646848 -0.0280338
  outer loop
    vertex -5.733233698190787 41.80670814861758 -138.2454095201971
    vertex -6.274684945741315 42.21358048704751 -132.914097280581
    vertex -8.87141831257955 45.38503118935478 -135.4991538204169
  endloop
endfacet
facet normal 0.531473 -0.846174 -0.0390561
  outer loop
    vertex 3.274369386128697 40.55126965549428 -148.7424391170229
    vertex 7.193566523234741 43.05359080705747 -149.6245060339184
    vertex 6.269684751415505 42.20955372793908 -143.9100723173252
  endloop
endfacet
facet normal -0.976186 -0.212182 0.0451629
  outer loop
    vertex -10 50 -121.7777546103061
    vertex -9.364643682291961 46.49237278153603 -124.5240011696262
    vertex -8.868719475313048 45.37984687827307 -119.0315080509859
  endloop
endfacet
facet normal -0.967044 -0.240533 -0.0834889
  outer loop
    vertex -8.483727782324523 44.70600690259091 -129.5810190844689
    vertex -9.364643682291961 46.49237278153603 -124.5240011696262
    vertex -10 50 -127.2702477289464
  endloop
endfacet
facet normal 0.785132 -0.616485 0.0592776
  outer loop
    vertex 5.748593809295612 41.8174778206394 -303.0300182448594
    vertex 6.916872307071762 42.77802814408255 -308.5141919422031
    vertex 9.078361684813173 45.80674957584023 -305.6445605426695
  endloop
endfacet
facet normal -0.771741 -0.635686 -0.0178612
  outer loop
    vertex -8.871418312579548 45.38503118935477 -245.3490161932243
    vertex -6.298126442661651 42.23252915600926 -244.3363087144868
    vertex -8.617224038231253 44.92619966150328 -240.0021922453655
  endloop
endfacet
facet normal 0.757158 -0.653219 -0.00403897
  outer loop
    vertex 8.754419018101197 45.16676633551531 -130.0752852042172
    vertex 6.004530773302891 42.00340008550768 -133.9700455925156
    vertex 8.806600488325104 45.26251249721627 -135.7781152677736
  endloop
endfacet
facet normal -0.976467 -0.215667 0
  outer loop
    vertex -10 50 -116.2852614916657
    vertex -9.069755188867182 45.78816657332975 -113.5390149323455
    vertex -10 50 -110.7927683730253
  endloop
endfacet
facet normal -0.41844 -0.908041 -0.0192318
  outer loop
    vertex -5.736103063381597 41.80871672774868 -201.9707425626497
    vertex -6.161083465386438 42.12338584590169 -207.581421308494
    vertex -2.092414345320609 40.22135989988912 -206.3010266379417
  endloop
endfacet
facet normal 0.473985 -0.8792 -0.0484386
  outer loop
    vertex 2.689932467367561 40.36857937160867 -181.726036499694
    vertex 6.578184962475312 42.46823509398602 -181.7889086362184
    vertex 4.677454663791987 41.1613678734676 -176.6673596494033
  endloop
endfacet
facet normal 0.967072 -0.236853 -0.0931259
  outer loop
    vertex 10 50 -286.5525481695173
    vertex 9.498817256519317 46.87390487552749 -283.8063016101971
    vertex 8.541703981840266 44.80006797288521 -288.4709769333646
  endloop
endfacet
facet normal 0.481645 -0.874998 0.048949
  outer loop
    vertex 5.334733594443933 41.54183131663176 -106.0367501223772
    vertex 6.769487136224545 42.63969810996245 -100.5292050637785
    vertex 2.616919081755484 40.34848537691912 -100.6260774283151
  endloop
endfacet
facet normal 0.976968 -0.205889 0.0560721
  outer loop
    vertex 8.868719475291305 45.37984687823134 -278.3138084915567
    vertex 9.498817256519317 46.87390487552749 -283.8063016101971
    vertex 10 50 -281.0600550508769
  endloop
endfacet
facet normal -0.424568 -0.904724 -0.0348944
  outer loop
    vertex -4.585021684579804 41.11306711221847 -71.59067365170824
    vertex -5.91310003060209 41.93555655806964 -76.75673148148979
    vertex -2.454249776233694 40.30584412979362 -76.58699266463245
  endloop
endfacet
facet normal 0.376872 -0.925875 -0.0268678
  outer loop
    vertex 1.765206299784313 40.15703059441909 -86.59404599438051
    vertex 5.682203108533671 41.77123533977485 -87.27681570385286
    vertex 5.032341571970663 41.35849907116733 -82.16930964767216
  endloop
endfacet
facet normal -0.761566 -0.648055 0.00650933
  outer loop
    vertex -6.048871528922279 42.03688796847656 -253.758128255814
    vertex -5.926166570177955 41.94515364625089 -248.5350050140993
    vertex -8.868719475313039 45.37984687827306 -250.8513428983548
  endloop
endfacet
facet normal 0.0482017 -0.997147 -0.0580835
  outer loop
    vertex 3.326057744803729 40.56934043249195 -308.5481617407283
    vertex 1.896881128815395 40.18155603045248 -303.0769063400162
    vertex -1.82313972972019 40.16759635053992 -305.9243892495343
  endloop
endfacet
facet normal -0.769819 -0.637023 0.0397588
  outer loop
    vertex -8.6242143120437 44.93809052827487 -69.66680952407745
    vertex -6.130461049941603 42.09952866500049 -66.86217713731926
    vertex -9.101610163528791 45.8574533881742 -64.18005328778356
  endloop
endfacet
facet normal 0.770831 -0.636282 -0.0310593
  outer loop
    vertex 8.904810740973033 45.44979718392121 -206.9302150695697
    vertex 6.444759851179634 42.35375448598313 -204.5581602477299
    vertex 5.843223894639613 41.8847837664599 -209.8797368867173
  endloop
endfacet
facet normal 0.400976 -0.913147 -0.07335
  outer loop
    vertex 1.490642265776251 40.11172484022206 -172.3181168901426
    vertex 6.080463291613696 42.06098455982492 -171.4940244942838
    vertex 3.595427161104343 40.66871372590074 -167.746125133056
  endloop
endfacet
facet normal -0.411059 -0.910892 0.0361456
  outer loop
    vertex -1.979672938531914 40.19791373959378 -157.6213921075069
    vertex -6.177106224482922 42.13594514951387 -156.5163456114285
    vertex -5.30421255507397 41.5226578946821 -162.0447340213852
  endloop
endfacet
facet normal 0.431327 -0.901595 0.0329272
  outer loop
    vertex 4.863829821155932 41.26254273424847 -139.313296478957
    vertex 6.004530773302891 42.00340008550768 -133.9700455925156
    vertex 2.456955949955411 40.30652964826432 -133.9617023304408
  endloop
endfacet
facet normal -0.433359 -0.900999 0.0200031
  outer loop
    vertex -2.383741910874337 40.28826614335313 -52.73709693299871
    vertex -6.165744216028348 42.12703370625067 -51.84907441132717
    vertex -5.706745798797781 41.78823695008776 -57.16547248800941
  endloop
endfacet
facet normal 0.979964 -0.199174 0
  outer loop
    vertex 10 50 -319.5075068813596
    vertex 9.206594389461403 46.09633252595232 -321.0939212117702
    vertex 10 50 -325
  endloop
endfacet
facet normal 0.0141309 -0.99886 0.0456059
  outer loop
    vertex 0.4061371543878691 40.00825077317161 -48.3180874046863
    vertex 2.334475308701296 40.27630599858963 -43.04463798451184
    vertex -2.060672409512966 40.21462166185323 -43.03381850973271
  endloop
endfacet
facet normal -0.742997 -0.668962 0.0210831
  outer loop
    vertex -8.398774966081255 44.57223995840579 -80.69393189114463
    vertex -5.91310003060209 41.93555655806964 -76.75673148148979
    vertex -8.733024395558632 45.12821542896468 -74.83234389876392
  endloop
endfacet
facet normal -0.481258 -0.875333 -0.0467143
  outer loop
    vertex -5.121417618140389 41.41099065196683 -104.8920201928775
    vertex -6.664064355944087 42.54411331498154 -110.2318925692282
    vertex -2.725828767765018 40.37867693459862 -110.2282647019237
  endloop
endfacet
facet normal -0.390383 -0.918424 0.0640112
  outer loop
    vertex -1.507919070552888 40.11434473205428 -67.15397213319959
    vertex -6.130461049941603 42.09952866500049 -66.86217713731926
    vertex -4.585021684579804 41.11306711221847 -71.59067365170824
  endloop
endfacet
facet normal -0.718895 -0.693403 -0.0488127
  outer loop
    vertex -8.692957713915714 45.05707716183296 -316.8280857257457
    vertex -5.096833247111514 41.39637920110732 -317.7887926309694
    vertex -5.784014057500213 41.84247700691932 -314.0052479257624
  endloop
endfacet
facet normal -0.411424 -0.910742 0.0357787
  outer loop
    vertex -2.110797879153221 40.22531165134344 -100.4538192165417
    vertex -6.034610498979696 42.02607523702386 -99.73604860984797
    vertex -5.121417618140389 41.41099065196683 -104.8920201928775
  endloop
endfacet
facet normal 0.724288 -0.679676 -0.115964
  outer loop
    vertex 6.900886368875074 42.76275139822638 -313.9786957330375
    vertex 4.999510834536621 41.33946356076306 -317.5122772888797
    vertex 8.773479026344166 45.20145170136853 -316.576326094165
  endloop
endfacet
facet normal -0.780446 -0.624392 -0.032234
  outer loop
    vertex -8.964847153176041 45.56925339020709 -86.30099198060141
    vertex -6.430902418417243 42.34209597312716 -85.14062255899057
    vertex -8.398774966081255 44.57223995840579 -80.69393189114463
  endloop
endfacet
facet normal 0.751119 -0.660159 -0.0030977
  outer loop
    vertex 5.747950103413603 41.81702562580894 -45.05921519863942
    vertex 5.696716014846478 41.78127585046246 -49.86353015580508
    vertex 8.868719475326195 45.37984687829831 -47.62909750866093
  endloop
endfacet
facet normal -0.347769 -0.935303 0.0653039
  outer loop
    vertex -0.933038414196817 40.04362318322407 -239.5860635479931
    vertex -5.601961734053348 41.71640025531158 -240.4919101171713
    vertex -3.02949267282603 40.46993315105852 -244.6447776558146
  endloop
endfacet
facet normal 0.964047 -0.258316 -0.0623382
  outer loop
    vertex 10 50 -325
    vertex 9.206594389461403 46.09633252595232 -321.0939212117702
    vertex 8.660254037844391 45.00000000000001 -325
  endloop
endfacet
facet normal -0.982592 -0.185775 0
  outer loop
    vertex -10 50 -325
    vertex -9.309752696911998 46.34917752796171 -321.1724385923794
    vertex -10 50 -319.5075068813596
  endloop
endfacet
facet normal -0.763753 -0.644308 -0.039355
  outer loop
    vertex -8.480642620629743 44.70106607503374 -28.31013735209456
    vertex -8.927800143366184 45.49507107712999 -32.63146963095895
    vertex -5.819529578519914 41.8677754897733 -33.56794906953382
  endloop
endfacet
facet normal -0.514537 -0.856488 0.0409873
  outer loop
    vertex -3.060019948213033 40.47969129090141 -62.1659901259244
    vertex -7.072531533189108 42.93039621251334 -61.32636238415246
    vertex -6.130461049941603 42.09952866500049 -66.86217713731926
  endloop
endfacet
facet normal -0.751058 -0.658327 0.0501753
  outer loop
    vertex -8.928069428009836 45.49560478103485 -190.3828767271433
    vertex -6.069888809294656 42.05289676405299 -192.7698951052341
    vertex -5.201606611660733 41.45931567978728 -187.5609702108432
  endloop
endfacet
facet normal -0.963385 -0.258138 -0.0724856
  outer loop
    vertex -8.660254037844386 45 -325
    vertex -9.309752696911998 46.34917752796171 -321.1724385923794
    vertex -10 50 -325
  endloop
endfacet
facet normal -0.522407 -0.851571 0.0437967
  outer loop
    vertex -3.327695539203413 40.56991821889302 -220.7734866914804
    vertex -6.916918891957866 42.77807276123081 -220.6509593828207
    vertex -5.25740392643048 41.49354927397135 -225.8322029670799
  endloop
endfacet
facet normal -0.703668 -0.709149 0.0442521
  outer loop
    vertex -8.398774966081255 44.57223995840579 -80.69393189114463
    vertex -6.430902418417243 42.34209597312716 -85.14062255899057
    vertex -5.421047974745257 41.59689111962064 -81.02463145043457
  endloop
endfacet
facet normal -0.767093 -0.641013 -0.0258997
  outer loop
    vertex -8.924334873714896 45.4882102152476 -53.33411182758047
    vertex -6.165744216028348 42.12703370625067 -51.84907441132717
    vertex -8.542747996282655 44.80178331809757 -47.64695530279678
  endloop
endfacet
facet normal 0.0535772 -0.996497 0.0642181
  outer loop
    vertex -1.809924228769985 40.16515509598085 -294.7075227816251
    vertex 1.930684400366171 40.18814707885495 -297.4715400098997
    vertex 3.455498346320284 40.61599599432216 -292.1045959188031
  endloop
endfacet
facet normal -0.789199 -0.610492 0.0668103
  outer loop
    vertex -9.120737215426402 45.89973749046042 -140.859567353372
    vertex -7.011858194279427 42.87021426245386 -143.6312135736464
    vertex -5.733233698190787 41.80670814861758 -138.2454095201971
  endloop
endfacet
facet normal 0.462324 -0.886334 0.0258495
  outer loop
    vertex 5.843223894639613 41.8847837664599 -209.8797368867173
    vertex 6.444759851179634 42.35375448598313 -204.5581602477299
    vertex 2.704924679603199 40.3727790885597 -205.5945716786406
  endloop
endfacet
facet normal -0.340664 -0.938924 -0.0486794
  outer loop
    vertex -4.248897694564662 40.94754904011499 -211.471866779707
    vertex -5.479502243880352 41.63489060685336 -216.1173487166248
    vertex -1.245682838673862 40.07788962642355 -215.7147703534446
  endloop
endfacet
facet normal -0.516191 -0.85522 -0.0463286
  outer loop
    vertex -5.733233698190787 41.80670814861758 -138.2454095201971
    vertex -7.011858194279427 42.87021426245386 -143.6312135736464
    vertex -3.053756075493417 40.47768022846391 -143.566333656487
  endloop
endfacet
facet normal -0.686597 -0.722065 0.084898
  outer loop
    vertex -8.483727782324523 44.70600690259091 -129.5810190844689
    vertex -6.274684945741315 42.21358048704751 -132.914097280581
    vertex -4.654725296483364 41.1493767217061 -128.8641184591261
  endloop
endfacet
facet normal -0.402794 -0.913436 0.0582363
  outer loop
    vertex -1.557095063412422 40.12197109927812 -191.8434756229838
    vertex -6.069888809294656 42.05289676405299 -192.7698951052341
    vertex -3.217663696420786 40.53180902512334 -196.9005808923719
  endloop
endfacet
facet normal 0.661757 -0.747641 -0.0557794
  outer loop
    vertex 8.183306072130637 44.25252214185824 -223.8112127112801
    vertex 5.766771577278664 41.83027873330485 -220.0139411941809
    vertex 4.577614237720871 41.10924930668871 -224.4575574300615
  endloop
endfacet
facet normal 0.78431 -0.617248 -0.0621434
  outer loop
    vertex 9.049301512841035 45.74439873464478 -294.8486335383318
    vertex 6.950747075843296 42.81062484720293 -292.1943079986868
    vertex 5.739260770509468 41.81092888001996 -297.5548218928816
  endloop
endfacet
facet normal -0.978169 -0.207811 0
  outer loop
    vertex -10 50 -94.31528901710418
    vertex -9.136289681714651 45.93450976488758 -91.56904245778398
    vertex -10 50 -88.8227958984638
  endloop
endfacet
facet normal 0.399211 -0.916531 -0.0245306
  outer loop
    vertex 5.016251822337508 41.34914931033395 -39.48574178391286
    vertex 2.334475308701296 40.27630599858963 -43.04463798451184
    vertex 5.747950103413603 41.81702562580894 -45.05921519863942
  endloop
endfacet
facet normal 0.511885 -0.856431 0.0670818
  outer loop
    vertex 2.968587618598766 40.45078602445719 -264.5322718738573
    vertex 6.270574072735347 42.21026952980148 -267.2656890981411
    vertex 7.459075539128231 43.33950511586572 -261.917954699277
  endloop
endfacet
facet normal 0.514355 -0.855124 0.0648249
  outer loop
    vertex 3.04195954210345 40.47390519970509 -275.5067310490721
    vertex 6.260343784564133 42.20204541568308 -278.2467083607006
    vertex 7.437146353085721 43.31502773956512 -272.9024198778563
  endloop
endfacet
facet normal 0.977093 -0.204737 0.0580604
  outer loop
    vertex 8.868719475326195 45.37984687829831 -256.3438360169952
    vertex 9.500424322267744 46.87879226951113 -261.6890341838173
    vertex 10 50 -259.0900825763154
  endloop
endfacet
facet normal 0.977065 -0.205 0.0576079
  outer loop
    vertex 8.868719475322148 45.37984687829054 -267.3288222542759
    vertex 9.494280983199072 46.86015468341759 -272.6710077871022
    vertex 10 50 -270.0750688135961
  endloop
endfacet
facet normal 0.388939 -0.919118 0.0628333
  outer loop
    vertex 3.672668007937475 40.69884363622068 -124.8807168953849
    vertex 5.860135497902768 41.89698747710335 -120.8948600765958
    vertex 1.470963520423938 40.10877832006673 -119.8835394538688
  endloop
endfacet
facet normal 0.117721 -0.992568 0.0308462
  outer loop
    vertex -1.377561930366238 40.09533831329885 -311.2083626612796
    vertex -0.682416234382593 40.02331176777328 -316.1789820412457
    vertex 3.317860727818503 40.56645346697226 -313.9684117026156
  endloop
endfacet
facet normal 0.739863 -0.671411 0.0425522
  outer loop
    vertex 8.871418312579586 45.38503118935484 -217.9062177730027
    vertex 5.766771577278664 41.83027873330485 -220.0139411941809
    vertex 8.183306072130637 44.25252214185824 -223.8112127112801
  endloop
endfacet
facet normal 0.972905 -0.231203 0
  outer loop
    vertex 10 50 -94.31528901710411
    vertex 8.930901574260066 45.50122271379443 -97.08818735011111
    vertex 10 50 -99.80778213574445
  endloop
endfacet
facet normal 0.767997 -0.639666 -0.0317451
  outer loop
    vertex 8.519928014931244 44.76446501106241 -140.952386428971
    vertex 6.269684751415505 42.20955372793908 -143.9100723173252
    vertex 8.969208176798094 45.57808811923415 -146.4776818493243
  endloop
endfacet
facet normal -0.708015 -0.705732 -0.0256269
  outer loop
    vertex -5.421047974745257 41.59689111962064 -81.02463145043457
    vertex -5.91310003060209 41.93555655806964 -76.75673148148979
    vertex -8.398774966081255 44.57223995840579 -80.69393189114463
  endloop
endfacet
facet normal 0.750259 -0.661104 0.0072369
  outer loop
    vertex 5.887942908457518 41.91717077337738 -129.7604340177649
    vertex 6.004530773302891 42.00340008550768 -133.9700455925156
    vertex 8.754419018101197 45.16676633551531 -130.0752852042172
  endloop
endfacet
facet normal -0.975261 -0.221055 0
  outer loop
    vertex -10 50 -182.1951789153503
    vertex -9.022695938721039 45.68827667893836 -179.4534320105852
    vertex -10 50 -176.7026857967099
  endloop
endfacet
facet normal 0.793957 -0.606739 0.0387461
  outer loop
    vertex 6.269684751415505 42.20955372793908 -143.9100723173252
    vertex 7.193566523234741 43.05359080705747 -149.6245060339184
    vertex 8.969208176798094 45.57808811923415 -146.4776818493243
  endloop
endfacet
facet normal -0.779416 -0.626427 -0.0100516
  outer loop
    vertex -9.000808160074904 45.64277009264728 -234.3353732496176
    vertex -6.303692363207865 42.2370454986497 -231.2252188035148
    vertex -8.881575191375964 45.40460859991937 -228.7383661203701
  endloop
endfacet
facet normal -0.797469 -0.602523 0.0317796
  outer loop
    vertex -9.000808160074904 45.64277009264728 -234.3353732496176
    vertex -6.970485196070489 42.82976038535934 -236.7200100553967
    vertex -6.303692363207865 42.2370454986497 -231.2252188035148
  endloop
endfacet
facet normal 0.359216 -0.930315 -0.0740199
  outer loop
    vertex 0.8230614248452132 40.03392906452439 -234.5361866448854
    vertex 5.892393471198281 41.92041466530739 -233.6451023369323
    vertex 2.866786834480462 40.41973208904628 -229.4670116894424
  endloop
endfacet
facet normal 0.751247 -0.656729 0.0658453
  outer loop
    vertex 5.334733594443933 41.54183131663176 -106.0367501223772
    vertex 6.509731934064344 42.40899281079099 -110.7937116502026
    vertex 8.871418312579642 45.38503118935495 -108.0563554001955
  endloop
endfacet
facet normal 0.739182 -0.666211 -0.0988589
  outer loop
    vertex 8.86871947529534 45.37984687823908 -80.58405622050319
    vertex 6.751427817861567 42.62312922573501 -77.83780966118567
    vertex 5.032341571970663 41.35849907116733 -82.16930964767216
  endloop
endfacet
facet normal 0.464442 -0.884415 -0.0458688
  outer loop
    vertex 2.366440774971851 40.28403591718502 -77.13677188639892
    vertex 6.751427817861567 42.62312922573501 -77.83780966118567
    vertex 5.797003779258602 41.8517028046799 -72.62760150058313
  endloop
endfacet
facet normal -0.725311 -0.687312 0.0390683
  outer loop
    vertex -8.617224038231253 44.92619966150328 -240.0021922453655
    vertex -6.298126442661651 42.23252915600926 -244.3363087144868
    vertex -5.601961734053348 41.71640025531158 -240.4919101171713
  endloop
endfacet
facet normal -0.798511 -0.601979 -0.000903432
  outer loop
    vertex -9.033567135910316 45.71109981452108 -185.0524021135594
    vertex -6.618141165020572 42.50332023360607 -182.5363698347508
    vertex -9.022695938721039 45.68827667893836 -179.4534320105852
  endloop
endfacet
facet normal -0.423893 -0.904428 -0.0482251
  outer loop
    vertex -3.812382111024877 40.75523160703646 -95.43537796648818
    vertex -6.034610498979696 42.02607523702386 -99.73604860984797
    vertex -2.110797879153221 40.22531165134344 -100.4538192165417
  endloop
endfacet
facet normal 0.414613 -0.908 -0.0602597
  outer loop
    vertex 1.819295074247204 40.16688424593609 -143.7515190961159
    vertex 6.269684751415505 42.20955372793908 -143.9100723173252
    vertex 4.863829821155932 41.26254273424847 -139.313296478957
  endloop
endfacet
facet normal -0.467782 -0.883779 0.0106814
  outer loop
    vertex -2.760197700597594 40.38848041912124 -86.02758684020222
    vertex -6.430902418417243 42.34209597312716 -85.14062255899057
    vertex -6.20616661125866 42.1588587569603 -90.45954827458492
  endloop
endfacet
facet normal -0.479571 -0.87685 -0.0338447
  outer loop
    vertex -5.97586939578397 41.98195878256213 -178.1297546015204
    vertex -6.618141165020572 42.50332023360607 -182.5363698347508
    vertex -2.756327991081263 40.38736997458126 -182.4371952760023
  endloop
endfacet
facet normal -0.697104 -0.710339 0.0972865
  outer loop
    vertex -7.071067811865475 42.92893218813452 -320.7451604159552
    vertex -5.096833247111514 41.39637920110732 -317.7887926309694
    vertex -8.692957713915714 45.05707716183296 -316.8280857257457
  endloop
endfacet
facet normal -0.763999 -0.639932 -0.0824223
  outer loop
    vertex -5.201606611660733 41.45931567978728 -187.5609702108432
    vertex -6.618141165020572 42.50332023360607 -182.5363698347508
    vertex -9.033567135910316 45.71109981452108 -185.0524021135594
  endloop
endfacet
facet normal -0.975718 -0.219029 0
  outer loop
    vertex -10 50 -149.2402202035079
    vertex -9.040522658263248 45.72578076539951 -146.5004970991759
    vertex -10 50 -143.7477270848676
  endloop
endfacet
facet normal 0.737016 -0.666755 -0.110654
  outer loop
    vertex 9.019281426727801 45.68113874435831 -245.4314789048297
    vertex 6.262769234203268 42.20399323248645 -242.8395184364743
    vertex 4.372233547711974 41.00647044791302 -248.2157635192808
  endloop
endfacet
facet normal 0.777675 -0.627872 0.031587
  outer loop
    vertex 5.970525021538771 41.97797837405187 -153.7458774125509
    vertex 6.525482872896808 42.42252856979781 -158.5724300674493
    vertex 8.86871947532415 45.37984687829439 -157.4789598814683
  endloop
endfacet
facet normal -0.780736 -0.623358 0.0433254
  outer loop
    vertex -8.868719475294567 45.3798468782376 -102.5540286950648
    vertex -6.034610498979696 42.02607523702386 -99.73604860984797
    vertex -9.276778816368227 46.26618495474378 -97.15490846493162
  endloop
endfacet
facet normal -0.799356 -0.599085 -0.0461159
  outer loop
    vertex -6.130461049941603 42.09952866500049 -66.86217713731926
    vertex -7.072531533189108 42.93039621251334 -61.32636238415246
    vertex -9.101610163528791 45.8574533881742 -64.18005328778356
  endloop
endfacet
facet normal 0.802003 -0.597279 -0.00707128
  outer loop
    vertex 8.930901574260066 45.50122271379443 -97.08818735011111
    vertex 6.769487136224545 42.63969810996245 -100.5292050637785
    vertex 9.027572935681658 45.69849713577359 -102.7868918522821
  endloop
endfacet
facet normal 0.769268 -0.637227 0.046569
  outer loop
    vertex 5.797003779258602 41.8517028046799 -72.62760150058313
    vertex 6.751427817861567 42.62312922573501 -77.83780966118567
    vertex 8.868719475293357 45.37984687823528 -75.09156310186282
  endloop
endfacet
facet normal -0.55131 -0.833407 0.0386001
  outer loop
    vertex -3.812382111024877 40.75523160703646 -95.43537796648818
    vertex -7.155497982058598 43.014382731014 -94.40689441896789
    vertex -6.034610498979696 42.02607523702386 -99.73604860984797
  endloop
endfacet
facet normal -0.536229 -0.843674 -0.0259345
  outer loop
    vertex -6.303692363207865 42.2370454986497 -231.2252188035148
    vertex -6.970485196070489 42.82976038535934 -236.7200100553967
    vertex -3.716570038573046 40.71629884429808 -235.2458960544217
  endloop
endfacet
facet normal -0.798349 -0.602114 -0.00989047
  outer loop
    vertex -9.069755188867182 45.78816657332975 -113.5390149323455
    vertex -6.664064355944087 42.54411331498154 -110.2318925692282
    vertex -8.944610519576422 45.52854132825956 -107.8350539245988
  endloop
endfacet
facet normal 0.80455 -0.592335 -0.0428705
  outer loop
    vertex 9.092303142773714 45.83706551097579 -239.9353026611283
    vertex 7.129974277689731 42.98833352194482 -237.401806144549
    vertex 6.262769234203268 42.20399323248645 -242.8395184364743
  endloop
endfacet
facet normal 0.683777 -0.7238 0.0925361
  outer loop
    vertex 4.725079831086765 41.18673609893264 -200.979128719341
    vertex 6.444759851179634 42.35375448598313 -204.5581602477299
    vertex 8.497171701610965 44.72761220381678 -201.156181052839
  endloop
endfacet
facet normal 0.326535 -0.944395 0.0386343
  outer loop
    vertex 1.2843751946653 40.08282397255506 -38.8988314066374
    vertex 2.334475308701296 40.27630599858963 -43.04463798451184
    vertex 5.016251822337508 41.34914931033395 -39.48574178391286
  endloop
endfacet
facet normal -0.798113 -0.601325 0.0377348
  outer loop
    vertex -9.135428242994779 45.93257442390235 -195.7829656660317
    vertex -6.725035801099199 42.59906131129746 -197.9231932276745
    vertex -6.069888809294656 42.05289676405299 -192.7698951052341
  endloop
endfacet
facet normal 0.781818 -0.623503 -0.00218274
  outer loop
    vertex 8.791604261262645 45.23474087657885 -179.2389227450538
    vertex 6.578184962475312 42.46823509398602 -181.7889086362184
    vertex 8.824457664208097 45.29585853395128 -184.9297934779019
  endloop
endfacet
facet normal 0.74316 -0.667386 0.0480496
  outer loop
    vertex 5.099998453836545 41.39825507406405 -116.0653358987031
    vertex 5.860135497902768 41.89698747710335 -120.8948600765958
    vertex 8.871418312579557 45.38503118935478 -119.0216744644955
  endloop
endfacet
facet normal 0.442509 -0.895144 -0.0538761
  outer loop
    vertex 2.137530488592969 40.23112271495155 -110.5196094765937
    vertex 6.509731934064344 42.40899281079099 -110.7937116502026
    vertex 5.334733594443933 41.54183131663176 -106.0367501223772
  endloop
endfacet
facet normal 0.786177 -0.617961 0.00708649
  outer loop
    vertex 9.092303142773714 45.83706551097579 -239.9353026611283
    vertex 6.262769234203268 42.20399323248645 -242.8395184364743
    vertex 9.019281426727801 45.68113874435831 -245.4314789048297
  endloop
endfacet
facet normal 0.986402 -0.164351 0
  outer loop
    vertex 10 50 -22.9128784747792
    vertex 9.45977233392507 46.75766945079533 -26.23821965480954
    vertex 10 50 -28.40537159341963
  endloop
endfacet
facet normal -0.433815 -0.898943 0.0608684
  outer loop
    vertex -1.898043239554943 40.18178061658939 -230.1791739196987
    vertex -6.303692363207865 42.2370454986497 -231.2252188035148
    vertex -3.716570038573046 40.71629884429808 -235.2458960544217
  endloop
endfacet
facet normal -0.810855 -0.581885 -0.0626358
  outer loop
    vertex -6.034610498979696 42.02607523702386 -99.73604860984797
    vertex -7.155497982058598 43.014382731014 -94.40689441896789
    vertex -9.276778816368227 46.26618495474378 -97.15490846493162
  endloop
endfacet
facet normal 0.551879 -0.833303 0.0321828
  outer loop
    vertex 6.262769234203268 42.20399323248645 -242.8395184364743
    vertex 7.129974277689731 42.98833352194482 -237.401806144549
    vertex 3.896454703657452 40.79035067212949 -238.8645347254231
  endloop
endfacet
facet normal 0.977278 -0.211959 0
  outer loop
    vertex 10 50 -61.36033030526187
    vertex 9.101465096039869 45.85713467445923 -63.99396884076046
    vertex 10 50 -66.85282342390227
  endloop
endfacet
facet normal 0.963108 -0.250504 -0.0983393
  outer loop
    vertex 10 50 -33.89786471206003
    vertex 9.112806270413717 45.8821411051484 -32.09720217874025
    vertex 8.32900734229176 44.46577587262225 -36.16554577021938
  endloop
endfacet
facet normal 0.788225 -0.615287 -0.0111133
  outer loop
    vertex 8.871418312579642 45.38503118935495 -108.0563554001955
    vertex 6.509731934064344 42.40899281079099 -110.7937116502026
    vertex 9.011583768332253 45.66510000273009 -113.6209593975579
  endloop
endfacet
facet normal -0.314658 -0.947635 0.0545813
  outer loop
    vertex -5.784014057500213 41.84247700691932 -314.0052479257624
    vertex -5.096833247111514 41.39637920110732 -317.7887926309694
    vertex -0.682416234382593 40.02331176777328 -316.1789820412457
  endloop
endfacet
facet normal -0.982175 -0.18797 0
  outer loop
    vertex -10 50 -44.88285094934074
    vertex -9.293345957907889 46.30761311525497 -42.13660439002055
    vertex -10 50 -39.39035783070035
  endloop
endfacet
facet normal 0.438846 -0.896711 -0.0576556
  outer loop
    vertex 2.046432369120216 40.21163371350372 -243.9452865484022
    vertex 6.262769234203268 42.20399323248645 -242.8395184364743
    vertex 3.896454703657452 40.79035067212949 -238.8645347254231
  endloop
endfacet
facet normal 0.98223 -0.187679 0
  outer loop
    vertex 10 50 -193.1801651526308
    vertex 9.29553127838081 46.31311808534041 -195.926411711951
    vertex 10 50 -198.6726582712712
  endloop
endfacet
facet normal -0.968555 -0.24408 -0.0482316
  outer loop
    vertex -8.529469511038085 44.78002395979907 -37.01191532515595
    vertex -8.927800143366184 45.49507107712999 -32.63146963095895
    vertex -10 50 -33.89786471205997
  endloop
endfacet
facet normal 0.401023 -0.915142 0.0411747
  outer loop
    vertex 4.577614237720871 41.10924930668871 -224.4575574300615
    vertex 5.766771577278664 41.83027873330485 -220.0139411941809
    vertex 2.107608159958376 40.22462339118963 -220.0623431127814
  endloop
endfacet
facet normal 0.974556 -0.218459 0.0501595
  outer loop
    vertex 8.773479026344166 45.20145170136853 -316.576326094165
    vertex 9.206594389461403 46.09633252595232 -321.0939212117702
    vertex 10 50 -319.5075068813596
  endloop
endfacet
facet normal 0.470192 -0.882248 0.0236093
  outer loop
    vertex 5.892393471198281 41.92041466530739 -233.6451023369323
    vertex 6.480486955614338 42.38401097570956 -228.0333287304386
    vertex 2.866786834480462 40.41973208904628 -229.4670116894424
  endloop
endfacet
facet normal 0.477833 -0.87596 0.0661038
  outer loop
    vertex 5.032341571970663 41.35849907116733 -82.16930964767216
    vertex 6.751427817861567 42.62312922573501 -77.83780966118567
    vertex 2.366440774971851 40.28403591718502 -77.13677188639892
  endloop
endfacet
facet normal -0.447857 -0.89239 -0.0553518
  outer loop
    vertex -4.654725296483364 41.1493767217061 -128.8641184591261
    vertex -6.274684945741315 42.21358048704751 -132.914097280581
    vertex -2.296013872104089 40.26715250817595 -133.7253561908971
  endloop
endfacet
facet normal -0.982835 -0.184486 0
  outer loop
    vertex -10 50 -171.2101926780694
    vertex -9.319298622753521 46.37361430899245 -168.4639461187493
    vertex -10 50 -165.7176995594291
  endloop
endfacet
facet normal 0.508143 -0.858567 -0.0682187
  outer loop
    vertex 7.459075539128231 43.33950511586572 -261.917954699277
    vertex 6.430985172765816 42.34216546877212 -257.0239038505488
    vertex 3.068277144495155 40.48234927282112 -258.6650979260459
  endloop
endfacet
facet normal 0.982946 -0.183895 0
  outer loop
    vertex 10 50 -160.2252064407885
    vertex 9.32365515954984 46.38482995340473 -162.9714530001087
    vertex 10 50 -165.7176995594289
  endloop
endfacet
facet normal 0.387624 -0.920605 0.0472747
  outer loop
    vertex 4.234985330216725 40.94103210885207 -91.57747941053276
    vertex 5.682203108533671 41.77123533977485 -87.27681570385286
    vertex 1.765206299784313 40.15703059441909 -86.59404599438051
  endloop
endfacet
facet normal -0.763845 -0.644955 -0.023961
  outer loop
    vertex -8.87141831257955 45.38503118935478 -135.4991538204169
    vertex -6.274684945741315 42.21358048704751 -132.914097280581
    vertex -8.483727782324523 44.70600690259091 -129.5810190844689
  endloop
endfacet
facet normal -0.818088 -0.57506 0.00610059
  outer loop
    vertex -9.040522658263248 45.72578076539951 -146.5004970991759
    vertex -7.011858194279427 42.87021426245386 -143.6312135736464
    vertex -9.120737215426402 45.89973749046042 -140.859567353372
  endloop
endfacet
facet normal -0.501523 -0.864695 -0.027884
  outer loop
    vertex -6.069888809294656 42.05289676405299 -192.7698951052341
    vertex -6.725035801099199 42.59906131129746 -197.9231932276745
    vertex -3.217663696420786 40.53180902512334 -196.9005808923719
  endloop
endfacet
facet normal -0.524579 -0.850007 -0.0480136
  outer loop
    vertex -5.479502243880352 41.63489060685336 -216.1173487166248
    vertex -6.916918891957866 42.77807276123081 -220.6509593828207
    vertex -3.327695539203413 40.56991821889302 -220.7734866914804
  endloop
endfacet
facet normal 0.773424 -0.63341 -0.0246208
  outer loop
    vertex 8.497171701610965 44.72761220381678 -201.156181052839
    vertex 6.444759851179634 42.35375448598313 -204.5581602477299
    vertex 8.904810740973033 45.44979718392121 -206.9302150695697
  endloop
endfacet
facet normal -0.983988 -0.178235 0
  outer loop
    vertex -10 50 -127.2702477289464
    vertex -9.364643682291961 46.49237278153603 -124.5240011696262
    vertex -10 50 -121.7777546103061
  endloop
endfacet
facet normal 0.0163426 -0.999866 0.00107713
  outer loop
    vertex 1.896881128815395 40.18155603045248 -303.0769063400162
    vertex 1.930684400366171 40.18814707885495 -297.4715400098997
    vertex -1.591728044543972 40.12749262688489 -300.3318768992997
  endloop
endfacet
facet normal 0.76712 -0.640294 0.0393797
  outer loop
    vertex 5.696716014846478 41.78127585046246 -49.86353015580508
    vertex 6.330386294271523 42.25879793796214 -54.44321169369306
    vertex 8.871418312579605 45.38503118935488 -53.11175704081113
  endloop
endfacet
facet normal 0.75513 -0.653777 -0.0485239
  outer loop
    vertex 8.824457664208097 45.29585853395128 -184.9297934779019
    vertex 6.578184962475312 42.46823509398602 -181.7889086362184
    vertex 5.725338110453396 41.80118889588314 -186.0736158771356
  endloop
endfacet
facet normal -0.973284 -0.217528 0.0734859
  outer loop
    vertex -10 50 -319.5075068813596
    vertex -9.309752696911998 46.34917752796171 -321.1724385923794
    vertex -8.692957713915714 45.05707716183296 -316.8280857257457
  endloop
endfacet
facet normal 0.488469 -0.872247 -0.0241742
  outer loop
    vertex 3.096499367130616 40.49149372039122 -158.1841000757148
    vertex 6.525482872896808 42.42252856979781 -158.5724300674493
    vertex 5.970525021538771 41.97797837405187 -153.7458774125509
  endloop
endfacet
facet normal 0.826045 -0.56268 -0.0322647
  outer loop
    vertex 7.071067811865479 42.92893218813453 -320.5300912200665
    vertex 9.206594389461403 46.09633252595232 -321.0939212117702
    vertex 8.773479026344166 45.20145170136853 -316.576326094165
  endloop
endfacet
facet normal -0.805946 -0.59182 0.0141078
  outer loop
    vertex -8.959795820387788 45.5590475281803 -201.4189048305915
    vertex -6.725035801099199 42.59906131129746 -197.9231932276745
    vertex -9.135428242994779 45.93257442390235 -195.7829656660317
  endloop
endfacet
facet normal -0.778747 -0.626098 0.039428
  outer loop
    vertex -9.022695938721039 45.68827667893836 -179.4534320105852
    vertex -6.618141165020572 42.50332023360607 -182.5363698347508
    vertex -5.97586939578397 41.98195878256213 -178.1297546015204
  endloop
endfacet
facet normal 0.812719 -0.580865 0.0456471
  outer loop
    vertex 9.112806270413717 45.8821411051484 -32.09720217874025
    vertex 6.876417305841875 42.73949829309858 -32.27014374339353
    vertex 8.32900734229176 44.46577587262225 -36.16554577021938
  endloop
endfacet
facet normal -0.42906 -0.903116 -0.017019
  outer loop
    vertex -2.136241434394598 40.23084074579722 -256.5598371502974
    vertex -2.471974761311124 40.31034877926761 -252.3148983137427
    vertex -6.048871528922279 42.03688796847656 -253.758128255814
  endloop
endfacet
facet normal 0.479295 -0.875909 -0.0553136
  outer loop
    vertex 2.704924679603199 40.3727790885597 -205.5945716786406
    vertex 6.444759851179634 42.35375448598313 -204.5581602477299
    vertex 4.725079831086765 41.18673609893264 -200.979128719341
  endloop
endfacet
facet normal 0.793077 -0.609121 -1.35332e-13
  outer loop
    vertex 8.868719475293357 45.37984687823528 -75.09156310186282
    vertex 6.751427817861567 42.62312922573501 -77.83780966118567
    vertex 8.86871947529534 45.37984687823908 -80.58405622050319
  endloop
endfacet
facet normal 0.475254 -0.878835 0.0422211
  outer loop
    vertex 5.725338110453396 41.80118889588314 -186.0736158771356
    vertex 6.578184962475312 42.46823509398602 -181.7889086362184
    vertex 2.689932467367561 40.36857937160867 -181.726036499694
  endloop
endfacet
facet normal -0.431507 -0.900079 -0.0604878
  outer loop
    vertex -4.399109933866491 41.01958621277632 -152.588400470837
    vertex -6.177106224482922 42.13594514951387 -156.5163456114285
    vertex -1.979672938531914 40.19791373959378 -157.6213921075069
  endloop
endfacet
facet normal 0.807249 -0.590028 0.0146956
  outer loop
    vertex 9.078361684813173 45.80674957584023 -305.6445605426695
    vertex 6.916872307071762 42.77802814408255 -308.5141919422031
    vertex 8.868719475312814 45.37984687827262 -311.2687672033991
  endloop
endfacet
facet normal -0.427025 -0.90396 0.0224986
  outer loop
    vertex -2.454249776233694 40.30584412979362 -76.58699266463245
    vertex -5.91310003060209 41.93555655806964 -76.75673148148979
    vertex -5.421047974745257 41.59689111962064 -81.02463145043457
  endloop
endfacet
facet normal -0.777579 -0.626852 -0.0492652
  outer loop
    vertex -5.909396627881285 41.9328424154238 -114.3653937508841
    vertex -6.664064355944087 42.54411331498154 -110.2318925692282
    vertex -9.069755188867182 45.78816657332975 -113.5390149323455
  endloop
endfacet
facet normal 0.799593 -0.600542 -0.000660245
  outer loop
    vertex 8.868719475312814 45.37984687827262 -311.2687672033991
    vertex 6.916872307071762 42.77802814408255 -308.5141919422031
    vertex 6.900886368875074 42.76275139822638 -313.9786957330375
  endloop
endfacet
facet normal -0.529245 -0.846441 -0.0586258
  outer loop
    vertex -5.706745798797781 41.78823695008776 -57.16547248800941
    vertex -7.072531533189108 42.93039621251334 -61.32636238415246
    vertex -3.060019948213033 40.47969129090141 -62.1659901259244
  endloop
endfacet
facet normal 0.470819 -0.88088 0.0487918
  outer loop
    vertex 4.776105722422655 41.2142835165115 -58.30261229241542
    vertex 6.330386294271523 42.25879793796214 -54.44321169369306
    vertex 2.658854764227328 40.35995376864065 -53.29603319904349
  endloop
endfacet
facet normal 0.767545 -0.639093 0.0493451
  outer loop
    vertex 5.931772388002308 41.94928100497022 -96.44079258851269
    vertex 6.769487136224545 42.63969810996245 -100.5292050637785
    vertex 8.930901574260066 45.50122271379443 -97.08818735011111
  endloop
endfacet
facet normal -0.437311 -0.897544 0.056329
  outer loop
    vertex -2.092414345320609 40.22135989988912 -206.3010266379417
    vertex -6.161083465386438 42.12338584590169 -207.581421308494
    vertex -4.248897694564662 40.94754904011499 -211.471866779707
  endloop
endfacet
facet normal -0.432839 -0.901453 -0.0056638
  outer loop
    vertex -6.048871528922279 42.03688796847656 -253.758128255814
    vertex -2.471974761311124 40.31034877926761 -252.3148983137427
    vertex -5.926166570177955 41.94515364625089 -248.5350050140993
  endloop
endfacet
facet normal -0.80191 -0.597432 -0.00391492
  outer loop
    vertex -8.929402045731397 45.49824710743827 -223.5348620124391
    vertex -6.916918891957866 42.77807276123081 -220.6509593828207
    vertex -8.868719475313046 45.37984687827307 -217.8963841865126
  endloop
endfacet
facet normal 0.802523 -0.596122 -0.0243942
  outer loop
    vertex 8.541703981840266 44.80006797288521 -288.4709769333646
    vertex 6.950747075843296 42.81062484720293 -292.1943079986868
    vertex 9.049301512841035 45.74439873464478 -294.8486335383318
  endloop
endfacet
facet normal -0.445669 -0.893964 -0.0469906
  outer loop
    vertex -4.872056738547599 41.26712744073447 -47.75955220173373
    vertex -6.165744216028348 42.12703370625067 -51.84907441132717
    vertex -2.383741910874337 40.28826614335313 -52.73709693299871
  endloop
endfacet
facet normal 0.011421 -0.999909 0.00713879
  outer loop
    vertex -1.591728044543972 40.12749262688489 -300.3318768992997
    vertex 1.930684400366171 40.18814707885495 -297.4715400098997
    vertex -1.809924228769985 40.16515509598085 -294.7075227816251
  endloop
endfacet
facet normal 0.00954316 -0.999926 -0.00756532
  outer loop
    vertex -1.82313972972019 40.16759635053992 -305.9243892495343
    vertex 1.896881128815395 40.18155603045248 -303.0769063400162
    vertex -1.591728044543972 40.12749262688489 -300.3318768992997
  endloop
endfacet
facet normal -0.77055 -0.636902 -0.0246705
  outer loop
    vertex -5.926166570177955 41.94515364625089 -248.5350050140993
    vertex -6.298126442661651 42.23252915600926 -244.3363087144868
    vertex -8.871418312579548 45.38503118935477 -245.3490161932243
  endloop
endfacet
facet normal 0.546225 -0.835763 0.0560252
  outer loop
    vertex 5.970525021538771 41.97797837405187 -153.7458774125509
    vertex 7.193566523234741 43.05359080705747 -149.6245060339184
    vertex 3.274369386128697 40.55126965549428 -148.7424391170229
  endloop
endfacet
facet normal 0.479397 -0.877546 0.00962106
  outer loop
    vertex 3.343488792454485 40.57550623668671 -281.2641678557562
    vertex 6.260343784564133 42.20204541568308 -278.2467083607006
    vertex 3.04195954210345 40.47390519970509 -275.5067310490721
  endloop
endfacet
facet normal 0.987276 -0.159016 0
  outer loop
    vertex 10 50 -270.0750688135961
    vertex 9.494280983199072 46.86015468341759 -272.6710077871022
    vertex 10 50 -275.5675619322365
  endloop
endfacet
facet normal 0.431476 -0.902101 -0.00652855
  outer loop
    vertex 2.456955949955411 40.30652964826432 -133.9617023304408
    vertex 6.004530773302891 42.00340008550768 -133.9700455925156
    vertex 5.887942908457518 41.91717077337738 -129.7604340177649
  endloop
endfacet
facet normal 0.0139142 -0.998974 -0.0430971
  outer loop
    vertex -2.060672409512966 40.21462166185323 -43.03381850973271
    vertex 2.334475308701296 40.27630599858963 -43.04463798451184
    vertex 1.2843751946653 40.08282397255506 -38.8988314066374
  endloop
endfacet
facet normal -0.832852 -0.553368 -0.0119107
  outer loop
    vertex -9.276778816368227 46.26618495474378 -97.15490846493162
    vertex -7.155497982058598 43.014382731014 -94.40689441896789
    vertex -9.136289681714651 45.93450976488758 -91.56904245778398
  endloop
endfacet
facet normal -0.817543 -0.575792 -0.0092918
  outer loop
    vertex -9.101610163528791 45.8574533881742 -64.18005328778356
    vertex -7.072531533189108 42.93039621251334 -61.32636238415246
    vertex -8.971753692005512 45.58325507981438 -58.6140837459417
  endloop
endfacet
facet normal -0.48143 -0.875498 0.0415741
  outer loop
    vertex -2.725828767765018 40.37867693459862 -110.2282647019237
    vertex -6.664064355944087 42.54411331498154 -110.2318925692282
    vertex -5.909396627881285 41.9328424154238 -114.3653937508841
  endloop
endfacet
facet normal 0.475317 -0.879779 0.00787813
  outer loop
    vertex 3.204113373072128 40.52721490307627 -270.2073380787037
    vertex 6.270574072735347 42.21026952980148 -267.2656890981411
    vertex 2.968587618598766 40.45078602445719 -264.5322718738573
  endloop
endfacet
facet normal 0.987391 -0.158301 0
  outer loop
    vertex 10 50 -281.0600550508769
    vertex 9.498817256519317 46.87390487552749 -283.8063016101971
    vertex 10 50 -286.5525481695173
  endloop
endfacet
facet normal 0.987432 -0.158047 0
  outer loop
    vertex 10 50 -259.0900825763154
    vertex 9.500424322267744 46.87879226951113 -261.6890341838173
    vertex 10 50 -264.5825756949557
  endloop
endfacet
facet normal -0.761324 -0.645594 -0.0599515
  outer loop
    vertex -5.736103063381597 41.80871672774868 -201.9707425626497
    vertex -6.725035801099199 42.59906131129746 -197.9231932276745
    vertex -8.959795820387788 45.5590475281803 -201.4189048305915
  endloop
endfacet
facet normal 0.820059 -0.572267 -0.00363668
  outer loop
    vertex 8.969208176798094 45.57808811923415 -146.4776818493243
    vertex 7.193566523234741 43.05359080705747 -149.6245060339184
    vertex 9.024915372328262 45.69292413320672 -151.9864667628279
  endloop
endfacet
facet normal 0.831727 -0.553806 0.0391057
  outer loop
    vertex 8.660254037844391 45.00000000000001 -325
    vertex 9.206594389461403 46.09633252595232 -321.0939212117702
    vertex 7.071067811865479 42.92893218813453 -320.5300912200665
  endloop
endfacet
facet normal 0.574854 -0.81713 -0.0429099
  outer loop
    vertex 3.896454703657452 40.79035067212949 -238.8645347254231
    vertex 7.129974277689731 42.98833352194482 -237.401806144549
    vertex 5.892393471198281 41.92041466530739 -233.6451023369323
  endloop
endfacet
facet normal -0.516172 -0.855506 0.0409347
  outer loop
    vertex -3.217663696420786 40.53180902512334 -196.9005808923719
    vertex -6.725035801099199 42.59906131129746 -197.9231932276745
    vertex -5.736103063381597 41.80871672774868 -201.9707425626497
  endloop
endfacet
facet normal -0.517175 -0.854093 0.0552675
  outer loop
    vertex -3.053756075493417 40.47768022846391 -143.566333656487
    vertex -7.011858194279427 42.87021426245386 -143.6312135736464
    vertex -5.981845272199788 41.98641608645289 -147.6507355347024
  endloop
endfacet
facet normal -0.557642 -0.828999 0.0423733
  outer loop
    vertex -3.716570038573046 40.71629884429808 -235.2458960544217
    vertex -6.970485196070489 42.82976038535934 -236.7200100553967
    vertex -5.601961734053348 41.71640025531158 -240.4919101171713
  endloop
endfacet
facet normal -0.802068 -0.596857 0.0211812
  outer loop
    vertex -8.617224038231253 44.92619966150328 -240.0021922453655
    vertex -6.970485196070489 42.82976038535934 -236.7200100553967
    vertex -9.000808160074904 45.64277009264728 -234.3353732496176
  endloop
endfacet
facet normal 0.483398 -0.874053 -0.0485546
  outer loop
    vertex 2.616919081755484 40.34848537691912 -100.6260774283151
    vertex 6.769487136224545 42.63969810996245 -100.5292050637785
    vertex 5.931772388002308 41.94928100497022 -96.44079258851269
  endloop
endfacet
facet normal -0.477267 -0.877763 -0.0418229
  outer loop
    vertex -5.421047974745257 41.59689111962064 -81.02463145043457
    vertex -6.430902418417243 42.34209597312716 -85.14062255899057
    vertex -2.760197700597594 40.38848041912124 -86.02758684020222
  endloop
endfacet
facet normal 0.817373 -0.575926 -0.0144878
  outer loop
    vertex 8.868719475326181 45.37984687829829 -234.3738635424336
    vertex 7.129974277689731 42.98833352194482 -237.401806144549
    vertex 9.092303142773714 45.83706551097579 -239.9353026611283
  endloop
endfacet
facet normal 0.495387 -0.86122 -0.113546
  outer loop
    vertex 7.071067811865479 42.92893218813453 -320.5300912200665
    vertex 4.999510834536621 41.33946356076306 -317.5122772888797
    vertex 2.547035696646033 40.32980821493126 -320.5541204445726
  endloop
endfacet
facet normal -0.568155 -0.821875 -0.0414876
  outer loop
    vertex -6.20616661125866 42.1588587569603 -90.45954827458492
    vertex -7.155497982058598 43.014382731014 -94.40689441896789
    vertex -3.812382111024877 40.75523160703646 -95.43537796648818
  endloop
endfacet
facet normal 0.95715 -0.269132 0.106917
  outer loop
    vertex 8.649706950355711 44.98202392972524 -23.45596404783778
    vertex 9.45977233392507 46.75766945079533 -26.23821965480954
    vertex 10 50 -22.9128784747792
  endloop
endfacet
facet normal 0.796233 -0.60496 0.00604577
  outer loop
    vertex 8.868719475312814 45.37984687827262 -311.2687672033991
    vertex 6.900886368875074 42.76275139822638 -313.9786957330375
    vertex 8.773479026344166 45.20145170136853 -316.576326094165
  endloop
endfacet
facet normal -0.770429 -0.632582 0.0792453
  outer loop
    vertex -8.971753692005512 45.58325507981438 -58.6140837459417
    vertex -7.072531533189108 42.93039621251334 -61.32636238415246
    vertex -5.706745798797781 41.78823695008776 -57.16547248800941
  endloop
endfacet
facet normal -0.833213 -0.551068 -0.0456024
  outer loop
    vertex -8.692957713915714 45.05707716183296 -316.8280857257457
    vertex -9.309752696911998 46.34917752796171 -321.1724385923794
    vertex -7.071067811865475 42.92893218813452 -320.7451604159552
  endloop
endfacet
facet normal 0.882483 -0.468462 -0.0420354
  outer loop
    vertex 7.675053042350441 43.58957405493931 -28.39955399058772
    vertex 9.45977233392507 46.75766945079533 -26.23821965480954
    vertex 8.649706950355711 44.98202392972524 -23.45596404783778
  endloop
endfacet
facet normal 0.491729 -0.869409 -0.048267
  outer loop
    vertex 2.866786834480462 40.41973208904628 -229.4670116894424
    vertex 6.480486955614338 42.38401097570956 -228.0333287304386
    vertex 4.577614237720871 41.10924930668871 -224.4575574300615
  endloop
endfacet
facet normal -0.492221 -0.862387 -0.118352
  outer loop
    vertex -2.588190451025207 40.34074173710932 -320.5300912200665
    vertex -5.096833247111514 41.39637920110732 -317.7887926309694
    vertex -7.071067811865475 42.92893218813452 -320.7451604159552
  endloop
endfacet
facet normal -0.757069 -0.64885 0.0764227
  outer loop
    vertex -8.868719475313046 45.37984687827307 -217.8963841865126
    vertex -6.916918891957866 42.77807276123081 -220.6509593828207
    vertex -5.479502243880352 41.63489060685336 -216.1173487166248
  endloop
endfacet
facet normal -0.838493 -0.542704 0.0490138
  outer loop
    vertex -7.071067811865475 42.92893218813452 -320.7451604159552
    vertex -9.309752696911998 46.34917752796171 -321.1724385923794
    vertex -8.660254037844386 45 -325
  endloop
endfacet
facet normal 0.451635 -0.891682 -0.0304846
  outer loop
    vertex 2.658854764227328 40.35995376864065 -53.29603319904349
    vertex 6.330386294271523 42.25879793796214 -54.44321169369306
    vertex 5.696716014846478 41.78127585046246 -49.86353015580508
  endloop
endfacet
facet normal -0.319821 -0.944803 0.0711536
  outer loop
    vertex -0.682416234382593 40.02331176777328 -316.1789820412457
    vertex -5.096833247111514 41.39637920110732 -317.7887926309694
    vertex -2.588190451025207 40.34074173710932 -320.5300912200665
  endloop
endfacet
facet normal 0.787198 -0.612267 -0.0738135
  outer loop
    vertex 9.024915372328262 45.69292413320672 -151.9864667628279
    vertex 7.193566523234741 43.05359080705747 -149.6245060339184
    vertex 5.970525021538771 41.97797837405187 -153.7458774125509
  endloop
endfacet
facet normal -0.782018 -0.619953 -0.0640809
  outer loop
    vertex -5.981845272199788 41.98641608645289 -147.6507355347024
    vertex -7.011858194279427 42.87021426245386 -143.6312135736464
    vertex -9.040522658263248 45.72578076539951 -146.5004970991759
  endloop
endfacet
facet normal -0.473212 -0.880757 0.018361
  outer loop
    vertex -3.02949267282603 40.46993315105852 -244.6447776558146
    vertex -6.298126442661651 42.23252915600926 -244.3363087144868
    vertex -5.926166570177955 41.94515364625089 -248.5350050140993
  endloop
endfacet
facet normal -0.732253 -0.677867 -0.0655893
  outer loop
    vertex -5.601961734053348 41.71640025531158 -240.4919101171713
    vertex -6.970485196070489 42.82976038535934 -236.7200100553967
    vertex -8.617224038231253 44.92619966150328 -240.0021922453655
  endloop
endfacet
facet normal -0.476707 -0.878493 -0.0316172
  outer loop
    vertex -5.601961734053348 41.71640025531158 -240.4919101171713
    vertex -6.298126442661651 42.23252915600926 -244.3363087144868
    vertex -3.02949267282603 40.46993315105852 -244.6447776558146
  endloop
endfacet
facet normal -0.797193 -0.600578 0.061558
  outer loop
    vertex -9.136289681714651 45.93450976488758 -91.56904245778398
    vertex -7.155497982058598 43.014382731014 -94.40689441896789
    vertex -6.20616661125866 42.1588587569603 -90.45954827458492
  endloop
endfacet
facet normal 0.763382 -0.642261 0.0689075
  outer loop
    vertex 5.892393471198281 41.92041466530739 -233.6451023369323
    vertex 7.129974277689731 42.98833352194482 -237.401806144549
    vertex 8.868719475326181 45.37984687829829 -234.3738635424336
  endloop
endfacet
facet normal 0.815134 -0.577799 -0.0412915
  outer loop
    vertex 7.675053042350441 43.58957405493931 -28.39955399058772
    vertex 6.876417305841875 42.73949829309858 -32.27014374339353
    vertex 9.112806270413717 45.8821411051484 -32.09720217874025
  endloop
endfacet
facet normal 0.52173 -0.850856 0.0619794
  outer loop
    vertex 3.317860727818503 40.56645346697226 -313.9684117026156
    vertex 4.999510834536621 41.33946356076306 -317.5122772888797
    vertex 6.900886368875074 42.76275139822638 -313.9786957330375
  endloop
endfacet
facet normal -0.0540435 -0.998434 0.0144264
  outer loop
    vertex 1.351906235888556 40.09180392153215 -253.1152785513051
    vertex -2.471974761311124 40.31034877926761 -252.3148983137427
    vertex -2.136241434394598 40.23084074579722 -256.5598371502974
  endloop
endfacet
facet normal -0.0656221 -0.99699 -0.0412853
  outer loop
    vertex -1.024585036439805 40.05262720598531 -248.3918295634812
    vertex -2.471974761311124 40.31034877926761 -252.3148983137427
    vertex 1.351906235888556 40.09180392153215 -253.1152785513051
  endloop
endfacet
facet normal -0.965987 -0.257913 -0.0187161
  outer loop
    vertex -10 50 -22.9128784747792
    vertex -8.480642620629743 44.70106607503374 -28.31013735209456
    vertex -8.649706950355739 44.98202392972527 -23.45596404783785
  endloop
endfacet
facet normal -0.961266 -0.275623 0
  outer loop
    vertex -10 50 -28.40537159341957
    vertex -8.480642620629743 44.70106607503374 -28.31013735209456
    vertex -10 50 -22.9128784747792
  endloop
endfacet
facet normal -0.612419 0.786989 -0.0747789
  outer loop
    vertex -8.154866243919249 55.78775919884254 -68.9145541242094
    vertex -6.319143711122301 57.75038210401161 -63.29356287106813
    vertex -3.916293221399094 59.20123075485142 -67.70321868589224
  endloop
endfacet
facet normal -0.619769 0.780467 -0.0822055
  outer loop
    vertex -6.794744532235824 57.33699166836459 -162.5074728659411
    vertex -3.583813568381394 59.33575279809215 -167.7390919416667
    vertex -8.346634363334879 55.50760336306068 -168.1757593920752
  endloop
endfacet
facet normal -0.670006 0.740855 -0.0471795
  outer loop
    vertex -4.08497983723267 59.12759221971504 -214.9985260912568
    vertex -8.871418312579612 54.61496881064511 -217.8865506000222
    vertex -8.468530955054634 55.31826884082419 -212.5641963102861
  endloop
endfacet
facet normal -0.61971 0.78015 0.0855884
  outer loop
    vertex -3.688528175071967 59.29487815421484 -124.8713931824773
    vertex -5.895361455885808 58.07741996583414 -129.7528610912069
    vertex -8.260912153524858 55.63536426433512 -124.6211566650418
  endloop
endfacet
facet normal 0.627098 0.772637 0.098898
  outer loop
    vertex 8.528416248847346 55.22169668655664 -37.01151137672164
    vertex 6.406811130948282 57.67807079495606 -42.74905198002793
    vertex 3.762595015169734 59.26514321269887 -38.38140571940792
  endloop
endfacet
facet normal -0.356187 0.924661 0.134659
  outer loop
    vertex 0.0774908645445917 59.99969975378822 -162.6136946402392
    vertex -3.583813568381394 59.33575279809215 -167.7390919416667
    vertex -6.794744532235824 57.33699166836459 -162.5074728659411
  endloop
endfacet
facet normal 0.426581 0.902657 -0.056916
  outer loop
    vertex 1.552484635824042 59.87875454981701 -167.9586258438291
    vertex 5.294742797862352 58.48325991022818 -162.0424925917281
    vertex 6.752482136044863 57.37590570726029 -168.6788902224475
  endloop
endfacet
facet normal -0.183701 0.977097 -0.107406
  outer loop
    vertex 1.301425960878165 59.91495287272473 -115.0658508973187
    vertex -5.099937019424923 58.6017813502727 -116.0635665163298
    vertex -2.134841951479588 59.76946517687651 -110.5122188059412
  endloop
endfacet
facet normal -0.358997 0.920353 -0.155147
  outer loop
    vertex 0.0774908645445917 59.99969975378822 -162.6136946402392
    vertex -6.794744532235824 57.33699166836459 -162.5074728659411
    vertex -3.118729331876782 59.50123820112366 -158.1748667472135
  endloop
endfacet
facet normal 0.728565 0.68343 0.0459978
  outer loop
    vertex 6.752482136044863 57.37590570726029 -168.6788902224475
    vertex 5.294742797862352 58.48325991022818 -162.0424925917281
    vertex 8.715175093895736 54.90364385765723 -163.0336722434656
  endloop
endfacet
facet normal 0.690146 0.723574 -0.0118079
  outer loop
    vertex 4.578832927512804 58.89012311624111 -71.58305463794741
    vertex 8.622714856723134 55.06446329828207 -69.65885492977888
    vertex 8.729362913314667 54.8783422519998 -74.83077000866425
  endloop
endfacet
facet normal 0.635957 0.764098 -0.108229
  outer loop
    vertex 3.745733263427625 59.27197294642579 -282.9622694746457
    vertex 6.597577052912866 57.51478389781619 -278.6105465960577
    vertex 8.571613679092071 55.15047948606745 -283.7030498601719
  endloop
endfacet
facet normal -0.669714 0.738983 -0.0733939
  outer loop
    vertex -5.713149864036246 58.20730885437258 -186.071487299172
    vertex -4.204523106392683 59.0731463918428 -191.1197100747661
    vertex -8.537707247608777 55.20649161663865 -190.5120269718257
  endloop
endfacet
facet normal 0.655026 0.748841 0.100884
  outer loop
    vertex 8.571613679092071 55.15047948606745 -283.7030498601719
    vertex 5.883062663657443 58.08638199045035 -288.0392672665271
    vertex 3.745733263427625 59.27197294642579 -282.9622694746457
  endloop
endfacet
facet normal 0.724669 0.687431 -0.0478886
  outer loop
    vertex 8.868719475313306 54.62015312172643 -119.0315080509857
    vertex 5.023664845945083 58.64654795369896 -119.4182404444587
    vertex 5.90377130510383 58.07127526336654 -114.3580637825244
  endloop
endfacet
facet normal -0.795583 0.603862 0.04898
  outer loop
    vertex -8.154866243919249 55.78775919884254 -68.9145541242094
    vertex -9.103099263940264 54.13927334091991 -63.99296502782843
    vertex -6.319143711122301 57.75038210401161 -63.29356287106813
  endloop
endfacet
facet normal 0.960372 0.27442 0.0487832
  outer loop
    vertex 10 50 -28.40537159341963
    vertex 8.926868050480023 54.50677565553456 -32.63108741712045
    vertex 8.481329713295992 55.2978341135187 -28.30992624577632
  endloop
endfacet
facet normal 0.657795 0.747261 -0.0943788
  outer loop
    vertex 4.183755428505598 59.08274135459389 -173.0680589685568
    vertex 6.752482136044863 57.37590570726029 -168.6788902224475
    vertex 8.607370930565395 55.09049758507533 -173.8459331782728
  endloop
endfacet
facet normal -0.656374 0.749334 0.0875919
  outer loop
    vertex -4.204523106392683 59.0731463918428 -191.1197100747661
    vertex -6.65880066951496 57.46058802264722 -195.7157790866788
    vertex -8.537707247608777 55.20649161663865 -190.5120269718257
  endloop
endfacet
facet normal -0.542187 0.833184 -0.108798
  outer loop
    vertex -5.021463271338182 58.64767971091929 -24.4904485519133
    vertex -2.37617487945638 59.71358805705906 -29.51025607004064
    vertex -7.675053042393411 56.41042594500924 -28.3995539909526
  endloop
endfacet
facet normal -0.706472 0.707676 0.00953505
  outer loop
    vertex -8.790813531087842 54.76671768218372 -179.2369819863536
    vertex -8.871418312579609 54.61496881064512 -173.9466056508992
    vertex -4.676970080260204 58.83888855390489 -176.6634668220716
  endloop
endfacet
facet normal -0.748781 0.662136 -0.0300693
  outer loop
    vertex -5.895361455885808 58.07741996583414 -129.7528610912069
    vertex -8.759692122836185 54.82367017043264 -130.0743838035446
    vertex -8.260912153524858 55.63536426433512 -124.6211566650418
  endloop
endfacet
facet normal -0.71549 0.690366 0.107093
  outer loop
    vertex -4.08497983723267 59.12759221971504 -214.9985260912568
    vertex -5.735793858127484 58.19149979045761 -219.9931818292728
    vertex -8.871418312579612 54.61496881064511 -217.8865506000222
  endloop
endfacet
facet normal 0.671086 0.738213 -0.0684484
  outer loop
    vertex 8.481050252596567 55.29828147732184 -129.5812043851271
    vertex 4.636982962655579 58.85993165910673 -128.8572440192328
    vertex 6.485639091954433 57.61160203695073 -124.1957028601022
  endloop
endfacet
facet normal 0.675775 0.73213 0.0855218
  outer loop
    vertex 8.607370930565395 55.09049758507533 -173.8459331782728
    vertex 5.9731418775078 58.02007332330339 -178.1101716122715
    vertex 4.183755428505598 59.08274135459389 -173.0680589685568
  endloop
endfacet
facet normal -0.700212 0.713337 0.0292244
  outer loop
    vertex -4.881122245921294 58.72780875250898 -139.3037153159039
    vertex -8.537698077034996 55.20650665469592 -140.9634482479047
    vertex -8.814930535049513 54.72196989213736 -135.778858665891
  endloop
endfacet
facet normal 0.812537 0.580596 -0.0518899
  outer loop
    vertex 8.528416248847346 55.22169668655664 -37.01151137672164
    vertex 9.292671242189218 53.69408462065902 -42.13660439002058
    vertex 6.406811130948282 57.67807079495606 -42.74905198002793
  endloop
endfacet
facet normal -0.661127 0.746516 0.0749961
  outer loop
    vertex -4.244697781615892 59.05442106060598 -91.5680706074935
    vertex -5.920679895235684 58.05888016899073 -96.43297814322544
    vertex -8.473418112356711 55.31047883840857 -91.57882190251988
  endloop
endfacet
facet normal -0.679517 0.730882 -0.0637826
  outer loop
    vertex -6.65880066951496 57.46058802264722 -195.7157790866788
    vertex -4.690055292732335 58.83195229556373 -200.9757055086528
    vertex -8.490943089221236 55.28241284410885 -201.1563870780452
  endloop
endfacet
facet normal 0.71809 0.692447 0.0697407
  outer loop
    vertex 8.868719475313306 54.62015312172643 -119.0315080509857
    vertex 6.485639091954433 57.61160203695073 -124.1957028601022
    vertex 5.023664845945083 58.64654795369896 -119.4182404444587
  endloop
endfacet
facet normal -0.217525 0.968542 0.120869
  outer loop
    vertex -1.486892458394074 59.88883971035889 -119.8746471217392
    vertex -5.099937019424923 58.6017813502727 -116.0635665163298
    vertex 1.301425960878165 59.91495287272473 -115.0658508973187
  endloop
endfacet
facet normal -0.681215 0.726564 -0.0897253
  outer loop
    vertex -8.468530955054634 55.31826884082419 -212.5641963102861
    vertex -5.82105394415094 58.13113343755253 -209.8868395088739
    vertex -4.08497983723267 59.12759221971504 -214.9985260912568
  endloop
endfacet
facet normal 0.660999 0.74263 -0.107613
  outer loop
    vertex 3.762595015169734 59.26514321269887 -38.38140571940792
    vertex 5.818556376788586 58.13292085846978 -33.5663210694469
    vertex 8.528416248847346 55.22169668655664 -37.01151137672164
  endloop
endfacet
facet normal -0.639079 0.764885 0.080795
  outer loop
    vertex -3.916293221399094 59.20123075485142 -67.70321868589224
    vertex -5.802347472411613 58.1444928515776 -72.61756953922011
    vertex -8.154866243919249 55.78775919884254 -68.9145541242094
  endloop
endfacet
facet normal 0.678199 0.732674 0.0568801
  outer loop
    vertex 6.597577052912866 57.51478389781619 -278.6105465960577
    vertex 4.839858496432256 58.75075823769075 -273.5733437916271
    vertex 8.417397475484968 55.39883503542192 -273.0532366198416
  endloop
endfacet
facet normal 0.273282 0.960435 0.0536824
  outer loop
    vertex 0.0774908645445917 59.99969975378822 -162.6136946402392
    vertex 5.294742797862352 58.48325991022818 -162.0424925917281
    vertex 1.552484635824042 59.87875454981701 -167.9586258438291
  endloop
endfacet
facet normal 0.246302 0.965521 -0.0842845
  outer loop
    vertex 2.765337099616784 59.6100421812541 -182.4217854125125
    vertex 5.202999193800351 58.53983602824509 -187.5580294442451
    vertex -0.2613982280920454 59.99658296451094 -186.8387081825151
  endloop
endfacet
facet normal -0.628299 0.766555 0.132796
  outer loop
    vertex -3.583813568381394 59.33575279809215 -167.7390919416667
    vertex -6.080154806803651 57.93925169806969 -171.4888625816905
    vertex -8.346634363334879 55.50760336306068 -168.1757593920752
  endloop
endfacet
facet normal 0.759742 0.650153 0.00963227
  outer loop
    vertex 5.770720224295009 58.16693259999815 -201.9559782385138
    vertex 8.969858252781721 54.42059305127758 -201.4189048305914
    vertex 8.868719475313306 54.62015312172643 -206.9113979492317
  endloop
endfacet
facet normal 0.725036 0.68854 0.015362
  outer loop
    vertex 8.715175093895736 54.90364385765723 -163.0336722434656
    vertex 5.294742797862352 58.48325991022818 -162.0424925917281
    vertex 8.871418312579538 54.61496881064525 -157.4691262949782
  endloop
endfacet
facet normal -0.709955 0.704118 0.0135095
  outer loop
    vertex -8.720781564084421 54.89366620352526 -289.1666181474159
    vertex -8.84105571970187 54.67287211050408 -283.9794593481055
    vertex -4.876289871033234 58.73050955521261 -287.1067914140571
  endloop
endfacet
facet normal 0.266035 0.96107 0.0746317
  outer loop
    vertex -0.2613982280920454 59.99658296451094 -186.8387081825151
    vertex 5.202999193800351 58.53983602824509 -187.5580294442451
    vertex 1.580489656845929 59.87431275809122 -191.8298304815587
  endloop
endfacet
facet normal -0.723917 0.689887 -0.000295998
  outer loop
    vertex -8.868719475333288 54.62015312168808 -80.58405622050321
    vertex -5.040039456870043 58.63701350428452 -82.15975832311607
    vertex -8.871418312579532 54.61496881064526 -86.06671575265355
  endloop
endfacet
facet normal 0.767305 0.64094 0.0209543
  outer loop
    vertex 8.868719475313306 54.62015312172643 -206.9113979492317
    vertex 6.176845270960015 57.86425981886528 -207.5694611129576
    vertex 5.770720224295009 58.16693259999815 -201.9559782385138
  endloop
endfacet
facet normal -0.624761 0.773139 -0.109223
  outer loop
    vertex -8.260912153524858 55.63536426433512 -124.6211566650418
    vertex -5.862347324097271 58.10141246028429 -120.8850357214756
    vertex -3.688528175071967 59.29487815421484 -124.8713931824773
  endloop
endfacet
facet normal 0.723411 0.686113 0.0769776
  outer loop
    vertex 8.729362913314667 54.8783422519998 -74.83077000866425
    vertex 5.908084592431324 58.06811851974645 -76.74827659959267
    vertex 4.578832927512804 58.89012311624111 -71.58305463794741
  endloop
endfacet
facet normal 0.761446 0.646392 -0.0487635
  outer loop
    vertex 5.294742797862352 58.48325991022818 -162.0424925917281
    vertex 6.169012881341238 57.87040533072128 -156.5144771582177
    vertex 8.871418312579538 54.61496881064525 -157.4691262949782
  endloop
endfacet
facet normal -0.754571 0.656112 -0.0118135
  outer loop
    vertex -5.616767597598236 58.27356765576801 -272.1350444556886
    vertex -8.98745588859356 54.3847048533037 -272.8213153729163
    vertex -8.868719475302584 54.62015312174701 -267.3288222542759
  endloop
endfacet
facet normal -0.819583 0.570997 0.0473955
  outer loop
    vertex -8.490943089221236 55.28241284410885 -201.1563870780452
    vertex -9.289465914967687 53.7021376277299 -195.9264117119512
    vertex -6.65880066951496 57.46058802264722 -195.7157790866788
  endloop
endfacet
facet normal -0.318939 0.947769 0.00355487
  outer loop
    vertex -0.4083020653963069 59.99166099421878 -48.31064001962595
    vertex -5.699200888806728 58.2170012309251 -49.85952770239203
    vertex -5.749006194651003 58.18223244437998 -45.05824362982101
  endloop
endfacet
facet normal 0.768042 0.6404 -0.00022667
  outer loop
    vertex 8.871418312579531 54.61496881064527 -245.3686833662045
    vertex 6.138751773424998 57.89403107824332 -240.4743490788685
    vertex 8.868719475313307 54.62015312172643 -239.866356661074
  endloop
endfacet
facet normal 0.81921 0.570505 0.058472
  outer loop
    vertex 6.485639091954433 57.61160203695073 -124.1957028601022
    vertex 9.361761814491365 53.51531161189607 -124.5240011696261
    vertex 8.481050252596567 55.29828147732184 -129.5812043851271
  endloop
endfacet
facet normal -0.270205 0.959395 -0.0809361
  outer loop
    vertex -2.501656592416782 59.68203048402646 -291.9760158423418
    vertex -0.02774032471194886 59.99996152364523 -296.4665226972591
    vertex -5.405722521844065 58.41297593107385 -297.3238161999238
  endloop
endfacet
facet normal -0.520297 0.853984 -0.00138905
  outer loop
    vertex -3.285154400893154 59.44498600116974 -314.0468426429989
    vertex -6.886479188089235 57.25095886017938 -313.9793359166893
    vertex -3.319134892331012 59.43309830153968 -308.6272693591604
  endloop
endfacet
facet normal -0.448146 0.892468 0.0516404
  outer loop
    vertex -5.099937019424923 58.6017813502727 -116.0635665163298
    vertex -6.515544179817064 57.58601898500471 -110.7937192281028
    vertex -2.134841951479588 59.76946517687651 -110.5122188059412
  endloop
endfacet
facet normal 0.816465 0.575373 -0.0482894
  outer loop
    vertex 8.417397475484968 55.39883503542192 -273.0532366198416
    vertex 9.272977160736547 53.74324652894494 -278.3138084915567
    vertex 6.597577052912866 57.51478389781619 -278.6105465960577
  endloop
endfacet
facet normal -0.829035 0.557206 0.047144
  outer loop
    vertex -8.346634363334879 55.50760336306068 -168.1757593920752
    vertex -9.325070937584858 53.61151658019318 -162.9714530001089
    vertex -6.794744532235824 57.33699166836459 -162.5074728659411
  endloop
endfacet
facet normal 0.77773 0.62846 0.0131824
  outer loop
    vertex 8.871418312579531 54.61496881064527 -245.3686833662045
    vertex 6.40868673172597 57.67650534908949 -246.0295209518226
    vertex 6.138751773424998 57.89403107824332 -240.4743490788685
  endloop
endfacet
facet normal -0.734362 0.676683 -0.0530284
  outer loop
    vertex -8.84105571970187 54.67287211050408 -283.9794593481055
    vertex -5.897747946466917 58.07567762853033 -281.3173263581315
    vertex -4.876289871033234 58.73050955521261 -287.1067914140571
  endloop
endfacet
facet normal -0.523193 0.852213 0.0012636
  outer loop
    vertex -6.886479188089235 57.25095886017938 -313.9793359166893
    vertex -6.910336877260615 57.22822552517366 -308.5254833342997
    vertex -3.319134892331012 59.43309830153968 -308.6272693591604
  endloop
endfacet
facet normal -0.739652 0.669927 -0.0641245
  outer loop
    vertex -8.814930535049513 54.72196989213736 -135.778858665891
    vertex -6.012174516860251 57.99085462130405 -133.9566177844598
    vertex -4.881122245921294 58.72780875250898 -139.3037153159039
  endloop
endfacet
facet normal -0.767413 0.640329 -0.0325005
  outer loop
    vertex -8.868719475302584 54.62015312174701 -267.3288222542759
    vertex -6.230990472034194 57.82142939221592 -266.5398817594729
    vertex -5.616767597598236 58.27356765576801 -272.1350444556886
  endloop
endfacet
facet normal 0.729166 0.684289 -0.00803396
  outer loop
    vertex 5.110030924564501 58.59578873344351 -104.8844225008612
    vertex 8.871418312579545 54.61496881064524 -102.5638622815548
    vertex 8.940716034495084 54.4792406488737 -107.8349627435007
  endloop
endfacet
facet normal -0.644905 0.760971 0.07086
  outer loop
    vertex -3.765635839125922 59.26390774603733 -34.68804445998953
    vertex -5.015809577706196 58.6511071129764 -39.48510955681428
    vertex -8.329173810147575 55.53397358507897 -36.16531071686786
  endloop
endfacet
facet normal -0.514953 0.853368 0.0811579
  outer loop
    vertex -2.37617487945638 59.71358805705906 -29.51025607004064
    vertex -6.876455845794132 57.26046520553908 -32.27048756977746
    vertex -7.675053042393411 56.41042594500924 -28.3995539909526
  endloop
endfacet
facet normal -0.742773 0.668324 0.0403934
  outer loop
    vertex -5.040039456870043 58.63701350428452 -82.15975832311607
    vertex -5.690319718600328 58.22315398737663 -87.26995863016687
    vertex -8.871418312579532 54.61496881064526 -86.06671575265355
  endloop
endfacet
facet normal 0.313099 0.945542 -0.0889954
  outer loop
    vertex 3.745733263427625 59.27197294642579 -282.9622694746457
    vertex 5.883062663657443 58.08638199045035 -288.0392672665271
    vertex 0.3073681496581143 59.99527512480651 -287.3741481732327
  endloop
endfacet
facet normal 0.332441 0.93849 0.093384
  outer loop
    vertex 5.883062663657443 58.08638199045035 -288.0392672665271
    vertex 3.020603805100658 59.53288794923193 -292.3861892086516
    vertex 0.3073681496581143 59.99527512480651 -287.3741481732327
  endloop
endfacet
facet normal -0.756611 0.653865 0.000245842
  outer loop
    vertex -8.871418312579616 54.6149688106451 -228.8912040102838
    vertex -5.856026071736827 58.10598289210744 -233.6534704621894
    vertex -8.868719475300624 54.62015312175077 -234.3738635424337
  endloop
endfacet
facet normal 0.670846 0.738256 -0.0703204
  outer loop
    vertex 8.454257737898059 55.34092932935746 -152.0936576972203
    vertex 4.396395365591275 58.98174302623981 -152.5821014194815
    vertex 5.968938268618409 58.02320234977422 -147.6434867607063
  endloop
endfacet
facet normal 0.825404 0.563097 -0.040369
  outer loop
    vertex 8.715175093895736 54.90364385765723 -163.0336722434656
    vertex 9.317106842937767 53.63201322647402 -168.4639461187491
    vertex 6.752482136044863 57.37590570726029 -168.6788902224475
  endloop
endfacet
facet normal -0.60359 0.787594 -0.123993
  outer loop
    vertex -8.329173810147575 55.53397358507897 -36.16531071686786
    vertex -6.876455845794132 57.26046520553908 -32.27048756977746
    vertex -3.765635839125922 59.26390774603733 -34.68804445998953
  endloop
endfacet
facet normal 0.36756 0.927469 0.0685558
  outer loop
    vertex 0.957691088706381 59.95403575333203 -177.383912581766
    vertex 5.9731418775078 58.02007332330339 -178.1101716122715
    vertex 2.765337099616784 59.6100421812541 -182.4217854125125
  endloop
endfacet
facet normal -0.464851 0.884365 0.0425691
  outer loop
    vertex -5.405722521844065 58.41297593107385 -297.3238161999238
    vertex -6.548732823796419 57.55738700891594 -292.0306942520715
    vertex -2.501656592416782 59.68203048402646 -291.9760158423418
  endloop
endfacet
facet normal -0.776554 0.629318 -0.0303753
  outer loop
    vertex -8.871418312579616 54.6149688106451 -228.8912040102838
    vertex -6.454420341514042 57.63809256654106 -228.0491309013776
    vertex -5.856026071736827 58.10598289210744 -233.6534704621894
  endloop
endfacet
facet normal 0.349634 0.934055 -0.0727791
  outer loop
    vertex 4.183755428505598 59.08274135459389 -173.0680589685568
    vertex 5.9731418775078 58.02007332330339 -178.1101716122715
    vertex 0.957691088706381 59.95403575333203 -177.383912581766
  endloop
endfacet
facet normal 0.770805 0.636795 0.0187744
  outer loop
    vertex 5.90377130510383 58.07127526336654 -114.3580637825244
    vertex 9.06652003902002 54.21879300061622 -113.5390149323454
    vertex 8.868719475313306 54.62015312172643 -119.0315080509857
  endloop
endfacet
facet normal 0.62331 0.778398 -0.0747118
  outer loop
    vertex 4.198274010765231 59.07603962808301 -211.4512594530674
    vertex 6.176845270960015 57.86425981886528 -207.5694611129576
    vertex 8.058157862497833 55.92166293055121 -212.1132166816984
  endloop
endfacet
facet normal -0.252573 0.964911 0.0717911
  outer loop
    vertex 7.13915417668159e-14 60 -25
    vertex -2.37617487945638 59.71358805705906 -29.51025607004064
    vertex -5.021463271338182 58.64767971091929 -24.4904485519133
  endloop
endfacet
facet normal -0.741026 0.671222 0.0184921
  outer loop
    vertex -9.031722324644907 54.2927836948198 -102.7855485151955
    vertex -5.34611687081891 58.45097831044107 -106.0270961649322
    vertex -8.871418312579546 54.61496881064523 -108.0563554001953
  endloop
endfacet
facet normal -0.982415 0.184177 -0.0306559
  outer loop
    vertex -10 50 -28.40537159341957
    vertex -9.459772333934056 53.24233054917845 -26.23821965484359
    vertex -9.112806270452827 54.11785889476505 -32.0972021789018
  endloop
endfacet
facet normal -0.74374 0.66812 0.0215808
  outer loop
    vertex -8.537707247608777 55.20649161663865 -190.5120269718257
    vertex -8.820731208691342 54.71112523119675 -184.9298516372506
    vertex -5.713149864036246 58.20730885437258 -186.071487299172
  endloop
endfacet
facet normal -0.732884 0.675479 -0.0812982
  outer loop
    vertex -8.871418312579609 54.61496881064512 -173.9466056508992
    vertex -6.080154806803651 57.93925169806969 -171.4888625816905
    vertex -4.676970080260204 58.83888855390489 -176.6634668220716
  endloop
endfacet
facet normal 0.739543 0.673087 0.00543044
  outer loop
    vertex 5.321443678310438 58.4665363153163 -225.8123350877494
    vertex 8.949391019179004 54.46188305380567 -223.5186412200088
    vertex 8.901580779592615 54.55651836651487 -228.7373831984371
  endloop
endfacet
facet normal -0.366793 0.926224 -0.0870124
  outer loop
    vertex -5.749006194651003 58.18223244437998 -45.05824362982101
    vertex -2.336153525799271 59.72329094000049 -43.04067055153764
    vertex -0.4083020653963069 59.99166099421878 -48.31064001962595
  endloop
endfacet
facet normal -0.7604 0.648635 -0.0326305
  outer loop
    vertex -5.920679895235684 58.05888016899073 -96.43297814322544
    vertex -8.933023304276443 54.49456278688528 -97.08739340656483
    vertex -8.473418112356711 55.31047883840857 -91.57882190251988
  endloop
endfacet
facet normal -0.863916 0.503062 0.0240137
  outer loop
    vertex -9.112806270452827 54.11785889476505 -32.0972021789018
    vertex -9.459772333934056 53.24233054917845 -26.23821965484359
    vertex -7.675053042393411 56.41042594500924 -28.3995539909526
  endloop
endfacet
facet normal 0.693083 0.718243 -0.0613414
  outer loop
    vertex 6.406811130948282 57.67807079495606 -42.74905198002793
    vertex 8.541987252706731 55.19946668174686 -47.64599555475152
    vertex 4.869157250660456 58.73448954824154 -47.75312747997623
  endloop
endfacet
facet normal -0.249882 0.96097 0.118721
  outer loop
    vertex -2.545614275196323 59.67056606212464 -320.5552564321594
    vertex -4.999445115643886 58.66057437677574 -317.5448160982288
    vertex 0.6955195468798309 59.97578330558098 -316.2039128509761
  endloop
endfacet
facet normal -0.10719 0.992875 -0.0520471
  outer loop
    vertex 0.0774908645445917 59.99969975378822 -162.6136946402392
    vertex 1.552484635824042 59.87875454981701 -167.9586258438291
    vertex -3.583813568381394 59.33575279809215 -167.7390919416667
  endloop
endfacet
facet normal -0.730548 0.675704 0.0986106
  outer loop
    vertex -4.676970080260204 58.83888855390489 -176.6634668220716
    vertex -6.574252929142562 57.53519730489258 -181.7860992591249
    vertex -8.790813531087842 54.76671768218372 -179.2369819863536
  endloop
endfacet
facet normal -0.660764 0.746545 -0.0778565
  outer loop
    vertex -8.473418112356711 55.31047883840857 -91.57882190251988
    vertex -5.690319718600328 58.22315398737663 -87.26995863016687
    vertex -4.244697781615892 59.05442106060598 -91.5680706074935
  endloop
endfacet
facet normal -0.692061 0.718954 0.0644766
  outer loop
    vertex -8.559463171545701 55.1706469822405 -58.57442052955338
    vertex -4.77985202001391 58.78367887998924 -58.29344810526985
    vertex -6.319143711122301 57.75038210401161 -63.29356287106813
  endloop
endfacet
facet normal 0.637741 0.767983 0.0590609
  outer loop
    vertex 8.058157862497833 55.92166293055121 -212.1132166816984
    vertex 5.497790049438351 58.35310149419344 -216.0829169844747
    vertex 4.198274010765231 59.07603962808301 -211.4512594530674
  endloop
endfacet
facet normal -0.745393 0.666573 -0.00835465
  outer loop
    vertex -5.397112978114269 58.41850173733251 -248.2781480704957
    vertex -8.999832674049973 54.35924441148951 -250.7140358643076
    vertex -8.927386696656441 54.50574819185023 -245.4888293384889
  endloop
endfacet
facet normal 0.659557 0.746685 0.0862898
  outer loop
    vertex 8.454257737898059 55.34092932935746 -152.0936576972203
    vertex 6.169012881341238 57.87040533072128 -156.5144771582177
    vertex 4.396395365591275 58.98174302623981 -152.5821014194815
  endloop
endfacet
facet normal 0.451694 0.890496 -0.0546839
  outer loop
    vertex 5.023664845945083 58.64654795369896 -119.4182404444587
    vertex 6.485639091954433 57.61160203695073 -124.1957028601022
    vertex 2.283883624044162 59.73570108373418 -124.3128441991666
  endloop
endfacet
facet normal -0.638082 0.76709 0.0665163
  outer loop
    vertex -4.4818368463352 58.93941488481389 -262.6535127537005
    vertex -6.230990472034194 57.82142939221592 -266.5398817594729
    vertex -8.069546444486701 55.90613411465335 -262.0890126955535
  endloop
endfacet
facet normal 0.756881 0.653535 -0.0047747
  outer loop
    vertex 8.924562655485882 54.51133920341918 -53.3337594047197
    vertex 8.970191177513534 54.41991744706373 -58.61408374594167
    vertex 5.703067566737411 58.21431800755411 -57.1583452425038
  endloop
endfacet
facet normal 0.256129 0.963236 -0.0810882
  outer loop
    vertex 5.170668757826685 58.55945001719357 -297.1582294534203
    vertex -0.02774032471194886 59.99996152364523 -296.4665226972591
    vertex 3.020603805100658 59.53288794923193 -292.3861892086516
  endloop
endfacet
facet normal -0.64926 0.759077 -0.0475877
  outer loop
    vertex -8.069546444486701 55.90613411465335 -262.0890126955535
    vertex -5.528035910239811 58.33311580233343 -258.0509019868617
    vertex -4.4818368463352 58.93941488481389 -262.6535127537005
  endloop
endfacet
facet normal -0.356434 0.933345 0.0426812
  outer loop
    vertex -4.876289871033234 58.73050955521261 -287.1067914140571
    vertex -5.897747946466917 58.07567762853033 -281.3173263581315
    vertex -1.146622047736587 59.93404539347613 -282.2787394486456
  endloop
endfacet
facet normal 0.813072 0.580364 0.0457296
  outer loop
    vertex 6.597577052912866 57.51478389781619 -278.6105465960577
    vertex 9.272977160736547 53.74324652894494 -278.3138084915567
    vertex 8.571613679092071 55.15047948606745 -283.7030498601719
  endloop
endfacet
facet normal -0.239414 0.969262 -0.0566702
  outer loop
    vertex 0.3073681496581143 59.99527512480651 -287.3741481732327
    vertex -4.876289871033234 58.73050955521261 -287.1067914140571
    vertex -1.146622047736587 59.93404539347613 -282.2787394486456
  endloop
endfacet
facet normal 0.705615 0.703594 -0.084043
  outer loop
    vertex 4.578832927512804 58.89012311624111 -71.58305463794741
    vertex 6.124232316368369 57.90530066064215 -66.85282342389897
    vertex 8.622714856723134 55.06446329828207 -69.65885492977888
  endloop
endfacet
facet normal -0.195938 0.972977 -0.122162
  outer loop
    vertex 0.6955195468798309 59.97578330558098 -316.2039128509761
    vertex -4.999445115643886 58.66057437677574 -317.5448160982288
    vertex -3.285154400893154 59.44498600116974 -314.0468426429989
  endloop
endfacet
facet normal 0.822959 0.56632 0.0449435
  outer loop
    vertex 6.752482136044863 57.37590570726029 -168.6788902224475
    vertex 9.317106842937767 53.63201322647402 -168.4639461187491
    vertex 8.607370930565395 55.09049758507533 -173.8459331782728
  endloop
endfacet
facet normal 0.764721 0.643009 0.0417217
  outer loop
    vertex 8.058157862497833 55.92166293055121 -212.1132166816984
    vertex 6.176845270960015 57.86425981886528 -207.5694611129576
    vertex 8.868719475313306 54.62015312172643 -206.9113979492317
  endloop
endfacet
facet normal 0.704807 0.709209 0.0164411
  outer loop
    vertex 8.649706950355728 55.01797607027472 -23.45596404783786
    vertex 8.481329713295992 55.2978341135187 -28.30992624577632
    vertex 5.021463271338252 58.64767971091922 -24.49044855191334
  endloop
endfacet
facet normal 0.448976 0.891481 0.0606796
  outer loop
    vertex 6.485639091954433 57.61160203695073 -124.1957028601022
    vertex 4.636982962655579 58.85993165910673 -128.8572440192328
    vertex 2.283883624044162 59.73570108373418 -124.3128441991666
  endloop
endfacet
facet normal 0.275247 0.958666 0.072106
  outer loop
    vertex 1.348020808692148 59.90872544272637 -300.5051428447244
    vertex -0.02774032471194886 59.99996152364523 -296.4665226972591
    vertex 5.170668757826685 58.55945001719357 -297.1582294534203
  endloop
endfacet
facet normal 0.0209266 0.996526 -0.0806063
  outer loop
    vertex 3.020603805100658 59.53288794923193 -292.3861892086516
    vertex -2.501656592416782 59.68203048402646 -291.9760158423418
    vertex 0.3073681496581143 59.99527512480651 -287.3741481732327
  endloop
endfacet
facet normal 0.758358 0.646603 0.0824451
  outer loop
    vertex 8.940716034495084 54.4792406488737 -107.8349627435007
    vertex 6.656336072132757 57.46278701925925 -110.221917584774
    vertex 5.110030924564501 58.59578873344351 -104.8844225008612
  endloop
endfacet
facet normal -0.339719 0.936447 0.0875105
  outer loop
    vertex -2.66188710147209 59.63920935860492 -53.28756448804533
    vertex -5.699200888806728 58.2170012309251 -49.85952770239203
    vertex -0.4083020653963069 59.99166099421878 -48.31064001962595
  endloop
endfacet
facet normal 0.326394 0.942466 -0.072281
  outer loop
    vertex 2.285430211388453 59.73533814250295 -133.7176292627687
    vertex 5.73323371354009 58.19329184064179 -138.2552255021731
    vertex 0.4350543770335223 59.99053190220741 -138.7457953753605
  endloop
endfacet
facet normal -0.523623 0.851137 -0.0372077
  outer loop
    vertex -3.319134892331012 59.43309830153968 -308.6272693591604
    vertex -6.910336877260615 57.22822552517366 -308.5254833342997
    vertex -5.751025783373843 58.18081306710826 -303.0497129185354
  endloop
endfacet
facet normal -0.817166 0.57455 -0.046176
  outer loop
    vertex -6.65880066951496 57.46058802264722 -195.7157790866788
    vertex -9.289465914967687 53.7021376277299 -195.9264117119512
    vertex -8.537707247608777 55.20649161663865 -190.5120269718257
  endloop
endfacet
facet normal 0.767075 0.641053 -0.0254468
  outer loop
    vertex 5.703067566737411 58.21431800755411 -57.1583452425038
    vertex 6.162540681797401 57.87547410288371 -51.84397944567223
    vertex 8.924562655485882 54.51133920341918 -53.3337594047197
  endloop
endfacet
facet normal -0.390526 0.919878 0.0362582
  outer loop
    vertex -5.751025783373843 58.18081306710826 -303.0497129185354
    vertex -1.908038815197262 59.81628177466909 -303.1502176849087
    vertex -3.319134892331012 59.43309830153968 -308.6272693591604
  endloop
endfacet
facet normal -0.774936 0.627423 -0.0762478
  outer loop
    vertex -9.031722324644907 54.2927836948198 -102.7855485151955
    vertex -6.776613564076766 57.35374112973599 -100.5172751631037
    vertex -5.34611687081891 58.45097831044107 -106.0270961649322
  endloop
endfacet
facet normal -0.101752 0.992107 0.0732778
  outer loop
    vertex 1.552484635824042 59.87875454981701 -167.9586258438291
    vertex -1.496615901578477 59.88737279782362 -172.3092266463144
    vertex -3.583813568381394 59.33575279809215 -167.7390919416667
  endloop
endfacet
facet normal 0.786933 0.616806 -0.0169508
  outer loop
    vertex 8.963634476630745 54.43319940554862 -86.30068466931307
    vertex 9.133556419036502 54.07162708757532 -91.56904245778392
    vertex 6.197917401416823 57.84766333918667 -90.45221197138073
  endloop
endfacet
facet normal 0.351497 0.935877 -0.0241692
  outer loop
    vertex 1.348020808692148 59.90872544272637 -300.5051428447244
    vertex 5.170668757826685 58.55945001719357 -297.1582294534203
    vertex 5.726581298624328 58.19794282916428 -303.0717551772067
  endloop
endfacet
facet normal 0.368814 0.929502 -0.00154523
  outer loop
    vertex 5.760623582568209 58.17405749551341 -308.5560150162298
    vertex 5.789838728096724 58.15338993932164 -314.0151164942514
    vertex 1.393311968908523 59.90245836937961 -311.2579633038698
  endloop
endfacet
facet normal -0.766207 0.641314 -0.0405332
  outer loop
    vertex -8.069546444486701 55.90613411465335 -262.0890126955535
    vertex -6.230990472034194 57.82142939221592 -266.5398817594729
    vertex -8.868719475302584 54.62015312174701 -267.3288222542759
  endloop
endfacet
facet normal 0.313708 0.946258 0.0786297
  outer loop
    vertex 0.4350543770335223 59.99053190220741 -138.7457953753605
    vertex 5.73323371354009 58.19329184064179 -138.2552255021731
    vertex 3.042630512330663 59.52588051391757 -143.5574202360922
  endloop
endfacet
facet normal 0.742685 0.669016 0.0289191
  outer loop
    vertex 5.726581298624328 58.19794282916428 -303.0717551772067
    vertex 5.170668757826685 58.55945001719357 -297.1582294534203
    vertex 8.904998390154354 54.54983556530875 -300.3026517630534
  endloop
endfacet
facet normal 0.752444 0.658656 0.000876675
  outer loop
    vertex 8.859813305555356 54.63720909499499 -311.2958986521934
    vertex 5.760623582568209 58.17405749551341 -308.5560150162298
    vertex 8.869307546074618 54.61902410181457 -305.7821557502305
  endloop
endfacet
facet normal 0.971199 0.238266 -0.0008865
  outer loop
    vertex 10 50 -308.5225206440788
    vertex 8.859813305555356 54.63720909499499 -311.2958986521934
    vertex 8.869307546074618 54.61902410181457 -305.7821557502305
  endloop
endfacet
facet normal -0.0982434 0.995161 0.00156688
  outer loop
    vertex 1.393311968908523 59.90245836937961 -311.2579633038698
    vertex -3.285154400893154 59.44498600116974 -314.0468426429989
    vertex -3.319134892331012 59.43309830153968 -308.6272693591604
  endloop
endfacet
facet normal 0.966792 0.255564 -0
  outer loop
    vertex 10 50 -319.5075068813596
    vertex 8.69373622967864 54.94155343680234 -316.8292767365301
    vertex 10 50 -314.0150137627193
  endloop
endfacet
facet normal 0.20697 0.975426 0.075548
  outer loop
    vertex -0.5151151379344624 59.98672400713421 -129.2910124740995
    vertex 4.636982962655579 58.85993165910673 -128.8572440192328
    vertex 2.285430211388453 59.73533814250295 -133.7176292627687
  endloop
endfacet
facet normal 0.377778 0.925712 -0.0184588
  outer loop
    vertex 5.760623582568209 58.17405749551341 -308.5560150162298
    vertex 1.393311968908523 59.90245836937961 -311.2579633038698
    vertex 1.822540910701448 59.83251466456163 -305.981028604232
  endloop
endfacet
facet normal 0.97224 0.233987 -0
  outer loop
    vertex 10 50 -303.0300275254385
    vertex 8.904998390154354 54.54983556530875 -300.3026517630534
    vertex 10 50 -297.537534406798
  endloop
endfacet
facet normal 0.747797 0.663778 0.0140647
  outer loop
    vertex 8.69373622967864 54.94155343680234 -316.8292767365301
    vertex 5.789838728096724 58.15338993932164 -314.0151164942514
    vertex 8.859813305555356 54.63720909499499 -311.2958986521934
  endloop
endfacet
facet normal -0.752378 0.658732 0.000290819
  outer loop
    vertex -8.87185874245573 54.61412206751315 -42.08979727306185
    vertex -5.749006194651003 58.18223244437998 -45.05824362982101
    vertex -8.868719475302569 54.62015312174704 -47.62909750866093
  endloop
endfacet
facet normal -0.23265 0.969586 0.0760128
  outer loop
    vertex -2.501656592416782 59.68203048402646 -291.9760158423418
    vertex -4.876289871033234 58.73050955521261 -287.1067914140571
    vertex 0.3073681496581143 59.99527512480651 -287.3741481732327
  endloop
endfacet
facet normal 0.968819 0.247286 -0.0154767
  outer loop
    vertex 8.69373622967864 54.94155343680234 -316.8292767365301
    vertex 8.859813305555356 54.63720909499499 -311.2958986521934
    vertex 10 50 -314.0150137627193
  endloop
endfacet
facet normal 0.752696 0.658366 0.00153566
  outer loop
    vertex 8.859813305555356 54.63720909499499 -311.2958986521934
    vertex 5.789838728096724 58.15338993932164 -314.0151164942514
    vertex 5.760623582568209 58.17405749551341 -308.5560150162298
  endloop
endfacet
facet normal -0.957318 0.289035 0
  outer loop
    vertex -10 50 -33.89786471205997
    vertex -8.329173810147575 55.53397358507897 -36.16531071686786
    vertex -10 50 -39.39035783070035
  endloop
endfacet
facet normal 0.974019 0.226046 -0.0137718
  outer loop
    vertex 10 50 -297.537534406798
    vertex 8.904998390154354 54.54983556530875 -300.3026517630534
    vertex 9.049662958713334 54.2548325858595 -294.9132320504393
  endloop
endfacet
facet normal -0.760469 0.649015 -0.0215889
  outer loop
    vertex -8.869458840632623 54.61873357905863 -300.2877277130262
    vertex -5.751025783373843 58.18081306710826 -303.0497129185354
    vertex -9.076477614471356 54.19732702014036 -305.6640018577606
  endloop
endfacet
facet normal -0.971346 0.237668 -0.00029172
  outer loop
    vertex -10 50 -44.88285094934074
    vertex -8.87185874245573 54.61412206751315 -42.08979727306185
    vertex -8.868719475302569 54.62015312174704 -47.62909750866093
  endloop
endfacet
facet normal -0.973779 0.226639 0.0197317
  outer loop
    vertex -8.869458840632623 54.61873357905863 -300.2877277130262
    vertex -9.076477614471356 54.19732702014036 -305.6640018577606
    vertex -10 50 -303.0300275254384
  endloop
endfacet
facet normal 0.962508 0.271255 -0
  outer loop
    vertex 10 50 -39.3903578307004
    vertex 8.528416248847346 55.22169668655664 -37.01151137672164
    vertex 10 50 -33.89786471206003
  endloop
endfacet
facet normal 0.756181 0.652149 0.053782
  outer loop
    vertex 8.901580779592615 54.55651836651487 -228.7373831984371
    vertex 6.334691901190038 57.73767914280486 -231.2207405537938
    vertex 5.321443678310438 58.4665363153163 -225.8123350877494
  endloop
endfacet
facet normal -0.97204 0.234816 0
  outer loop
    vertex -10 50 -292.0450412881576
    vertex -8.897230418220825 54.56500721632355 -294.8642882814711
    vertex -10 50 -297.537534406798
  endloop
endfacet
facet normal -0.963549 0.263304 0.04738
  outer loop
    vertex -8.329173810147575 55.53397358507897 -36.16531071686786
    vertex -8.87185874245573 54.61412206751315 -42.08979727306185
    vertex -10 50 -39.39035783070035
  endloop
endfacet
facet normal -0.971306 0.237832 0
  outer loop
    vertex -10 50 -308.5225206440788
    vertex -8.868719475313112 54.6201531217268 -311.268767203399
    vertex -10 50 -314.0150137627192
  endloop
endfacet
facet normal -0.969624 0.244082 0.0159485
  outer loop
    vertex -8.720781564084421 54.89366620352526 -289.1666181474159
    vertex -8.897230418220825 54.56500721632355 -294.8642882814711
    vertex -10 50 -292.0450412881576
  endloop
endfacet
facet normal 0.12819 0.987848 -0.0878842
  outer loop
    vertex 1.552484635824042 59.87875454981701 -167.9586258438291
    vertex 4.183755428505598 59.08274135459389 -173.0680589685568
    vertex -1.496615901578477 59.88737279782362 -172.3092266463144
  endloop
endfacet
facet normal -0.824685 0.564499 -0.0351441
  outer loop
    vertex -6.794744532235824 57.33699166836459 -162.5074728659411
    vertex -9.325070937584858 53.61151658019318 -162.9714530001089
    vertex -8.868719475302616 54.62015312174695 -157.4789598814685
  endloop
endfacet
facet normal 0.219017 0.972904 -0.0740849
  outer loop
    vertex 2.283883624044162 59.73570108373418 -124.3128441991666
    vertex 4.636982962655579 58.85993165910673 -128.8572440192328
    vertex -0.5151151379344624 59.98672400713421 -129.2910124740995
  endloop
endfacet
facet normal 0.804965 0.591055 0.0518185
  outer loop
    vertex 6.406811130948282 57.67807079495606 -42.74905198002793
    vertex 9.292671242189218 53.69408462065902 -42.13660439002058
    vertex 8.541987252706731 55.19946668174686 -47.64599555475152
  endloop
endfacet
facet normal -0.973677 0.227144 -0.0189565
  outer loop
    vertex -10 50 -308.5225206440788
    vertex -9.076477614471356 54.19732702014036 -305.6640018577606
    vertex -8.868719475313112 54.6201531217268 -311.268767203399
  endloop
endfacet
facet normal 0.639789 0.764398 -0.0797819
  outer loop
    vertex 4.398959441740791 58.98048750513688 -249.6523904942084
    vertex 6.40868673172597 57.67650534908949 -246.0295209518226
    vertex 8.201405874869659 55.7216205462835 -250.3832473715527
  endloop
endfacet
facet normal -0.0878368 0.995927 0.0203453
  outer loop
    vertex 1.393311968908523 59.90245836937961 -311.2579633038698
    vertex -3.319134892331012 59.43309830153968 -308.6272693591604
    vertex 1.822540910701448 59.83251466456163 -305.981028604232
  endloop
endfacet
facet normal 0.971775 0.235884 -0.00335121
  outer loop
    vertex 8.869307546074618 54.61902410181457 -305.7821557502305
    vertex 8.904998390154354 54.54983556530875 -300.3026517630534
    vertex 10 50 -303.0300275254385
  endloop
endfacet
facet normal 0.738322 0.674232 0.0170874
  outer loop
    vertex 8.904998390154354 54.54983556530875 -300.3026517630534
    vertex 5.170668757826685 58.55945001719357 -297.1582294534203
    vertex 9.049662958713334 54.2548325858595 -294.9132320504393
  endloop
endfacet
facet normal -0.971683 0.236273 -0.00263506
  outer loop
    vertex -10 50 -297.537534406798
    vertex -8.897230418220825 54.56500721632355 -294.8642882814711
    vertex -8.869458840632623 54.61873357905863 -300.2877277130262
  endloop
endfacet
facet normal 0.765168 0.643243 -0.0274899
  outer loop
    vertex 8.871418312579538 54.61496881064525 -157.4691262949782
    vertex 6.169012881341238 57.87040533072128 -156.5144771582177
    vertex 8.454257737898059 55.34092932935746 -152.0936576972203
  endloop
endfacet
facet normal -0.300304 0.94406 0.136265
  outer loop
    vertex -0.02774032471194886 59.99996152364523 -296.4665226972591
    vertex -2.22216944640751 59.74997245900997 -299.5707011700712
    vertex -5.405722521844065 58.41297593107385 -297.3238161999238
  endloop
endfacet
facet normal -0.770015 0.637847 0.0150864
  outer loop
    vertex -8.868719475302616 54.62015312174695 -157.4789598814685
    vertex -9.030961140826992 54.29438480726552 -151.9864667628281
    vertex -5.988596721172367 58.00853977396402 -153.7360388544455
  endloop
endfacet
facet normal 0.971077 0.238766 -0
  outer loop
    vertex 10 50 -314.0150137627193
    vertex 8.859813305555356 54.63720909499499 -311.2958986521934
    vertex 10 50 -308.5225206440788
  endloop
endfacet
facet normal -0.219765 0.972775 0.0735676
  outer loop
    vertex -2.667557992347199 59.63764153501595 -205.5875356871613
    vertex -4.690055292732335 58.83195229556373 -200.9757055086528
    vertex 0.3601013414676222 59.99351424794467 -201.2488307145653
  endloop
endfacet
facet normal 0.173318 0.981856 0.0769343
  outer loop
    vertex -0.885157711196137 59.96074775437617 -153.1781188774526
    vertex 4.396395365591275 58.98174302623981 -152.5821014194815
    vertex 1.960067970161421 59.8060253697585 -157.6132474867772
  endloop
endfacet
facet normal 0.216728 0.973112 -0.0779838
  outer loop
    vertex 2.605261759879036 59.65466784319958 -268.5042716543459
    vertex 4.839858496432256 58.75075823769075 -273.5733437916271
    vertex -0.4619192993368446 59.98932583115098 -272.8524124909615
  endloop
endfacet
facet normal 0.130757 0.989605 0.0598643
  outer loop
    vertex -1.132284453627178 59.93568980574948 -96.00683114481919
    vertex 3.80323957886351 59.24853332727768 -95.42782759800272
    vertex 2.098665221993535 59.77730046004493 -100.4456170961863
  endloop
endfacet
facet normal -0.211514 0.974335 -0.0770281
  outer loop
    vertex 0.544890397876088 59.98514368721364 -57.71741282371198
    vertex -4.77985202001391 58.78367887998924 -58.29344810526985
    vertex -2.66188710147209 59.63920935860492 -53.28756448804533
  endloop
endfacet
facet normal 0.739265 0.673289 0.0129925
  outer loop
    vertex 8.928262365105912 54.50401278193495 -190.3812872985033
    vertex 5.202999193800351 58.53983602824509 -187.5580294442451
    vertex 9.036877181125099 54.28192139269983 -185.0523178391456
  endloop
endfacet
facet normal 0.387224 0.921984 -0.00161187
  outer loop
    vertex 5.760623582568209 58.17405749551341 -308.5560150162298
    vertex 1.822540910701448 59.83251466456163 -305.981028604232
    vertex 5.726581298624328 58.19794282916428 -303.0717551772067
  endloop
endfacet
facet normal 0.15098 0.984793 0.0859561
  outer loop
    vertex 4.183755428505598 59.08274135459389 -173.0680589685568
    vertex 0.957691088706381 59.95403575333203 -177.383912581766
    vertex -1.496615901578477 59.88737279782362 -172.3092266463144
  endloop
endfacet
facet normal 0.441921 0.892677 0.0885088
  outer loop
    vertex 1.552484635824042 59.87875454981701 -167.9586258438291
    vertex 6.752482136044863 57.37590570726029 -168.6788902224475
    vertex 4.183755428505598 59.08274135459389 -173.0680589685568
  endloop
endfacet
facet normal -0.976639 0.214886 0
  outer loop
    vertex -10 50 -303.0300275254384
    vertex -9.076477614471356 54.19732702014036 -305.6640018577606
    vertex -10 50 -308.5225206440788
  endloop
endfacet
facet normal -0.974499 0.222216 -0.0311718
  outer loop
    vertex -9.178951927175449 53.9682290153924 -278.4393044526641
    vertex -8.84105571970187 54.67287211050408 -283.9794593481055
    vertex -10 50 -281.0600550508768
  endloop
endfacet
facet normal -0.971325 0.237754 0
  outer loop
    vertex -10 50 -297.537534406798
    vertex -8.869458840632623 54.61873357905863 -300.2877277130262
    vertex -10 50 -303.0300275254384
  endloop
endfacet
facet normal -0.956844 0.280166 0.0771777
  outer loop
    vertex -10 50 -264.5825756949557
    vertex -8.069546444486701 55.90613411465335 -262.0890126955535
    vertex -8.868719475302584 54.62015312174701 -267.3288222542759
  endloop
endfacet
facet normal 0.965376 0.256356 -0.0482796
  outer loop
    vertex 8.417397475484968 55.39883503542192 -273.0532366198416
    vertex 8.964460819028741 54.43152820414116 -267.2506319348769
    vertex 10 50 -270.0750688135961
  endloop
endfacet
facet normal 0.973508 0.22858 -0.00571081
  outer loop
    vertex 8.924330318243245 54.51179879547885 -261.8682331275538
    vertex 8.98665208617212 54.38635204721398 -256.2655074724403
    vertex 10 50 -259.0900825763154
  endloop
endfacet
facet normal -0.973714 0.227664 0.00711703
  outer loop
    vertex -8.927386696656441 54.50574819185023 -245.4888293384889
    vertex -8.999832674049973 54.35924441148951 -250.7140358643076
    vertex -10 50 -248.1050963390346
  endloop
endfacet
facet normal -0.973741 0.22682 0.0195283
  outer loop
    vertex -8.868719475300624 54.62015312175077 -234.3738635424337
    vertex -9.081203750312349 54.18709188403037 -239.9390013496508
    vertex -10 50 -237.1201101017539
  endloop
endfacet
facet normal -0.958226 0.276961 0.0713794
  outer loop
    vertex -8.153555207179753 55.7896059868934 -223.8120496138318
    vertex -8.871418312579616 54.6149688106451 -228.8912040102838
    vertex -10 50 -226.1351238644732
  endloop
endfacet
facet normal 0.971341 0.23769 0.000252481
  outer loop
    vertex 10 50 -242.6126032203942
    vertex 8.871418312579531 54.61496881064527 -245.3686833662045
    vertex 8.868719475313307 54.62015312172643 -239.866356661074
  endloop
endfacet
facet normal 0.975064 0.220782 0.0225006
  outer loop
    vertex 10 50 -231.6276169831134
    vertex 9.145074760818044 54.04569000530797 -234.2768025881467
    vertex 8.901580779592615 54.55651836651487 -228.7373831984371
  endloop
endfacet
facet normal -0.960247 0.272089 -0.0623948
  outer loop
    vertex -10 50 -220.6426307458328
    vertex -8.871418312579612 54.61496881064511 -217.8865506000222
    vertex -8.153555207179753 55.7896059868934 -223.8120496138318
  endloop
endfacet
facet normal 0.97275 0.231808 -0.00470808
  outer loop
    vertex 8.901580779592615 54.55651836651487 -228.7373831984371
    vertex 8.949391019179004 54.46188305380567 -223.5186412200088
    vertex 10 50 -226.1351238644731
  endloop
endfacet
facet normal -0.9662 0.255184 0.0365818
  outer loop
    vertex -8.490943089221236 55.28241284410885 -201.1563870780452
    vertex -8.902335941958116 54.55504278536664 -206.9482045068009
    vertex -10 50 -204.1651513899117
  endloop
endfacet
facet normal 0.956473 0.280999 -0.0787334
  outer loop
    vertex 10 50 -209.6576445085519
    vertex 8.058157862497833 55.92166293055121 -212.1132166816984
    vertex 8.868719475313306 54.62015312172643 -206.9113979492317
  endloop
endfacet
facet normal 0.974175 0.225554 -0.0104554
  outer loop
    vertex 10 50 -187.6876720339904
    vertex 8.928262365105912 54.50401278193495 -190.3812872985033
    vertex 9.036877181125099 54.28192139269983 -185.0523178391456
  endloop
endfacet
facet normal -0.970255 0.241958 -0.00784262
  outer loop
    vertex -10 50 -176.7026857967099
    vertex -8.871418312579609 54.61496881064512 -173.9466056508992
    vertex -8.790813531087842 54.76671768218372 -179.2369819863536
  endloop
endfacet
facet normal -0.965366 0.258246 -0.0371189
  outer loop
    vertex -10 50 -88.8227958984638
    vertex -8.871418312579532 54.61496881064526 -86.06671575265355
    vertex -8.473418112356711 55.31047883840857 -91.57882190251988
  endloop
endfacet
facet normal 0.969246 0.245669 -0.0144701
  outer loop
    vertex 8.715175093895736 54.90364385765723 -163.0336722434656
    vertex 8.871418312579538 54.61496881064525 -157.4691262949782
    vertex 10 50 -160.2252064407885
  endloop
endfacet
facet normal 0.965942 0.256516 0.0339855
  outer loop
    vertex 10 50 -132.7627408475867
    vertex 8.871418312579534 54.61496881064526 -135.518820993397
    vertex 8.481050252596567 55.29828147732184 -129.5812043851271
  endloop
endfacet
facet normal 0.975671 0.215928 -0.0379618
  outer loop
    vertex 10 50 -99.80778213574445
    vertex 8.871418312579545 54.61496881064524 -102.5638622815548
    vertex 9.276882801358425 53.73355668094918 -97.15634479858895
  endloop
endfacet
facet normal -0.971341 0.23769 -0.000252481
  outer loop
    vertex -10 50 -77.83780966118303
    vertex -8.871418312579596 54.61496881064514 -75.08172951537243
    vertex -8.868719475333288 54.62015312168808 -80.58405622050321
  endloop
endfacet
facet normal -0.966767 0.253964 -0.029375
  outer loop
    vertex -10 50 -55.8678371866215
    vertex -8.871418312579584 54.61496881064516 -53.11175704081097
    vertex -8.559463171545701 55.1706469822405 -58.57442052955338
  endloop
endfacet
facet normal -0.966032 0.256941 -0.027643
  outer loop
    vertex -8.814930535049513 54.72196989213736 -135.778858665891
    vertex -8.537698077034996 55.20650665469592 -140.9634482479047
    vertex -10 50 -138.2552339662272
  endloop
endfacet
facet normal -0.97337 0.228705 -0.0156237
  outer loop
    vertex -9.031722324644907 54.2927836948198 -102.7855485151955
    vertex -8.871418312579546 54.61496881064523 -108.0563554001953
    vertex -10 50 -105.300275254385
  endloop
endfacet
facet normal 0.971321 0.23777 -0
  outer loop
    vertex 10 50 -308.5225206440788
    vertex 8.869307546074618 54.61902410181457 -305.7821557502305
    vertex 10 50 -303.0300275254385
  endloop
endfacet
facet normal -0.971387 0.237502 0
  outer loop
    vertex -10 50 -39.39035783070035
    vertex -8.87185874245573 54.61412206751315 -42.08979727306185
    vertex -10 50 -44.88285094934074
  endloop
endfacet
facet normal 0.752087 0.659062 0.00179802
  outer loop
    vertex 5.760623582568209 58.17405749551341 -308.5560150162298
    vertex 5.726581298624328 58.19794282916428 -303.0717551772067
    vertex 8.869307546074618 54.61902410181457 -305.7821557502305
  endloop
endfacet
facet normal -0.203977 0.975205 -0.0858401
  outer loop
    vertex 0.957691088706381 59.95403575333203 -177.383912581766
    vertex -4.676970080260204 58.83888855390489 -176.6634668220716
    vertex -1.496615901578477 59.88737279782362 -172.3092266463144
  endloop
endfacet
facet normal 0.141073 0.988625 0.0521355
  outer loop
    vertex 3.745733263427625 59.27197294642579 -282.9622694746457
    vertex 0.3073681496581143 59.99527512480651 -287.3741481732327
    vertex -1.146622047736587 59.93404539347613 -282.2787394486456
  endloop
endfacet
facet normal -0.745356 0.666425 0.0179281
  outer loop
    vertex -8.869458840632623 54.61873357905863 -300.2877277130262
    vertex -5.405722521844065 58.41297593107385 -297.3238161999238
    vertex -5.751025783373843 58.18081306710826 -303.0497129185354
  endloop
endfacet
facet normal -0.967491 0.252905 0
  outer loop
    vertex -10 50 -286.5525481695172
    vertex -8.720781564084421 54.89366620352526 -289.1666181474159
    vertex -10 50 -292.0450412881576
  endloop
endfacet
facet normal -0.0647149 0.995449 0.0699494
  outer loop
    vertex 1.869531839158007 59.82368824334193 -277.9177984522497
    vertex -1.146622047736587 59.93404539347613 -282.2787394486456
    vertex -3.308424565291325 59.43686001251353 -277.2033246564858
  endloop
endfacet
facet normal 0.125385 0.99019 -0.0616625
  outer loop
    vertex 1.869531839158007 59.82368824334193 -277.9177984522497
    vertex 3.745733263427625 59.27197294642579 -282.9622694746457
    vertex -1.146622047736587 59.93404539347613 -282.2787394486456
  endloop
endfacet
facet normal -0.183443 0.979636 0.081615
  outer loop
    vertex 0.957691088706381 59.95403575333203 -177.383912581766
    vertex -2.681977321159058 59.63363885812565 -181.7188927369738
    vertex -4.676970080260204 58.83888855390489 -176.6634668220716
  endloop
endfacet
facet normal -0.304912 0.949101 0.0789694
  outer loop
    vertex -0.4619192993368446 59.98932583115098 -272.8524124909615
    vertex -3.308424565291325 59.43686001251353 -277.2033246564858
    vertex -5.616767597598236 58.27356765576801 -272.1350444556886
  endloop
endfacet
facet normal -0.979259 0.202614 0
  outer loop
    vertex -10 50 -275.5675619322364
    vertex -9.178951927175449 53.9682290153924 -278.4393044526641
    vertex -10 50 -281.0600550508768
  endloop
endfacet
facet normal 0.963629 0.267244 -0
  outer loop
    vertex 10 50 -286.5525481695173
    vertex 8.571613679092071 55.15047948606745 -283.7030498601719
    vertex 10 50 -281.0600550508769
  endloop
endfacet
facet normal 0.975952 0.217984 -0
  outer loop
    vertex 10 50 -297.537534406798
    vertex 9.049662958713334 54.2548325858595 -294.9132320504393
    vertex 10 50 -292.0450412881577
  endloop
endfacet
facet normal -0.0840762 0.993912 -0.0711987
  outer loop
    vertex -0.4619192993368446 59.98932583115098 -272.8524124909615
    vertex 1.869531839158007 59.82368824334193 -277.9177984522497
    vertex -3.308424565291325 59.43686001251353 -277.2033246564858
  endloop
endfacet
facet normal -0.00468482 0.99755 -0.0697952
  outer loop
    vertex 0.957691088706381 59.95403575333203 -177.383912581766
    vertex 2.765337099616784 59.6100421812541 -182.4217854125125
    vertex -2.681977321159058 59.63363885812565 -181.7188927369738
  endloop
endfacet
facet normal -0.32318 0.944163 -0.0641085
  outer loop
    vertex -0.4619192993368446 59.98932583115098 -272.8524124909615
    vertex -5.616767597598236 58.27356765576801 -272.1350444556886
    vertex -2.056737736821098 59.78620610256784 -267.8041635792475
  endloop
endfacet
facet normal 0.0358926 0.998028 0.0514953
  outer loop
    vertex 2.605261759879036 59.65466784319958 -268.5042716543459
    vertex -0.4619192993368446 59.98932583115098 -272.8524124909615
    vertex -2.056737736821098 59.78620610256784 -267.8041635792475
  endloop
endfacet
facet normal -0.184229 0.980064 0.074386
  outer loop
    vertex 0.7073327730288105 59.97495264892017 -263.4452995973889
    vertex -2.056737736821098 59.78620610256784 -267.8041635792475
    vertex -4.4818368463352 58.93941488481389 -262.6535127537005
  endloop
endfacet
facet normal -0.971306 0.237832 0
  outer loop
    vertex -10 50 -264.5825756949557
    vertex -8.868719475302584 54.62015312174701 -267.3288222542759
    vertex -10 50 -270.0750688135961
  endloop
endfacet
facet normal 0.0197896 0.998247 -0.055775
  outer loop
    vertex 0.7073327730288105 59.97495264892017 -263.4452995973889
    vertex 2.605261759879036 59.65466784319958 -268.5042716543459
    vertex -2.056737736821098 59.78620610256784 -267.8041635792475
  endloop
endfacet
facet normal 0.0143102 0.996895 0.0774356
  outer loop
    vertex 2.765337099616784 59.6100421812541 -182.4217854125125
    vertex -0.2613982280920454 59.99658296451094 -186.8387081825151
    vertex -2.681977321159058 59.63363885812565 -181.7188927369738
  endloop
endfacet
facet normal -0.205674 0.976008 -0.0714647
  outer loop
    vertex 0.7073327730288105 59.97495264892017 -263.4452995973889
    vertex -4.4818368463352 58.93941488481389 -262.6535127537005
    vertex -1.394035321680322 59.90235656406634 -258.389063585597
  endloop
endfacet
facet normal 0.144691 0.986683 0.0742998
  outer loop
    vertex 4.002987614370125 59.163846908324 -259.0919345509001
    vertex 0.7073327730288105 59.97495264892017 -263.4452995973889
    vertex -1.394035321680322 59.90235656406634 -258.389063585597
  endloop
endfacet
facet normal -0.0691714 0.994783 0.0749836
  outer loop
    vertex 1.954598149523629 59.80711711329475 -254.0364835599999
    vertex -1.394035321680322 59.90235656406634 -258.389063585597
    vertex -3.475683900683428 59.37654634833797 -253.3336078823743
  endloop
endfacet
facet normal 0.125599 0.989243 -0.0749833
  outer loop
    vertex 1.954598149523629 59.80711711329475 -254.0364835599999
    vertex 4.002987614370125 59.163846908324 -259.0919345509001
    vertex -1.394035321680322 59.90235656406634 -258.389063585597
  endloop
endfacet
facet normal -0.971306 0.237832 0
  outer loop
    vertex -10 50 -253.597589457675
    vertex -8.868719475302635 54.62015312174692 -256.3438360169952
    vertex -10 50 -259.0900825763154
  endloop
endfacet
facet normal 0.95962 0.281301 -0
  outer loop
    vertex 10 50 -275.5675619322365
    vertex 8.417397475484968 55.39883503542192 -273.0532366198416
    vertex 10 50 -270.0750688135961
  endloop
endfacet
facet normal 0.972737 0.231913 -0
  outer loop
    vertex 10 50 -264.5825756949557
    vertex 8.924330318243245 54.51179879547885 -261.8682331275538
    vertex 10 50 -259.0900825763154
  endloop
endfacet
facet normal -0.321501 0.943073 -0.0851467
  outer loop
    vertex -0.2613982280920454 59.99658296451094 -186.8387081825151
    vertex -5.713149864036246 58.20730885437258 -186.071487299172
    vertex -2.681977321159058 59.63363885812565 -181.7188927369738
  endloop
endfacet
facet normal -0.279926 0.957089 0.0749836
  outer loop
    vertex -0.1838993605449367 59.99830890827 -248.9810248623545
    vertex -3.475683900683428 59.37654634833797 -253.3336078823743
    vertex -5.397112978114269 58.41850173733251 -248.2781480704957
  endloop
endfacet
facet normal -0.0884613 0.993253 -0.0749835
  outer loop
    vertex -0.1838993605449367 59.99830890827 -248.9810248623545
    vertex 1.954598149523629 59.80711711329475 -254.0364835599999
    vertex -3.475683900683428 59.37654634833797 -253.3336078823743
  endloop
endfacet
facet normal 0.0579817 0.997091 0.0494735
  outer loop
    vertex 2.76082224641749 59.61134020434644 -244.6331870426226
    vertex -0.1838993605449367 59.99830890827 -248.9810248623545
    vertex -1.778516059334285 59.8405731858815 -243.9331636405127
  endloop
endfacet
facet normal -0.13433 0.988972 0.062371
  outer loop
    vertex 1.028947489979223 59.94692249205077 -239.5729757833894
    vertex -1.778516059334285 59.8405731858815 -243.9331636405127
    vertex -3.813833562712435 59.24416970614063 -238.8599231714066
  endloop
endfacet
facet normal -0.29733 0.952617 -0.0641591
  outer loop
    vertex -0.1838993605449367 59.99830890827 -248.9810248623545
    vertex -5.397112978114269 58.41850173733251 -248.2781480704957
    vertex -1.778516059334285 59.8405731858815 -243.9331636405127
  endloop
endfacet
facet normal -0.972815 0.231583 0
  outer loop
    vertex -10 50 -242.6126032203943
    vertex -8.927386696656441 54.50574819185023 -245.4888293384889
    vertex -10 50 -248.1050963390346
  endloop
endfacet
facet normal -0.301735 0.950603 0.0728698
  outer loop
    vertex -0.2613982280920454 59.99658296451094 -186.8387081825151
    vertex -4.204523106392683 59.0731463918428 -191.1197100747661
    vertex -5.713149864036246 58.20730885437258 -186.071487299172
  endloop
endfacet
facet normal 0.0424211 0.997764 -0.0516508
  outer loop
    vertex 1.028947489979223 59.94692249205077 -239.5729757833894
    vertex 2.76082224641749 59.61134020434644 -244.6331870426226
    vertex -1.778516059334285 59.8405731858815 -243.9331636405127
  endloop
endfacet
facet normal -0.732298 0.680782 0.0165946
  outer loop
    vertex -9.011845333861126 54.33435620116361 -113.6228582670973
    vertex -5.099937019424923 58.6017813502727 -116.0635665163298
    vertex -8.868719475302584 54.62015312174702 -119.0315080509859
  endloop
endfacet
facet normal -0.0340094 0.997661 0.0592975
  outer loop
    vertex 1.966111382172194 59.80481545124093 -230.1642805059022
    vertex -0.7592309056602671 59.97113676728438 -234.5256655625421
    vertex -2.798077889918127 59.60056040666123 -229.4602009912421
  endloop
endfacet
facet normal -0.151796 0.986678 -0.0585123
  outer loop
    vertex 1.028947489979223 59.94692249205077 -239.5729757833894
    vertex -3.813833562712435 59.24416970614063 -238.8599231714066
    vertex -0.7592309056602671 59.97113676728438 -234.5256655625421
  endloop
endfacet
facet normal 0.163068 0.985188 0.0530457
  outer loop
    vertex 3.781700035871128 59.25736165647061 -235.2283741333216
    vertex 1.028947489979223 59.94692249205077 -239.5729757833894
    vertex -0.7592309056602671 59.97113676728438 -234.5256655625421
  endloop
endfacet
facet normal -0.146162 0.986173 -0.0780973
  outer loop
    vertex -0.2613982280920454 59.99658296451094 -186.8387081825151
    vertex 1.580489656845929 59.87431275809122 -191.8298304815587
    vertex -4.204523106392683 59.0731463918428 -191.1197100747661
  endloop
endfacet
facet normal -0.971306 0.237832 0
  outer loop
    vertex -10 50 -231.6276169831135
    vertex -8.868719475300624 54.62015312175077 -234.3738635424337
    vertex -10 50 -237.1201101017539
  endloop
endfacet
facet normal 0.953976 0.299883 -0
  outer loop
    vertex 10 50 -253.597589457675
    vertex 8.201405874869659 55.7216205462835 -250.3832473715527
    vertex 10 50 -248.1050963390346
  endloop
endfacet
facet normal 0.146875 0.987674 -0.0541145
  outer loop
    vertex 1.966111382172194 59.80481545124093 -230.1642805059022
    vertex 3.781700035871128 59.25736165647061 -235.2283741333216
    vertex -0.7592309056602671 59.97113676728438 -234.5256655625421
  endloop
endfacet
facet normal -0.051226 0.997037 -0.0573808
  outer loop
    vertex 1.966111382172194 59.80481545124093 -230.1642805059022
    vertex -2.798077889918127 59.60056040666123 -229.4602009912421
    vertex 0.09427483506685568 59.99955560289922 -225.1094574525963
  endloop
endfacet
facet normal -0.125852 0.98801 0.0894311
  outer loop
    vertex 1.580489656845929 59.87431275809122 -191.8298304815587
    vertex -1.799870738491018 59.83668975442063 -196.1711856049029
    vertex -4.204523106392683 59.0731463918428 -191.1197100747661
  endloop
endfacet
facet normal 0.079555 0.994006 0.0749837
  outer loop
    vertex 3.391503494137204 59.40732183191662 -220.7568694594277
    vertex 0.09427483506685568 59.99955560289922 -225.1094574525963
    vertex -2.042427874336899 59.78920264261251 -220.0539917894069
  endloop
endfacet
facet normal 0.289433 0.954606 0.0704022
  outer loop
    vertex 5.321443678310438 58.4665363153163 -225.8123350877494
    vertex 1.966111382172194 59.80481545124093 -230.1642805059022
    vertex 0.09427483506685568 59.99955560289922 -225.1094574525963
  endloop
endfacet
facet normal -0.952721 0.303846 0
  outer loop
    vertex -10 50 -220.6426307458328
    vertex -8.153555207179753 55.7896059868934 -223.8120496138318
    vertex -10 50 -226.1351238644732
  endloop
endfacet
facet normal 0.972152 0.234352 -0
  outer loop
    vertex 10 50 -231.6276169831134
    vertex 8.901580779592615 54.55651836651487 -228.7373831984371
    vertex 10 50 -226.1351238644731
  endloop
endfacet
facet normal 0.971306 0.237832 -0
  outer loop
    vertex 10 50 -242.6126032203942
    vertex 8.868719475313307 54.62015312172643 -239.866356661074
    vertex 10 50 -237.1201101017538
  endloop
endfacet
facet normal 0.271336 0.959559 -0.0749837
  outer loop
    vertex 3.391503494137204 59.40732183191662 -220.7568694594277
    vertex 5.321443678310438 58.4665363153163 -225.8123350877494
    vertex 0.09427483506685568 59.99955560289922 -225.1094574525963
  endloop
endfacet
facet normal -0.134462 0.988078 0.0749837
  outer loop
    vertex 1.305223541302412 59.91445366660362 -215.7014037686604
    vertex -2.042427874336899 59.78920264261251 -220.0539917894069
    vertex -4.08497983723267 59.12759221971504 -214.9985260912568
  endloop
endfacet
facet normal -0.443785 0.89288 -0.0762936
  outer loop
    vertex -1.799870738491018 59.83668975442063 -196.1711856049029
    vertex -6.65880066951496 57.46058802264722 -195.7157790866788
    vertex -4.204523106392683 59.0731463918428 -191.1197100747661
  endloop
endfacet
facet normal 0.0658791 0.996026 -0.059928
  outer loop
    vertex 1.580489656845929 59.87431275809122 -191.8298304815587
    vertex 3.240433783196144 59.46042223670388 -196.8840714550317
    vertex -1.799870738491018 59.83668975442063 -196.1711856049029
  endloop
endfacet
facet normal 0.0602521 0.995363 -0.0749837
  outer loop
    vertex 1.305223541302412 59.91445366660362 -215.7014037686604
    vertex 3.391503494137204 59.40732183191662 -220.7568694594277
    vertex -2.042427874336899 59.78920264261251 -220.0539917894069
  endloop
endfacet
facet normal -0.153609 0.985283 -0.0749837
  outer loop
    vertex 1.305223541302412 59.91445366660362 -215.7014037686604
    vertex -4.08497983723267 59.12759221971504 -214.9985260912568
    vertex -0.8412239498639401 59.96455429340295 -210.6459380498345
  endloop
endfacet
facet normal -0.960951 0.276719 0
  outer loop
    vertex -10 50 -209.6576445085521
    vertex -8.468530955054634 55.31826884082419 -212.5641963102861
    vertex -10 50 -215.1501376271924
  endloop
endfacet
facet normal 0.183805 0.980585 0.0683221
  outer loop
    vertex 4.198274010765231 59.07603962808301 -211.4512594530674
    vertex 1.305223541302412 59.91445366660362 -215.7014037686604
    vertex -0.8412239498639401 59.96455429340295 -210.6459380498345
  endloop
endfacet
facet normal 0.0835989 0.994293 0.0662711
  outer loop
    vertex 3.240433783196144 59.46042223670388 -196.8840714550317
    vertex 0.3601013414676222 59.99351424794467 -201.2488307145653
    vertex -1.799870738491018 59.83668975442063 -196.1711856049029
  endloop
endfacet
facet normal -0.0192672 0.998157 0.0575521
  outer loop
    vertex 2.130017090101296 59.77051826649316 -206.2859631060469
    vertex -0.8412239498639401 59.96455429340295 -210.6459380498345
    vertex -2.667557992347199 59.63764153501595 -205.5875356871613
  endloop
endfacet
facet normal 0.308307 0.94723 -0.0877633
  outer loop
    vertex 3.240433783196144 59.46042223670388 -196.8840714550317
    vertex 5.770720224295009 58.16693259999815 -201.9559782385138
    vertex 0.3601013414676222 59.99351424794467 -201.2488307145653
  endloop
endfacet
facet normal -0.961534 0.274687 0
  outer loop
    vertex -10 50 -198.6726582712714
    vertex -8.490943089221236 55.28241284410885 -201.1563870780452
    vertex -10 50 -204.1651513899117
  endloop
endfacet
facet normal -0.0359008 0.997741 -0.056785
  outer loop
    vertex 2.130017090101296 59.77051826649316 -206.2859631060469
    vertex -2.667557992347199 59.63764153501595 -205.5875356871613
    vertex 0.3601013414676222 59.99351424794467 -201.2488307145653
  endloop
endfacet
facet normal 0.971306 0.237832 -0
  outer loop
    vertex 10 50 -220.6426307458327
    vertex 8.868719475313306 54.62015312172643 -217.8963841865125
    vertex 10 50 -215.1501376271923
  endloop
endfacet
facet normal 0.971306 0.237832 -0
  outer loop
    vertex 10 50 -209.6576445085519
    vertex 8.868719475313306 54.62015312172643 -206.9113979492317
    vertex 10 50 -204.1651513899116
  endloop
endfacet
facet normal 0.327593 0.941963 0.0734065
  outer loop
    vertex 5.770720224295009 58.16693259999815 -201.9559782385138
    vertex 2.130017090101296 59.77051826649316 -206.2859631060469
    vertex 0.3601013414676222 59.99351424794467 -201.2488307145653
  endloop
endfacet
facet normal 0.162823 0.984367 -0.0671525
  outer loop
    vertex 2.130017090101296 59.77051826649316 -206.2859631060469
    vertex 4.198274010765231 59.07603962808301 -211.4512594530674
    vertex -0.8412239498639401 59.96455429340295 -210.6459380498345
  endloop
endfacet
facet normal -0.962749 0.270397 0
  outer loop
    vertex -10 50 -187.6876720339906
    vertex -8.537707247608777 55.20649161663865 -190.5120269718257
    vertex -10 50 -193.180165152631
  endloop
endfacet
facet normal 0.978241 0.207472 -0
  outer loop
    vertex 10 50 -198.6726582712712
    vertex 9.139108479840859 54.05914968850631 -195.7809921984695
    vertex 10 50 -193.1801651526308
  endloop
endfacet
facet normal -0.969299 0.245885 0
  outer loop
    vertex -10 50 -176.7026857967099
    vertex -8.790813531087842 54.76671768218372 -179.2369819863536
    vertex -10 50 -182.1951789153503
  endloop
endfacet
facet normal -0.957774 0.287521 0
  outer loop
    vertex -10 50 -165.7176995594291
    vertex -8.346634363334879 55.50760336306068 -168.1757593920752
    vertex -10 50 -171.2101926780694
  endloop
endfacet
facet normal -0.971306 0.237832 0
  outer loop
    vertex -10 50 -154.7327133221483
    vertex -8.868719475302616 54.62015312174695 -157.4789598814685
    vertex -10 50 -160.2252064407887
  endloop
endfacet
facet normal -0.971306 0.237832 0
  outer loop
    vertex -10 50 -116.2852614916657
    vertex -8.868719475302584 54.62015312174702 -119.0315080509859
    vertex -10 50 -121.7777546103061
  endloop
endfacet
facet normal -0.971306 0.237832 0
  outer loop
    vertex -10 50 -44.88285094934074
    vertex -8.868719475302569 54.62015312174704 -47.62909750866093
    vertex -10 50 -50.37534406798112
  endloop
endfacet
facet normal -0.961078 0.276277 0
  outer loop
    vertex -10 50 -88.8227958984638
    vertex -8.473418112356711 55.31047883840857 -91.57882190251988
    vertex -10 50 -94.31528901710418
  endloop
endfacet
facet normal 0.975625 0.219445 -0
  outer loop
    vertex 10 50 -187.6876720339904
    vertex 9.036877181125099 54.28192139269983 -185.0523178391456
    vertex 10 50 -182.1951789153501
  endloop
endfacet
facet normal -0.952756 0.303738 0
  outer loop
    vertex -10 50 -66.85282342390227
    vertex -8.154866243919249 55.78775919884254 -68.9145541242094
    vertex -10 50 -72.34531654254265
  endloop
endfacet
facet normal 0.964556 0.263878 -0
  outer loop
    vertex 10 50 -176.7026857967097
    vertex 8.607370930565395 55.09049758507533 -173.8459331782728
    vertex 10 50 -171.2101926780693
  endloop
endfacet
facet normal 0.964954 0.26242 -0
  outer loop
    vertex 10 50 -72.34531654254263
    vertex 8.622714856723134 55.06446329828207 -69.65885492977888
    vertex 10 50 -66.85282342390227
  endloop
endfacet
facet normal 0.966318 0.25713 0.0106728
  outer loop
    vertex 8.729362913314667 54.8783422519998 -74.83077000866425
    vertex 8.622714856723134 55.06446329828207 -69.65885492977888
    vertex 10 50 -72.34531654254263
  endloop
endfacet
facet normal 0.969955 0.239206 -0.0443526
  outer loop
    vertex 10 50 -66.85282342390227
    vertex 8.622714856723134 55.06446329828207 -69.65885492977888
    vertex 9.099482479760418 54.14721817614328 -64.17929979886827
  endloop
endfacet
facet normal 0.967346 0.253459 -0
  outer loop
    vertex 10 50 -165.7176995594289
    vertex 8.715175093895736 54.90364385765723 -163.0336722434656
    vertex 10 50 -160.2252064407885
  endloop
endfacet
facet normal 0.960579 0.278006 -0
  outer loop
    vertex 10 50 -154.7327133221481
    vertex 8.454257737898059 55.34092932935746 -152.0936576972203
    vertex 10 50 -149.2402202035077
  endloop
endfacet
facet normal 0.97767 0.210148 -0
  outer loop
    vertex 10 50 -143.7477270848674
    vertex 9.116757740883681 54.10910310092574 -140.8626909762969
    vertex 10 50 -138.255233966227
  endloop
endfacet
facet normal 0.977228 0.212193 -0
  outer loop
    vertex 10 50 -66.85282342390227
    vertex 9.099482479760418 54.14721817614328 -64.17929979886827
    vertex 10 50 -61.36033030526187
  endloop
endfacet
facet normal 0.961277 0.275586 -0
  outer loop
    vertex 10 50 -132.7627408475867
    vertex 8.481050252596567 55.29828147732184 -129.5812043851271
    vertex 10 50 -127.2702477289463
  endloop
endfacet
facet normal 0.971306 0.237832 -0
  outer loop
    vertex 10 50 -121.7777546103059
    vertex 8.868719475313306 54.62015312172643 -119.0315080509857
    vertex 10 50 -116.2852614916656
  endloop
endfacet
facet normal 0.981756 0.190147 -0
  outer loop
    vertex 10 50 -99.80778213574445
    vertex 9.276882801358425 53.73355668094918 -97.15634479858895
    vertex 10 50 -94.31528901710411
  endloop
endfacet
facet normal 0.973746 0.227636 -0
  outer loop
    vertex 10 50 -88.82279589846374
    vertex 8.963634476630745 54.43319940554862 -86.30068466931307
    vertex 10 50 -83.33030277982337
  endloop
endfacet
facet normal 0.967713 0.252055 -0
  outer loop
    vertex 10 50 -77.837809661183
    vertex 8.729362913314667 54.8783422519998 -74.83077000866425
    vertex 10 50 -72.34531654254263
  endloop
endfacet
facet normal 0.972743 0.231888 -0
  outer loop
    vertex 10 50 -55.86783718662147
    vertex 8.924562655485882 54.51133920341918 -53.3337594047197
    vertex 10 50 -50.3753440679811
  endloop
endfacet
facet normal 0.973158 0.23014 -0
  outer loop
    vertex 10 50 -110.7927683730252
    vertex 8.940716034495084 54.4792406488737 -107.8349627435007
    vertex 10 50 -105.3002752543848
  endloop
endfacet
facet normal -0.973052 0.230184 -0.0135862
  outer loop
    vertex -9.011845333861126 54.33435620116361 -113.6228582670973
    vertex -8.868719475302584 54.62015312174702 -119.0315080509859
    vertex -10 50 -116.2852614916657
  endloop
endfacet
facet normal -0.961631 0.268618 -0.0557785
  outer loop
    vertex -10 50 -121.7777546103061
    vertex -8.868719475302584 54.62015312174702 -119.0315080509859
    vertex -8.260912153524858 55.63536426433512 -124.6211566650418
  endloop
endfacet
facet normal -0.974983 0.222279 0
  outer loop
    vertex -10 50 -110.7927683730253
    vertex -9.011845333861126 54.33435620116361 -113.6228582670973
    vertex -10 50 -116.2852614916657
  endloop
endfacet
facet normal -0.973932 0.22684 0
  outer loop
    vertex -10 50 -143.7477270848676
    vertex -8.970876005372732 54.41852732210945 -146.4783107600707
    vertex -10 50 -149.2402202035079
  endloop
endfacet
facet normal -0.971306 0.237832 0
  outer loop
    vertex -10 50 -77.83780966118303
    vertex -8.868719475333288 54.62015312168808 -80.58405622050321
    vertex -10 50 -83.33030277982341
  endloop
endfacet
facet normal -0.963314 0.268378 0
  outer loop
    vertex -10 50 -55.8678371866215
    vertex -8.559463171545701 55.1706469822405 -58.57442052955338
    vertex -10 50 -61.36033030526188
  endloop
endfacet
facet normal -0.969921 0.24342 0
  outer loop
    vertex -10 50 -132.7627408475868
    vertex -8.814930535049513 54.72196989213736 -135.778858665891
    vertex -10 50 -138.2552339662272
  endloop
endfacet
facet normal -0.955534 0.29488 0
  outer loop
    vertex -10 50 -121.7777546103061
    vertex -8.260912153524858 55.63536426433512 -124.6211566650418
    vertex -10 50 -127.2702477289464
  endloop
endfacet
facet normal -0.975493 0.220032 0
  outer loop
    vertex -10 50 -99.80778213574456
    vertex -9.031722324644907 54.2927836948198 -102.7855485151955
    vertex -10 50 -105.300275254385
  endloop
endfacet
facet normal -0.0522402 0.996298 -0.0682697
  outer loop
    vertex -0.885157711196137 59.96074775437617 -153.1781188774526
    vertex 1.960067970161421 59.8060253697585 -157.6132474867772
    vertex -3.118729331876782 59.50123820112366 -158.1748667472135
  endloop
endfacet
facet normal -0.0668012 0.99573 0.0637154
  outer loop
    vertex 1.960067970161421 59.8060253697585 -157.6132474867772
    vertex 0.0774908645445917 59.99969975378822 -162.6136946402392
    vertex -3.118729331876782 59.50123820112366 -158.1748667472135
  endloop
endfacet
facet normal -0.363561 0.928371 0.077139
  outer loop
    vertex -0.885157711196137 59.96074775437617 -153.1781188774526
    vertex -3.118729331876782 59.50123820112366 -158.1748667472135
    vertex -5.988596721172367 58.00853977396402 -153.7360388544455
  endloop
endfacet
facet normal -0.348519 0.933899 -0.0797921
  outer loop
    vertex -0.885157711196137 59.96074775437617 -153.1781188774526
    vertex -5.988596721172367 58.00853977396402 -153.7360388544455
    vertex -3.280093784139698 59.44674466508162 -148.7333843405066
  endloop
endfacet
facet normal -0.105184 0.992752 0.0581294
  outer loop
    vertex 1.35720282932612 59.90747195202032 -148.2107697449682
    vertex -0.885157711196137 59.96074775437617 -153.1781188774526
    vertex -3.280093784139698 59.44674466508162 -148.7333843405066
  endloop
endfacet
facet normal -0.0932401 0.994421 -0.0493198
  outer loop
    vertex 1.35720282932612 59.90747195202032 -148.2107697449682
    vertex -3.280093784139698 59.44674466508162 -148.7333843405066
    vertex -1.839590157113504 59.82933914634403 -143.7425431606678
  endloop
endfacet
facet normal 0.384158 0.921074 -0.0636094
  outer loop
    vertex 3.042630512330663 59.52588051391757 -143.5574202360922
    vertex 5.968938268618409 58.02320234977422 -147.6434867607063
    vertex 1.35720282932612 59.90747195202032 -148.2107697449682
  endloop
endfacet
facet normal 0.0596536 0.996408 0.0601027
  outer loop
    vertex 3.042630512330663 59.52588051391757 -143.5574202360922
    vertex 1.35720282932612 59.90747195202032 -148.2107697449682
    vertex -1.839590157113504 59.82933914634403 -143.7425431606678
  endloop
endfacet
facet normal 0.0642372 0.996046 -0.0613744
  outer loop
    vertex 0.4350543770335223 59.99053190220741 -138.7457953753605
    vertex 3.042630512330663 59.52588051391757 -143.5574202360922
    vertex -1.839590157113504 59.82933914634403 -143.7425431606678
  endloop
endfacet
facet normal -0.238063 0.968182 0.077139
  outer loop
    vertex 0.4350543770335223 59.99053190220741 -138.7457953753605
    vertex -1.839590157113504 59.82933914634403 -143.7425431606678
    vertex -4.881122245921294 58.72780875250898 -139.3037153159039
  endloop
endfacet
facet normal -0.223066 0.971966 -0.0743201
  outer loop
    vertex 0.4350543770335223 59.99053190220741 -138.7457953753605
    vertex -4.881122245921294 58.72780875250898 -139.3037153159039
    vertex -2.458152025914585 59.69316710974757 -133.9510188337333
  endloop
endfacet
facet normal -0.00590108 0.998156 -0.0604183
  outer loop
    vertex -0.5151151379344624 59.98672400713421 -129.2910124740995
    vertex 2.285430211388453 59.73533814250295 -133.7176292627687
    vertex -2.458152025914585 59.69316710974757 -133.9510188337333
  endloop
endfacet
facet normal -0.0115789 0.998423 0.0549339
  outer loop
    vertex 2.285430211388453 59.73533814250295 -133.7176292627687
    vertex 0.4350543770335223 59.99053190220741 -138.7457953753605
    vertex -2.458152025914585 59.69316710974757 -133.9510188337333
  endloop
endfacet
facet normal -0.339584 0.936944 0.0825703
  outer loop
    vertex -0.5151151379344624 59.98672400713421 -129.2910124740995
    vertex -2.458152025914585 59.69316710974757 -133.9510188337333
    vertex -5.895361455885808 58.07741996583414 -129.7528610912069
  endloop
endfacet
facet normal -0.326517 0.941168 -0.0871182
  outer loop
    vertex -0.5151151379344624 59.98672400713421 -129.2910124740995
    vertex -5.895361455885808 58.07741996583414 -129.7528610912069
    vertex -3.688528175071967 59.29487815421484 -124.8713931824773
  endloop
endfacet
facet normal -0.0822172 0.991956 0.0962462
  outer loop
    vertex 2.283883624044162 59.73570108373418 -124.3128441991666
    vertex -0.5151151379344624 59.98672400713421 -129.2910124740995
    vertex -3.688528175071967 59.29487815421484 -124.8713931824773
  endloop
endfacet
facet normal -0.0649862 0.993864 -0.0895065
  outer loop
    vertex 2.283883624044162 59.73570108373418 -124.3128441991666
    vertex -3.688528175071967 59.29487815421484 -124.8713931824773
    vertex -1.486892458394074 59.88883971035889 -119.8746471217392
  endloop
endfacet
facet normal 0.178164 0.976941 0.117662
  outer loop
    vertex 5.023664845945083 58.64654795369896 -119.4182404444587
    vertex 2.283883624044162 59.73570108373418 -124.3128441991666
    vertex -1.486892458394074 59.88883971035889 -119.8746471217392
  endloop
endfacet
facet normal 0.194088 0.973882 -0.117828
  outer loop
    vertex 5.023664845945083 58.64654795369896 -119.4182404444587
    vertex -1.486892458394074 59.88883971035889 -119.8746471217392
    vertex 1.301425960878165 59.91495287272473 -115.0658508973187
  endloop
endfacet
facet normal 0.378588 0.923926 -0.0550612
  outer loop
    vertex 2.716408416641335 59.6239869759887 -110.2191639850621
    vertex 5.90377130510383 58.07127526336654 -114.3580637825244
    vertex 1.301425960878165 59.91495287272473 -115.0658508973187
  endloop
endfacet
facet normal 0.36596 0.92968 0.0420412
  outer loop
    vertex 5.90377130510383 58.07127526336654 -114.3580637825244
    vertex 5.023664845945083 58.64654795369896 -119.4182404444587
    vertex 1.301425960878165 59.91495287272473 -115.0658508973187
  endloop
endfacet
facet normal 0.033426 0.997755 -0.0580303
  outer loop
    vertex 2.716408416641335 59.6239869759887 -110.2191639850621
    vertex -2.134841951479588 59.76946517687651 -110.5122188059412
    vertex -0.1709066371968954 59.99853943940624 -105.4423433742775
  endloop
endfacet
facet normal 0.0267884 0.998282 0.05211
  outer loop
    vertex 2.716408416641335 59.6239869759887 -110.2191639850621
    vertex 1.301425960878165 59.91495287272473 -115.0658508973187
    vertex -2.134841951479588 59.76946517687651 -110.5122188059412
  endloop
endfacet
facet normal 0.248642 0.965721 0.0745673
  outer loop
    vertex 5.110030924564501 58.59578873344351 -104.8844225008612
    vertex 2.716408416641335 59.6239869759887 -110.2191639850621
    vertex -0.1709066371968954 59.99853943940624 -105.4423433742775
  endloop
endfacet
facet normal 0.263562 0.961553 -0.0771387
  outer loop
    vertex 2.098665221993535 59.77730046004493 -100.4456170961863
    vertex 5.110030924564501 58.59578873344351 -104.8844225008612
    vertex -0.1709066371968954 59.99853943940624 -105.4423433742775
  endloop
endfacet
facet normal -0.024746 0.998254 -0.0536331
  outer loop
    vertex -1.132284453627178 59.93568980574948 -96.00683114481919
    vertex 2.098665221993535 59.77730046004493 -100.4456170961863
    vertex -2.618236206601387 59.65115740035575 -100.6171258118476
  endloop
endfacet
facet normal -0.0287696 0.997945 0.0572533
  outer loop
    vertex 2.098665221993535 59.77730046004493 -100.4456170961863
    vertex -0.1709066371968954 59.99853943940624 -105.4423433742775
    vertex -2.618236206601387 59.65115740035575 -100.6171258118476
  endloop
endfacet
facet normal -0.36898 0.927388 0.061691
  outer loop
    vertex -1.132284453627178 59.93568980574948 -96.00683114481919
    vertex -2.618236206601387 59.65115740035575 -100.6171258118476
    vertex -5.920679895235684 58.05888016899073 -96.43297814322544
  endloop
endfacet
facet normal -0.358941 0.930963 -0.0668529
  outer loop
    vertex -1.132284453627178 59.93568980574948 -96.00683114481919
    vertex -5.920679895235684 58.05888016899073 -96.43297814322544
    vertex -4.244697781615892 59.05442106060598 -91.5680706074935
  endloop
endfacet
facet normal -0.168248 0.982722 0.0771353
  outer loop
    vertex 1.14797939387112 59.93388862989953 -91.01015825431632
    vertex -1.132284453627178 59.93568980574948 -96.00683114481919
    vertex -4.244697781615892 59.05442106060598 -91.5680706074935
  endloop
endfacet
facet normal -0.152372 0.985077 -0.0800347
  outer loop
    vertex 1.14797939387112 59.93388862989953 -91.01015825431632
    vertex -4.244697781615892 59.05442106060598 -91.5680706074935
    vertex -1.771821205982944 59.84178081517919 -86.58505604530515
  endloop
endfacet
facet normal 0.387172 0.919679 -0.0654834
  outer loop
    vertex 2.752710432694256 59.61366658844253 -86.01950080499063
    vertex 6.197917401416823 57.84766333918667 -90.45221197138073
    vertex 1.14797939387112 59.93388862989953 -91.01015825431632
  endloop
endfacet
facet normal 0.0440743 0.997784 0.0498501
  outer loop
    vertex 2.752710432694256 59.61366658844253 -86.01950080499063
    vertex 1.14797939387112 59.93388862989953 -91.01015825431632
    vertex -1.771821205982944 59.84178081517919 -86.58505604530515
  endloop
endfacet
facet normal 0.0569378 0.996949 -0.0533967
  outer loop
    vertex 2.752710432694256 59.61366658844253 -86.01950080499063
    vertex -1.771821205982944 59.84178081517919 -86.58505604530515
    vertex 0.1868135755653433 59.99825488212741 -81.57506335896798
  endloop
endfacet
facet normal 0.96286 0.270001 -0
  outer loop
    vertex 10 50 -50.3753440679811
    vertex 8.541987252706731 55.19946668174686 -47.64599555475152
    vertex 10 50 -44.88285094934076
  endloop
endfacet
facet normal 0.445844 0.892508 0.0682097
  outer loop
    vertex 1.869531839158007 59.82368824334193 -277.9177984522497
    vertex 6.597577052912866 57.51478389781619 -278.6105465960577
    vertex 3.745733263427625 59.27197294642579 -282.9622694746457
  endloop
endfacet
facet normal 0.297757 0.951521 -0.0771296
  outer loop
    vertex 2.446604102324536 59.69608830232526 -76.5789136520179
    vertex 5.413707729648783 58.40783971171793 -81.01713798888498
    vertex 0.1868135755653433 59.99825488212741 -81.57506335896798
  endloop
endfacet
facet normal 0.282308 0.95596 0.0802625
  outer loop
    vertex 5.413707729648783 58.40783971171793 -81.01713798888498
    vertex 2.752710432694256 59.61366658844253 -86.01950080499063
    vertex 0.1868135755653433 59.99825488212741 -81.57506335896798
  endloop
endfacet
facet normal 0.0100235 0.998473 -0.0543157
  outer loop
    vertex 2.446604102324536 59.69608830232526 -76.5789136520179
    vertex -2.37203066000087 59.71460089494241 -77.12783749065053
    vertex -0.775854418647374 59.96985706623045 -72.14096382387224
  endloop
endfacet
facet normal -0.00320721 0.998082 0.0618146
  outer loop
    vertex 2.446604102324536 59.69608830232526 -76.5789136520179
    vertex 0.1868135755653433 59.99825488212741 -81.57506335896798
    vertex -2.37203066000087 59.71460089494241 -77.12783749065053
  endloop
endfacet
facet normal 0.20479 0.975764 -0.0771133
  outer loop
    vertex 1.501886224323663 59.88657361117525 -67.14579759845893
    vertex 4.578832927512804 58.89012311624111 -71.58305463794741
    vertex -0.775854418647374 59.96985706623045 -72.14096382387224
  endloop
endfacet
facet normal 0.18935 0.978878 0.0771046
  outer loop
    vertex 4.578832927512804 58.89012311624111 -71.58305463794741
    vertex 2.446604102324536 59.69608830232526 -76.5789136520179
    vertex -0.775854418647374 59.96985706623045 -72.14096382387224
  endloop
endfacet
facet normal -0.132918 0.988125 0.0770839
  outer loop
    vertex 1.501886224323663 59.88657361117525 -67.14579759845893
    vertex -0.775854418647374 59.96985706623045 -72.14096382387224
    vertex -3.916293221399094 59.20123075485142 -67.70321868589224
  endloop
endfacet
facet normal -0.438455 0.896994 0.0562089
  outer loop
    vertex -3.916293221399094 59.20123075485142 -67.70321868589224
    vertex -6.319143711122301 57.75038210401161 -63.29356287106813
    vertex -2.100415048464242 59.77692470177534 -62.72560318048033
  endloop
endfacet
facet normal -0.117921 0.990443 -0.0715325
  outer loop
    vertex 1.501886224323663 59.88657361117525 -67.14579759845893
    vertex -3.916293221399094 59.20123075485142 -67.70321868589224
    vertex -2.100415048464242 59.77692470177534 -62.72560318048033
  endloop
endfacet
facet normal 0.0574923 0.995763 -0.0717667
  outer loop
    vertex 3.061732322810028 59.51975814731973 -62.15839244535996
    vertex -2.100415048464242 59.77692470177534 -62.72560318048033
    vertex 0.544890397876088 59.98514368721364 -57.71741282371198
  endloop
endfacet
facet normal 0.0431039 0.997275 0.0598669
  outer loop
    vertex 3.061732322810028 59.51975814731973 -62.15839244535996
    vertex 1.501886224323663 59.88657361117525 -67.14579759845893
    vertex -2.100415048464242 59.77692470177534 -62.72560318048033
  endloop
endfacet
facet normal 0.373743 0.927328 0.0194811
  outer loop
    vertex 1.822540910701448 59.83251466456163 -305.981028604232
    vertex 1.348020808692148 59.90872544272637 -300.5051428447244
    vertex 5.726581298624328 58.19794282916428 -303.0717551772067
  endloop
endfacet
facet normal -0.970594 0.240722 0
  outer loop
    vertex -10 50 -281.0600550508768
    vertex -8.84105571970187 54.67287211050408 -283.9794593481055
    vertex -10 50 -286.5525481695172
  endloop
endfacet
facet normal -0.950514 0.310681 0
  outer loop
    vertex -10 50 -259.0900825763154
    vertex -8.069546444486701 55.90613411465335 -262.0890126955535
    vertex -10 50 -264.5825756949557
  endloop
endfacet
facet normal 0.973767 0.227546 -0
  outer loop
    vertex 10 50 -270.0750688135961
    vertex 8.964460819028741 54.43152820414116 -267.2506319348769
    vertex 10 50 -264.5825756949557
  endloop
endfacet
facet normal -0.974675 0.223626 0
  outer loop
    vertex -10 50 -248.1050963390346
    vertex -8.999832674049973 54.35924441148951 -250.7140358643076
    vertex -10 50 -253.597589457675
  endloop
endfacet
facet normal 0.974337 0.225094 -0
  outer loop
    vertex 10 50 -259.0900825763154
    vertex 8.98665208617212 54.38635204721398 -256.2655074724403
    vertex 10 50 -253.597589457675
  endloop
endfacet
facet normal -0.97676 0.214336 0
  outer loop
    vertex -10 50 -237.1201101017539
    vertex -9.081203750312349 54.18709188403037 -239.9390013496508
    vertex -10 50 -242.6126032203943
  endloop
endfacet
facet normal -0.971376 0.237548 0
  outer loop
    vertex -10 50 -226.1351238644732
    vertex -8.871418312579616 54.6149688106451 -228.8912040102838
    vertex -10 50 -231.6276169831135
  endloop
endfacet
facet normal 0.971376 0.237548 -0
  outer loop
    vertex 10 50 -248.1050963390346
    vertex 8.871418312579531 54.61496881064527 -245.3686833662045
    vertex 10 50 -242.6126032203942
  endloop
endfacet
facet normal 0.978393 0.206752 -0
  outer loop
    vertex 10 50 -237.1201101017538
    vertex 9.145074760818044 54.04569000530797 -234.2768025881467
    vertex 10 50 -231.6276169831134
  endloop
endfacet
facet normal -0.971376 0.237548 0
  outer loop
    vertex -10 50 -215.1501376271924
    vertex -8.871418312579612 54.61496881064511 -217.8865506000222
    vertex -10 50 -220.6426307458328
  endloop
endfacet
facet normal 0.97338 0.229195 -0
  outer loop
    vertex 10 50 -226.1351238644731
    vertex 8.949391019179004 54.46188305380567 -223.5186412200088
    vertex 10 50 -220.6426307458327
  endloop
endfacet
facet normal -0.972171 0.234272 0
  outer loop
    vertex -10 50 -204.1651513899117
    vertex -8.902335941958116 54.55504278536664 -206.9482045068009
    vertex -10 50 -209.6576445085521
  endloop
endfacet
facet normal 0.950215 0.311596 -0
  outer loop
    vertex 10 50 -215.1501376271923
    vertex 8.058157862497833 55.92166293055121 -212.1132166816984
    vertex 10 50 -209.6576445085519
  endloop
endfacet
facet normal 0.972838 0.231488 -0
  outer loop
    vertex 10 50 -193.1801651526308
    vertex 8.928262365105912 54.50401278193495 -190.3812872985033
    vertex 10 50 -187.6876720339904
  endloop
endfacet
facet normal -0.971376 0.237548 0
  outer loop
    vertex -10 50 -171.2101926780694
    vertex -8.871418312579609 54.61496881064512 -173.9466056508992
    vertex -10 50 -176.7026857967099
  endloop
endfacet
facet normal 0.971376 0.237548 -0
  outer loop
    vertex 10 50 -160.2252064407885
    vertex 8.871418312579538 54.61496881064525 -157.4691262949782
    vertex 10 50 -154.7327133221481
  endloop
endfacet
facet normal -0.962749 0.270398 0
  outer loop
    vertex -10 50 -138.2552339662272
    vertex -8.537698077034996 55.20650665469592 -140.9634482479047
    vertex -10 50 -143.7477270848676
  endloop
endfacet
facet normal 0.971376 0.237548 -0
  outer loop
    vertex 10 50 -138.255233966227
    vertex 8.871418312579534 54.61496881064526 -135.518820993397
    vertex 10 50 -132.7627408475867
  endloop
endfacet
facet normal 0.971376 0.237548 -0
  outer loop
    vertex 10 50 -105.3002752543848
    vertex 8.871418312579545 54.61496881064524 -102.5638622815548
    vertex 10 50 -99.80778213574445
  endloop
endfacet
facet normal -0.971376 0.237548 0
  outer loop
    vertex -10 50 -83.33030277982341
    vertex -8.871418312579532 54.61496881064526 -86.06671575265355
    vertex -10 50 -88.8227958984638
  endloop
endfacet
facet normal -0.971376 0.237548 0
  outer loop
    vertex -10 50 -105.300275254385
    vertex -8.871418312579546 54.61496881064523 -108.0563554001953
    vertex -10 50 -110.7927683730253
  endloop
endfacet
facet normal -0.971376 0.237548 0
  outer loop
    vertex -10 50 -50.37534406798112
    vertex -8.871418312579584 54.61496881064516 -53.11175704081097
    vertex -10 50 -55.8678371866215
  endloop
endfacet
facet normal -0.971376 0.237548 0
  outer loop
    vertex -10 50 -72.34531654254265
    vertex -8.871418312579596 54.61496881064514 -75.08172951537243
    vertex -10 50 -77.83780966118303
  endloop
endfacet
facet normal 0.966841 0.253051 0.0344174
  outer loop
    vertex 8.924562655485882 54.51133920341918 -53.3337594047197
    vertex 8.541987252706731 55.19946668174686 -47.64599555475152
    vertex 10 50 -50.3753440679811
  endloop
endfacet
facet normal 0.3159 0.945417 0.0799569
  outer loop
    vertex 5.703067566737411 58.21431800755411 -57.1583452425038
    vertex 3.061732322810028 59.51975814731973 -62.15839244535996
    vertex 0.544890397876088 59.98514368721364 -57.71741282371198
  endloop
endfacet
facet normal 0.330705 0.941114 -0.0702747
  outer loop
    vertex 2.38080480329786 59.71245429788958 -52.72962658873577
    vertex 5.703067566737411 58.21431800755411 -57.1583452425038
    vertex 0.544890397876088 59.98514368721364 -57.71741282371198
  endloop
endfacet
facet normal -0.739657 0.672978 0.00287921
  outer loop
    vertex -8.869458840632623 54.61873357905863 -300.2877277130262
    vertex -8.897230418220825 54.56500721632355 -294.8642882814711
    vertex -5.405722521844065 58.41297593107385 -297.3238161999238
  endloop
endfacet
facet normal -0.726101 0.682433 0.0840359
  outer loop
    vertex -4.876289871033234 58.73050955521261 -287.1067914140571
    vertex -6.548732823796419 57.55738700891594 -292.0306942520715
    vertex -8.720781564084421 54.89366620352526 -289.1666181474159
  endloop
endfacet
facet normal 0.761473 0.647661 -0.0263498
  outer loop
    vertex 9.116757740883681 54.10910310092574 -140.8626909762969
    vertex 5.73323371354009 58.19329184064179 -138.2552255021731
    vertex 8.871418312579534 54.61496881064526 -135.518820993397
  endloop
endfacet
facet normal -0.227616 0.970469 0.079878
  outer loop
    vertex -2.100415048464242 59.77692470177534 -62.72560318048033
    vertex -4.77985202001391 58.78367887998924 -58.29344810526985
    vertex 0.544890397876088 59.98514368721364 -57.71741282371198
  endloop
endfacet
facet normal -0.0214007 0.99782 0.0624294
  outer loop
    vertex 2.38080480329786 59.71245429788958 -52.72962658873577
    vertex 0.544890397876088 59.98514368721364 -57.71741282371198
    vertex -2.66188710147209 59.63920935860492 -53.28756448804533
  endloop
endfacet
facet normal 0.189945 0.978907 -0.0752458
  outer loop
    vertex 1.35720282932612 59.90747195202032 -148.2107697449682
    vertex 4.396395365591275 58.98174302623981 -152.5821014194815
    vertex -0.885157711196137 59.96074775437617 -153.1781188774526
  endloop
endfacet
facet normal 0.145176 0.987209 -0.0658963
  outer loop
    vertex 1.14797939387112 59.93388862989953 -91.01015825431632
    vertex 3.80323957886351 59.24853332727768 -95.42782759800272
    vertex -1.132284453627178 59.93568980574948 -96.00683114481919
  endloop
endfacet
facet normal 0.752688 0.658369 0.00341044
  outer loop
    vertex 5.726581298624328 58.19794282916428 -303.0717551772067
    vertex 8.904998390154354 54.54983556530875 -300.3026517630534
    vertex 8.869307546074618 54.61902410181457 -305.7821557502305
  endloop
endfacet
facet normal -0.227074 0.971599 -0.0665865
  outer loop
    vertex 0.3601013414676222 59.99351424794467 -201.2488307145653
    vertex -4.690055292732335 58.83195229556373 -200.9757055086528
    vertex -1.799870738491018 59.83668975442063 -196.1711856049029
  endloop
endfacet
facet normal 0.236764 0.968487 0.0773061
  outer loop
    vertex -0.4619192993368446 59.98932583115098 -272.8524124909615
    vertex 4.839858496432256 58.75075823769075 -273.5733437916271
    vertex 1.869531839158007 59.82368824334193 -277.9177984522497
  endloop
endfacet
facet normal -0.968966 0.246903 -0.0119578
  outer loop
    vertex -10 50 -286.5525481695172
    vertex -8.84105571970187 54.67287211050408 -283.9794593481055
    vertex -8.720781564084421 54.89366620352526 -289.1666181474159
  endloop
endfacet
facet normal 0.740308 0.672252 -0.00450601
  outer loop
    vertex 8.964460819028741 54.43152820414116 -267.2506319348769
    vertex 5.317585875302188 58.46895982153574 -264.0634844407671
    vertex 8.924330318243245 54.51179879547885 -261.8682331275538
  endloop
endfacet
facet normal -0.958221 0.277002 -0.0712885
  outer loop
    vertex -8.868719475302635 54.62015312174692 -256.3438360169952
    vertex -8.069546444486701 55.90613411465335 -262.0890126955535
    vertex -10 50 -259.0900825763154
  endloop
endfacet
facet normal 0.973247 0.22973 0.00383032
  outer loop
    vertex 10 50 -264.5825756949557
    vertex 8.964460819028741 54.43152820414116 -267.2506319348769
    vertex 8.924330318243245 54.51179879547885 -261.8682331275538
  endloop
endfacet
facet normal -0.972854 0.23111 -0.0119463
  outer loop
    vertex -10 50 -253.597589457675
    vertex -8.999832674049973 54.35924441148951 -250.7140358643076
    vertex -8.868719475302635 54.62015312174692 -256.3438360169952
  endloop
endfacet
facet normal 0.962101 0.263943 0.0685198
  outer loop
    vertex 10 50 -253.597589457675
    vertex 8.98665208617212 54.38635204721398 -256.2655074724403
    vertex 8.201405874869659 55.7216205462835 -250.3832473715527
  endloop
endfacet
facet normal -0.974723 0.222964 -0.0142131
  outer loop
    vertex -10 50 -242.6126032203943
    vertex -9.081203750312349 54.18709188403037 -239.9390013496508
    vertex -8.927386696656441 54.50574819185023 -245.4888293384889
  endloop
endfacet
facet normal -0.971341 0.23769 -0.000253387
  outer loop
    vertex -10 50 -231.6276169831135
    vertex -8.871418312579616 54.6149688106451 -228.8912040102838
    vertex -8.868719475300624 54.62015312175077 -234.3738635424337
  endloop
endfacet
facet normal 0.959177 0.27462 -0.0675535
  outer loop
    vertex 8.201405874869659 55.7216205462835 -250.3832473715527
    vertex 8.871418312579531 54.61496881064527 -245.3686833662045
    vertex 10 50 -248.1050963390346
  endloop
endfacet
facet normal 0.974355 0.223604 -0.0251927
  outer loop
    vertex 8.868719475313307 54.62015312172643 -239.866356661074
    vertex 9.145074760818044 54.04569000530797 -234.2768025881467
    vertex 10 50 -237.1201101017538
  endloop
endfacet
facet normal -0.965088 0.259032 0.0388258
  outer loop
    vertex -8.468530955054634 55.31826884082419 -212.5641963102861
    vertex -8.871418312579612 54.61496881064511 -217.8865506000222
    vertex -10 50 -215.1501376271924
  endloop
endfacet
facet normal 0.972283 0.233689 0.00737242
  outer loop
    vertex 10 50 -220.6426307458327
    vertex 8.949391019179004 54.46188305380567 -223.5186412200088
    vertex 8.868719475313306 54.62015312172643 -217.8963841865125
  endloop
endfacet
facet normal -0.965759 0.256375 -0.0397577
  outer loop
    vertex -10 50 -209.6576445085521
    vertex -8.902335941958116 54.55504278536664 -206.9482045068009
    vertex -8.468530955054634 55.31826884082419 -212.5641963102861
  endloop
endfacet
facet normal 0.958086 0.277317 0.0718736
  outer loop
    vertex 8.868719475313306 54.62015312172643 -217.8963841865125
    vertex 8.058157862497833 55.92166293055121 -212.1132166816984
    vertex 10 50 -215.1501376271923
  endloop
endfacet
facet normal 0.975369 0.21967 0.0199881
  outer loop
    vertex 9.139108479840859 54.05914968850631 -195.7809921984695
    vertex 8.928262365105912 54.50401278193495 -190.3812872985033
    vertex 10 50 -193.1801651526308
  endloop
endfacet
facet normal -0.96354 0.263426 0.0468748
  outer loop
    vertex -8.346634363334879 55.50760336306068 -168.1757593920752
    vertex -8.871418312579609 54.61496881064512 -173.9466056508992
    vertex -10 50 -171.2101926780694
  endloop
endfacet
facet normal -0.971341 0.23769 0.000253387
  outer loop
    vertex -8.868719475302569 54.62015312174704 -47.62909750866093
    vertex -8.871418312579584 54.61496881064516 -53.11175704081097
    vertex -10 50 -50.37534406798112
  endloop
endfacet
facet normal -0.960799 0.270637 0.0601672
  outer loop
    vertex -8.154866243919249 55.78775919884254 -68.9145541242094
    vertex -8.871418312579596 54.61496881064514 -75.08172951537243
    vertex -10 50 -72.34531654254265
  endloop
endfacet
facet normal 0.964901 0.259578 0.0398244
  outer loop
    vertex 10 50 -154.7327133221481
    vertex 8.871418312579538 54.61496881064525 -157.4691262949782
    vertex 8.454257737898059 55.34092932935746 -152.0936576972203
  endloop
endfacet
facet normal 0.974233 0.224317 0.023493
  outer loop
    vertex 9.116757740883681 54.10910310092574 -140.8626909762969
    vertex 8.871418312579534 54.61496881064526 -135.518820993397
    vertex 10 50 -138.255233966227
  endloop
endfacet
facet normal 0.972272 0.233757 0.00676306
  outer loop
    vertex 8.940716034495084 54.4792406488737 -107.8349627435007
    vertex 8.871418312579545 54.61496881064524 -102.5638622815548
    vertex 10 50 -105.3002752543848
  endloop
endfacet
facet normal -0.973038 0.230283 0.0129382
  outer loop
    vertex -10 50 -110.7927683730253
    vertex -8.871418312579546 54.61496881064523 -108.0563554001953
    vertex -9.011845333861126 54.33435620116361 -113.6228582670973
  endloop
endfacet
facet normal -0.967364 0.250176 0.040238
  outer loop
    vertex -10 50 -143.7477270848676
    vertex -8.537698077034996 55.20650665469592 -140.9634482479047
    vertex -8.970876005372732 54.41852732210945 -146.4783107600707
  endloop
endfacet
facet normal -0.971341 0.23769 0.000253387
  outer loop
    vertex -8.868719475333288 54.62015312168808 -80.58405622050321
    vertex -8.871418312579532 54.61496881064526 -86.06671575265355
    vertex -10 50 -83.33030277982341
  endloop
endfacet
facet normal 0.481789 0.875062 0.0463259
  outer loop
    vertex 2.765337099616784 59.6100421812541 -182.4217854125125
    vertex 6.627335199896924 57.48855314117534 -182.5131431245877
    vertex 5.202999193800351 58.53983602824509 -187.5580294442451
  endloop
endfacet
facet normal -0.00702615 0.997696 -0.0674725
  outer loop
    vertex 2.38080480329786 59.71245429788958 -52.72962658873577
    vertex -2.66188710147209 59.63920935860492 -53.28756448804533
    vertex -0.4083020653963069 59.99166099421878 -48.31064001962595
  endloop
endfacet
facet normal 0.761828 0.646866 -0.0343797
  outer loop
    vertex 8.571613679092071 55.15047948606745 -283.7030498601719
    vertex 9.011541754495017 54.3349873364282 -289.298348917734
    vertex 5.883062663657443 58.08638199045035 -288.0392672665271
  endloop
endfacet
facet normal 0.370994 0.926583 0.0617104
  outer loop
    vertex 5.968938268618409 58.02320234977422 -147.6434867607063
    vertex 4.396395365591275 58.98174302623981 -152.5821014194815
    vertex 1.35720282932612 59.90747195202032 -148.2107697449682
  endloop
endfacet
facet normal 0.372938 0.924335 0.0807552
  outer loop
    vertex 6.197917401416823 57.84766333918667 -90.45221197138073
    vertex 3.80323957886351 59.24853332727768 -95.42782759800272
    vertex 1.14797939387112 59.93388862989953 -91.01015825431632
  endloop
endfacet
facet normal -0.432672 0.898644 0.0723485
  outer loop
    vertex -1.799870738491018 59.83668975442063 -196.1711856049029
    vertex -4.690055292732335 58.83195229556373 -200.9757055086528
    vertex -6.65880066951496 57.46058802264722 -195.7157790866788
  endloop
endfacet
facet normal 0.429268 0.900372 -0.0711318
  outer loop
    vertex 1.869531839158007 59.82368824334193 -277.9177984522497
    vertex 4.839858496432256 58.75075823769075 -273.5733437916271
    vertex 6.597577052912866 57.51478389781619 -278.6105465960577
  endloop
endfacet
facet normal 0.238456 0.968359 -0.0736247
  outer loop
    vertex 4.869157250660456 58.73448954824154 -47.75312747997623
    vertex -0.4083020653963069 59.99166099421878 -48.31064001962595
    vertex 2.05625005579099 59.78630858434678 -43.02937431351243
  endloop
endfacet
facet normal 0.223055 0.971567 0.0793972
  outer loop
    vertex 4.869157250660456 58.73448954824154 -47.75312747997623
    vertex 2.38080480329786 59.71245429788958 -52.72962658873577
    vertex -0.4083020653963069 59.99166099421878 -48.31064001962595
  endloop
endfacet
facet normal -0.426271 0.9029 -0.0553603
  outer loop
    vertex -6.319143711122301 57.75038210401161 -63.29356287106813
    vertex -4.77985202001391 58.78367887998924 -58.29344810526985
    vertex -2.100415048464242 59.77692470177534 -62.72560318048033
  endloop
endfacet
facet normal 0.432391 0.899876 0.0571091
  outer loop
    vertex 6.406811130948282 57.67807079495606 -42.74905198002793
    vertex 4.869157250660456 58.73448954824154 -47.75312747997623
    vertex 2.05625005579099 59.78630858434678 -43.02937431351243
  endloop
endfacet
facet normal 0.438438 0.896729 -0.0604098
  outer loop
    vertex 3.762595015169734 59.26514321269887 -38.38140571940792
    vertex 6.406811130948282 57.67807079495606 -42.74905198002793
    vertex 2.05625005579099 59.78630858434678 -43.02937431351243
  endloop
endfacet
facet normal -0.258062 0.963101 -0.0764158
  outer loop
    vertex -5.000000000000005 58.66025403784438 -325
    vertex -2.545614275196323 59.67056606212464 -320.5552564321594
    vertex -1.147908730933527e-14 60 -325
  endloop
endfacet
facet normal 0.387429 0.920995 -0.0408299
  outer loop
    vertex 5.202999193800351 58.53983602824509 -187.5580294442451
    vertex 6.076704021731198 57.94189323979339 -192.7553001741488
    vertex 1.580489656845929 59.87431275809122 -191.8298304815587
  endloop
endfacet
facet normal 0.285521 0.955778 -0.0704748
  outer loop
    vertex 1.960067970161421 59.8060253697585 -157.6132474867772
    vertex 5.294742797862352 58.48325991022818 -162.0424925917281
    vertex 0.0774908645445917 59.99969975378822 -162.6136946402392
  endloop
endfacet
facet normal 0.121515 0.990364 0.0664369
  outer loop
    vertex 3.762595015169734 59.26514321269887 -38.38140571940792
    vertex 2.05625005579099 59.78630858434678 -43.02937431351243
    vertex -1.277419225105362 59.9180744161017 -38.8962017164849
  endloop
endfacet
facet normal 0.224561 0.97272 0.0582038
  outer loop
    vertex -0.1838993605449367 59.99830890827 -248.9810248623545
    vertex 4.398959441740791 58.98048750513688 -249.6523904942084
    vertex 1.954598149523629 59.80711711329475 -254.0364835599999
  endloop
endfacet
facet normal -0.235427 0.970091 -0.0591391
  outer loop
    vertex 0.09427483506685568 59.99955560289922 -225.1094574525963
    vertex -4.521587851778337 58.91937460243994 -224.4529662474743
    vertex -2.042427874336899 59.78920264261251 -220.0539917894069
  endloop
endfacet
facet normal -0.278256 0.957791 -0.0721761
  outer loop
    vertex -0.1709066371968954 59.99853943940624 -105.4423433742775
    vertex -5.34611687081891 58.45097831044107 -106.0270961649322
    vertex -2.618236206601387 59.65115740035575 -100.6171258118476
  endloop
endfacet
facet normal -0.243055 0.966857 -0.0781808
  outer loop
    vertex 0.1868135755653433 59.99825488212741 -81.57506335896798
    vertex -5.040039456870043 58.63701350428452 -82.15975832311607
    vertex -2.37203066000087 59.71460089494241 -77.12783749065053
  endloop
endfacet
facet normal 0.135119 0.988408 -0.0692256
  outer loop
    vertex 0.8865797983049597 59.96062127887802 -34.0648964529918
    vertex 3.762595015169734 59.26514321269887 -38.38140571940792
    vertex -1.277419225105362 59.9180744161017 -38.8962017164849
  endloop
endfacet
facet normal 0.00254916 0.997411 -0.0718604
  outer loop
    vertex -2.545614275196323 59.67056606212464 -320.5552564321594
    vertex 0.6955195468798309 59.97578330558098 -316.2039128509761
    vertex 2.588190451025198 59.65925826289069 -320.5300912200665
  endloop
endfacet
facet normal 0.25807 0.963131 -0.0760096
  outer loop
    vertex -1.147908730933527e-14 60 -325
    vertex 2.588190451025198 59.65925826289069 -320.5300912200665
    vertex 4.999999999999992 58.66025403784439 -325
  endloop
endfacet
facet normal 0.252375 0.964831 0.0735342
  outer loop
    vertex 5.021463271338252 58.64767971091922 -24.49044855191334
    vertex 3.022615936183909 59.53225014895891 -29.23656809305405
    vertex 7.13915417668159e-14 60 -25
  endloop
endfacet
facet normal 0.766239 0.641217 0.0414434
  outer loop
    vertex 5.968938268618409 58.02320234977422 -147.6434867607063
    vertex 9.035483814670219 54.28486081860689 -146.5002266248302
    vertex 8.454257737898059 55.34092932935746 -152.0936576972203
  endloop
endfacet
facet normal -0.705061 0.705061 -0.0760096
  outer loop
    vertex -8.660254037844391 54.99999999999999 -325
    vertex -7.071067811865484 57.07106781186547 -320.5300912200665
    vertex -5.000000000000005 58.66025403784438 -325
  endloop
endfacet
facet normal -0.696634 0.714573 0.0639273
  outer loop
    vertex -5.021463271338182 58.64767971091929 -24.4904485519133
    vertex -7.675053042393411 56.41042594500924 -28.3995539909526
    vertex -8.649706950355702 55.01797607027477 -23.45596404783778
  endloop
endfacet
facet normal 0.774912 0.631059 0.0357283
  outer loop
    vertex 8.201405874869659 55.7216205462835 -250.3832473715527
    vertex 6.40868673172597 57.67650534908949 -246.0295209518226
    vertex 8.871418312579531 54.61496881064527 -245.3686833662045
  endloop
endfacet
facet normal -0.49627 0.864703 0.0774886
  outer loop
    vertex -7.071067811865484 57.07106781186547 -320.5300912200665
    vertex -2.545614275196323 59.67056606212464 -320.5552564321594
    vertex -5.000000000000005 58.66025403784438 -325
  endloop
endfacet
facet normal -0.155833 0.985891 0.0611172
  outer loop
    vertex 0.8865797983049597 59.96062127887802 -34.0648964529918
    vertex -1.277419225105362 59.9180744161017 -38.8962017164849
    vertex -3.765635839125922 59.26390774603733 -34.68804445998953
  endloop
endfacet
facet normal 0.964243 0.259956 0.0515523
  outer loop
    vertex 8.963634476630745 54.43319940554862 -86.30068466931307
    vertex 8.393414990706322 55.43604495877162 -80.69212223167774
    vertex 10 50 -83.33030277982337
  endloop
endfacet
facet normal 0.962691 0.268983 -0.0295839
  outer loop
    vertex 10 50 -77.837809661183
    vertex 8.393414990706322 55.43604495877162 -80.69212223167774
    vertex 8.729362913314667 54.8783422519998 -74.83077000866425
  endloop
endfacet
facet normal -0.293085 0.953487 0.0704516
  outer loop
    vertex -2.134841951479588 59.76946517687651 -110.5122188059412
    vertex -5.34611687081891 58.45097831044107 -106.0270961649322
    vertex -0.1709066371968954 59.99853943940624 -105.4423433742775
  endloop
endfacet
facet normal -0.258829 0.963303 0.0711018
  outer loop
    vertex -1.771821205982944 59.84178081517919 -86.58505604530515
    vertex -5.040039456870043 58.63701350428452 -82.15975832311607
    vertex 0.1868135755653433 59.99825488212741 -81.57506335896798
  endloop
endfacet
facet normal 0.208864 0.976422 -0.0545564
  outer loop
    vertex 2.76082224641749 59.61134020434644 -244.6331870426226
    vertex 4.398959441740791 58.98048750513688 -249.6523904942084
    vertex -0.1838993605449367 59.99830890827 -248.9810248623545
  endloop
endfacet
facet normal -0.219822 0.973884 0.056824
  outer loop
    vertex -2.798077889918127 59.60056040666123 -229.4602009912421
    vertex -4.521587851778337 58.91937460243994 -224.4529662474743
    vertex 0.09427483506685568 59.99955560289922 -225.1094574525963
  endloop
endfacet
facet normal 0.0376602 0.995831 -0.0830785
  outer loop
    vertex 3.022615936183909 59.53225014895891 -29.23656809305405
    vertex -2.37617487945638 59.71358805705906 -29.51025607004064
    vertex 7.13915417668159e-14 60 -25
  endloop
endfacet
facet normal -0.34592 0.93616 0.0628026
  outer loop
    vertex -2.37203066000087 59.71460089494241 -77.12783749065053
    vertex -5.802347472411613 58.1444928515776 -72.61756953922011
    vertex -0.775854418647374 59.96985706623045 -72.14096382387224
  endloop
endfacet
facet normal 0.303696 0.951313 -0.052663
  outer loop
    vertex 4.002987614370125 59.163846908324 -259.0919345509001
    vertex 5.317585875302188 58.46895982153574 -264.0634844407671
    vertex 0.7073327730288105 59.97495264892017 -263.4452995973889
  endloop
endfacet
facet normal 0.76614 0.641861 -0.0323172
  outer loop
    vertex 8.607370930565395 55.09049758507533 -173.8459331782728
    vertex 9.02186501466096 54.31346167911998 -179.4524958642439
    vertex 5.9731418775078 58.02007332330339 -178.1101716122715
  endloop
endfacet
facet normal -0.141666 0.988757 -0.0478555
  outer loop
    vertex 0.8865797983049597 59.96062127887802 -34.0648964529918
    vertex -3.765635839125922 59.26390774603733 -34.68804445998953
    vertex -2.37617487945638 59.71358805705906 -29.51025607004064
  endloop
endfacet
facet normal -0.335354 0.939543 0.0692563
  outer loop
    vertex -4.08497983723267 59.12759221971504 -214.9985260912568
    vertex -5.82105394415094 58.13113343755253 -209.8868395088739
    vertex -0.8412239498639401 59.96455429340295 -210.6459380498345
  endloop
endfacet
facet normal -0.739277 0.672096 -0.041915
  outer loop
    vertex -8.154866243919249 55.78775919884254 -68.9145541242094
    vertex -5.802347472411613 58.1444928515776 -72.61756953922011
    vertex -8.871418312579596 54.61496881064514 -75.08172951537243
  endloop
endfacet
facet normal -0.759934 0.647832 -0.053047
  outer loop
    vertex -8.927386696656441 54.50574819185023 -245.4888293384889
    vertex -6.403526015397421 57.68081080160997 -242.8696080129083
    vertex -5.397112978114269 58.41850173733251 -248.2781480704957
  endloop
endfacet
facet normal -0.730724 0.680785 0.0507386
  outer loop
    vertex -8.868719475302635 54.62015312174692 -256.3438360169952
    vertex -5.528035910239811 58.33311580233343 -258.0509019868617
    vertex -8.069546444486701 55.90613411465335 -262.0890126955535
  endloop
endfacet
facet normal -0.968954 0.247242 0
  outer loop
    vertex -10 50 -314.0150137627192
    vertex -8.777430769599862 54.79131600762062 -316.5776908990583
    vertex -10 50 -319.5075068813596
  endloop
endfacet
facet normal 0.728595 0.682999 -0.0515909
  outer loop
    vertex 8.868719475313306 54.62015312172643 -217.8963841865125
    vertex 5.497790049438351 58.35310149419344 -216.0829169844747
    vertex 8.058157862497833 55.92166293055121 -212.1132166816984
  endloop
endfacet
facet normal -0.787829 0.614723 -0.0379654
  outer loop
    vertex -6.319143711122301 57.75038210401161 -63.29356287106813
    vertex -9.103099263940264 54.13927334091991 -63.99296502782843
    vertex -8.559463171545701 55.1706469822405 -58.57442052955338
  endloop
endfacet
facet normal 0.0296608 0.996719 0.0753075
  outer loop
    vertex 3.022615936183909 59.53225014895891 -29.23656809305405
    vertex 0.8865797983049597 59.96062127887802 -34.0648964529918
    vertex -2.37617487945638 59.71358805705906 -29.51025607004064
  endloop
endfacet
facet normal 0.975453 0.219888 0.0118871
  outer loop
    vertex 9.099482479760418 54.14721817614328 -64.17929979886827
    vertex 8.970191177513534 54.41991744706373 -58.61408374594167
    vertex 10 50 -61.36033030526187
  endloop
endfacet
facet normal 0.973292 0.229527 0.0044365
  outer loop
    vertex 10 50 -55.86783718662147
    vertex 8.970191177513534 54.41991744706373 -58.61408374594167
    vertex 8.924562655485882 54.51133920341918 -53.3337594047197
  endloop
endfacet
facet normal 0.35307 0.93271 -0.0734466
  outer loop
    vertex 3.022615936183909 59.53225014895891 -29.23656809305405
    vertex 5.818556376788586 58.13292085846978 -33.5663210694469
    vertex 0.8865797983049597 59.96062127887802 -34.0648964529918
  endloop
endfacet
facet normal 0.972547 0.232512 -0.00946056
  outer loop
    vertex 8.868719475313306 54.62015312172643 -206.9113979492317
    vertex 8.969858252781721 54.42059305127758 -201.4189048305914
    vertex 10 50 -204.1651513899116
  endloop
endfacet
facet normal 0.975854 0.217884 -0.0153267
  outer loop
    vertex 10 50 -198.6726582712712
    vertex 8.969858252781721 54.42059305127758 -201.4189048305914
    vertex 9.139108479840859 54.05914968850631 -195.7809921984695
  endloop
endfacet
facet normal 0.621043 0.774977 -0.117117
  outer loop
    vertex 5.021463271338252 58.64767971091922 -24.49044855191334
    vertex 8.481329713295992 55.2978341135187 -28.30992624577632
    vertex 3.022615936183909 59.53225014895891 -29.23656809305405
  endloop
endfacet
facet normal -0.743435 0.667976 0.0333532
  outer loop
    vertex -8.902335941958116 54.55504278536664 -206.9482045068009
    vertex -5.82105394415094 58.13113343755253 -209.8868395088739
    vertex -8.468530955054634 55.31826884082419 -212.5641963102861
  endloop
endfacet
facet normal -0.735256 0.67662 0.0398048
  outer loop
    vertex -8.87185874245573 54.61412206751315 -42.08979727306185
    vertex -5.015809577706196 58.6511071129764 -39.48510955681428
    vertex -5.749006194651003 58.18223244437998 -45.05824362982101
  endloop
endfacet
facet normal 0.00182899 0.997185 0.0749565
  outer loop
    vertex -1.147908730933527e-14 60 -325
    vertex -2.545614275196323 59.67056606212464 -320.5552564321594
    vertex 2.588190451025198 59.65925826289069 -320.5300912200665
  endloop
endfacet
facet normal -0.685663 0.723502 -0.0800658
  outer loop
    vertex -8.559463171545701 55.1706469822405 -58.57442052955338
    vertex -6.330523686723542 57.7410897070007 -54.43508347398246
    vertex -4.77985202001391 58.78367887998924 -58.29344810526985
  endloop
endfacet
facet normal 0.740736 0.669809 -0.0516288
  outer loop
    vertex 5.110030924564501 58.59578873344351 -104.8844225008612
    vertex 6.022143890633552 57.98334409633613 -99.74360072983157
    vertex 8.871418312579545 54.61496881064524 -102.5638622815548
  endloop
endfacet
facet normal -0.976542 0.214626 0.0173758
  outer loop
    vertex -10 50 -275.5675619322364
    vertex -8.98745588859356 54.3847048533037 -272.8213153729163
    vertex -9.178951927175449 53.9682290153924 -278.4393044526641
  endloop
endfacet
facet normal -0.972751 0.231587 0.0111014
  outer loop
    vertex -8.868719475302584 54.62015312174701 -267.3288222542759
    vertex -8.98745588859356 54.3847048533037 -272.8213153729163
    vertex -10 50 -270.0750688135961
  endloop
endfacet
facet normal 0.594378 0.794064 0.127187
  outer loop
    vertex 8.481329713295992 55.2978341135187 -28.30992624577632
    vertex 5.818556376788586 58.13292085846978 -33.5663210694469
    vertex 3.022615936183909 59.53225014895891 -29.23656809305405
  endloop
endfacet
facet normal -0.966024 0.257125 -0.0261612
  outer loop
    vertex -10 50 -187.6876720339906
    vertex -8.820731208691342 54.71112523119675 -184.9298516372506
    vertex -8.537707247608777 55.20649161663865 -190.5120269718257
  endloop
endfacet
facet normal -0.969695 0.244303 0.00271034
  outer loop
    vertex -8.790813531087842 54.76671768218372 -179.2369819863536
    vertex -8.820731208691342 54.71112523119675 -184.9298516372506
    vertex -10 50 -182.1951789153503
  endloop
endfacet
facet normal 0.958995 0.283424 -0
  outer loop
    vertex 10 50 -83.33030277982337
    vertex 8.393414990706322 55.43604495877162 -80.69212223167774
    vertex 10 50 -77.837809661183
  endloop
endfacet
facet normal -0.33422 0.939603 -0.0737751
  outer loop
    vertex -0.775854418647374 59.96985706623045 -72.14096382387224
    vertex -5.802347472411613 58.1444928515776 -72.61756953922011
    vertex -3.916293221399094 59.20123075485142 -67.70321868589224
  endloop
endfacet
facet normal 0.317118 0.946546 0.0590441
  outer loop
    vertex 0.7073327730288105 59.97495264892017 -263.4452995973889
    vertex 5.317585875302188 58.46895982153574 -264.0634844407671
    vertex 2.605261759879036 59.65466784319958 -268.5042716543459
  endloop
endfacet
facet normal -0.969151 0.246416 0.0049915
  outer loop
    vertex -10 50 -132.7627408475868
    vertex -8.759692122836185 54.82367017043264 -130.0743838035446
    vertex -8.814930535049513 54.72196989213736 -135.778858665891
  endloop
endfacet
facet normal -0.960492 0.274306 0.047022
  outer loop
    vertex -8.260912153524858 55.63536426433512 -124.6211566650418
    vertex -8.759692122836185 54.82367017043264 -130.0743838035446
    vertex -10 50 -127.2702477289464
  endloop
endfacet
facet normal 0.339794 0.937476 0.0753523
  outer loop
    vertex 0.8865797983049597 59.96062127887802 -34.0648964529918
    vertex 5.818556376788586 58.13292085846978 -33.5663210694469
    vertex 3.762595015169734 59.26514321269887 -38.38140571940792
  endloop
endfacet
facet normal -0.353746 0.932908 -0.0674284
  outer loop
    vertex -0.8412239498639401 59.96455429340295 -210.6459380498345
    vertex -5.82105394415094 58.13113343755253 -209.8868395088739
    vertex -2.667557992347199 59.63764153501595 -205.5875356871613
  endloop
endfacet
facet normal -0.973238 0.229301 -0.0151481
  outer loop
    vertex -10 50 -154.7327133221483
    vertex -9.030961140826992 54.29438480726552 -151.9864667628281
    vertex -8.868719475302616 54.62015312174695 -157.4789598814685
  endloop
endfacet
facet normal -0.974684 0.223518 0.00559461
  outer loop
    vertex -8.970876005372732 54.41852732210945 -146.4783107600707
    vertex -9.030961140826992 54.29438480726552 -151.9864667628281
    vertex -10 50 -149.2402202035079
  endloop
endfacet
facet normal 0.350109 0.936035 -0.0355176
  outer loop
    vertex 5.789838728096724 58.15338993932164 -314.0151164942514
    vertex 0.6955195468798309 59.97578330558098 -316.2039128509761
    vertex 1.393311968908523 59.90245836937961 -311.2579633038698
  endloop
endfacet
facet normal 0.816054 0.576397 -0.0426905
  outer loop
    vertex 8.868719475313306 54.62015312172643 -119.0315080509857
    vertex 9.361761814491365 53.51531161189607 -124.5240011696261
    vertex 6.485639091954433 57.61160203695073 -124.1957028601022
  endloop
endfacet
facet normal -0.643421 0.761892 0.0743644
  outer loop
    vertex -4.521587851778337 58.91937460243994 -224.4529662474743
    vertex -6.454420341514042 57.63809256654106 -228.0491309013776
    vertex -8.153555207179753 55.7896059868934 -223.8120496138318
  endloop
endfacet
facet normal 0.974743 0.223043 0.011314
  outer loop
    vertex 10 50 -110.7927683730252
    vertex 9.06652003902002 54.21879300061622 -113.5390149323454
    vertex 8.940716034495084 54.4792406488737 -107.8349627435007
  endloop
endfacet
facet normal 0.973619 0.227435 -0.0184431
  outer loop
    vertex 8.868719475313306 54.62015312172643 -119.0315080509857
    vertex 9.06652003902002 54.21879300061622 -113.5390149323454
    vertex 10 50 -116.2852614916656
  endloop
endfacet
facet normal -0.708489 0.702114 0.07127
  outer loop
    vertex -4.881122245921294 58.72780875250898 -139.3037153159039
    vertex -6.281360070668098 57.78103564203484 -143.8962582104996
    vertex -8.537698077034996 55.20650665469592 -140.9634482479047
  endloop
endfacet
facet normal 0.784002 0.620645 -0.0118413
  outer loop
    vertex 6.197917401416823 57.84766333918667 -90.45221197138073
    vertex 6.423510611916021 57.66410538931989 -85.13678778775525
    vertex 8.963634476630745 54.43319940554862 -86.30068466931307
  endloop
endfacet
facet normal -0.744718 0.666689 0.0303498
  outer loop
    vertex -8.871418312579532 54.61496881064526 -86.06671575265355
    vertex -5.690319718600328 58.22315398737663 -87.26995863016687
    vertex -8.473418112356711 55.31047883840857 -91.57882190251988
  endloop
endfacet
facet normal 0.973915 0.226915 -0
  outer loop
    vertex 10 50 -61.36033030526187
    vertex 8.970191177513534 54.41991744706373 -58.61408374594167
    vertex 10 50 -55.86783718662147
  endloop
endfacet
facet normal 0.973906 0.226952 -0
  outer loop
    vertex 10 50 -204.1651513899116
    vertex 8.969858252781721 54.42059305127758 -201.4189048305914
    vertex 10 50 -198.6726582712712
  endloop
endfacet
facet normal -0.781373 0.623889 0.0148071
  outer loop
    vertex -8.868719475302616 54.62015312174695 -157.4789598814685
    vertex -6.534442357005569 57.56974656662768 -158.5782789597682
    vertex -6.794744532235824 57.33699166836459 -162.5074728659411
  endloop
endfacet
facet normal -0.775618 0.630169 -0.0361147
  outer loop
    vertex -8.153555207179753 55.7896059868934 -223.8120496138318
    vertex -6.454420341514042 57.63809256654106 -228.0491309013776
    vertex -8.871418312579616 54.6149688106451 -228.8912040102838
  endloop
endfacet
facet normal 0.501281 0.861773 0.0778716
  outer loop
    vertex 2.588190451025198 59.65925826289069 -320.5300912200665
    vertex 7.071067811865469 57.07106781186548 -320.7451604160699
    vertex 4.999999999999992 58.66025403784439 -325
  endloop
endfacet
facet normal -0.750348 0.661043 -0.000255713
  outer loop
    vertex -8.868719475302569 54.62015312174704 -47.62909750866093
    vertex -5.699200888806728 58.2170012309251 -49.85952770239203
    vertex -8.871418312579584 54.61496881064516 -53.11175704081097
  endloop
endfacet
facet normal -0.490423 0.871275 -0.0191223
  outer loop
    vertex -6.794744532235824 57.33699166836459 -162.5074728659411
    vertex -6.534442357005569 57.56974656662768 -158.5782789597682
    vertex -3.118729331876782 59.50123820112366 -158.1748667472135
  endloop
endfacet
facet normal -0.697847 0.70818 0.107199
  outer loop
    vertex -8.777430769599862 54.79131600762062 -316.5776908990583
    vertex -4.999445115643886 58.66057437677574 -317.5448160982288
    vertex -7.071067811865484 57.07106781186547 -320.5300912200665
  endloop
endfacet
facet normal -0.97004 0.242784 -0.00885266
  outer loop
    vertex -8.868719475313112 54.6201531217268 -311.268767203399
    vertex -8.777430769599862 54.79131600762062 -316.5776908990583
    vertex -10 50 -314.0150137627192
  endloop
endfacet
facet normal 0.979772 0.199693 0.0130504
  outer loop
    vertex 9.276882801358425 53.73355668094918 -97.15634479858895
    vertex 9.133556419036502 54.07162708757532 -91.56904245778392
    vertex 10 50 -94.31528901710411
  endloop
endfacet
facet normal 0.975649 0.218718 0.0164571
  outer loop
    vertex 10 50 -88.82279589846374
    vertex 9.133556419036502 54.07162708757532 -91.56904245778392
    vertex 8.963634476630745 54.43319940554862 -86.30068466931307
  endloop
endfacet
facet normal -0.974358 0.225005 0
  outer loop
    vertex -10 50 -270.0750688135961
    vertex -8.98745588859356 54.3847048533037 -272.8213153729163
    vertex -10 50 -275.5675619322364
  endloop
endfacet
facet normal 0.35939 0.929739 -0.0801455
  outer loop
    vertex 3.781700035871128 59.25736165647061 -235.2283741333216
    vertex 6.138751773424998 57.89403107824332 -240.4743490788685
    vertex 1.028947489979223 59.94692249205077 -239.5729757833894
  endloop
endfacet
facet normal 0.39636 0.916351 -0.0565683
  outer loop
    vertex 3.061732322810028 59.51975814731973 -62.15839244535996
    vertex 6.124232316368369 57.90530066064215 -66.85282342389897
    vertex 1.501886224323663 59.88657361117525 -67.14579759845893
  endloop
endfacet
facet normal 0.975427 0.220317 0.00137404
  outer loop
    vertex 9.036877181125099 54.28192139269983 -185.0523178391456
    vertex 9.02186501466096 54.31346167911998 -179.4524958642439
    vertex 10 50 -182.1951789153501
  endloop
endfacet
facet normal 0.969068 0.243874 0.0378438
  outer loop
    vertex 10 50 -176.7026857967097
    vertex 9.02186501466096 54.31346167911998 -179.4524958642439
    vertex 8.607370930565395 55.09049758507533 -173.8459331782728
  endloop
endfacet
facet normal 0.975445 0.220215 0.00347894
  outer loop
    vertex 9.049662958713334 54.2548325858595 -294.9132320504393
    vertex 9.011541754495017 54.3349873364282 -289.298348917734
    vertex 10 50 -292.0450412881577
  endloop
endfacet
facet normal 0.96836 0.246293 0.0402407
  outer loop
    vertex 10 50 -286.5525481695173
    vertex 9.011541754495017 54.3349873364282 -289.298348917734
    vertex 8.571613679092071 55.15047948606745 -283.7030498601719
  endloop
endfacet
facet normal 0.352663 0.934315 0.0518117
  outer loop
    vertex 1.305223541302412 59.91445366660362 -215.7014037686604
    vertex 5.497790049438351 58.35310149419344 -216.0829169844747
    vertex 3.391503494137204 59.40732183191662 -220.7568694594277
  endloop
endfacet
facet normal -0.97007 0.242824 0
  outer loop
    vertex -10 50 -182.1951789153503
    vertex -8.820731208691342 54.71112523119675 -184.9298516372506
    vertex -10 50 -187.6876720339906
  endloop
endfacet
facet normal -0.96583 0.25563 0.0427204
  outer loop
    vertex -8.473418112356711 55.31047883840857 -91.57882190251988
    vertex -8.933023304276443 54.49456278688528 -97.08739340656483
    vertex -10 50 -94.31528901710418
  endloop
endfacet
facet normal -0.974115 0.225877 0.00887428
  outer loop
    vertex -10 50 -99.80778213574456
    vertex -8.933023304276443 54.49456278688528 -97.08739340656483
    vertex -9.031722324644907 54.2927836948198 -102.7855485151955
  endloop
endfacet
facet normal -0.707874 0.704929 -0.0446076
  outer loop
    vertex -8.329173810147575 55.53397358507897 -36.16531071686786
    vertex -5.015809577706196 58.6511071129764 -39.48510955681428
    vertex -8.87185874245573 54.61412206751315 -42.08979727306185
  endloop
endfacet
facet normal -0.331225 0.940511 0.0756854
  outer loop
    vertex -3.813833562712435 59.24416970614063 -238.8599231714066
    vertex -5.856026071736827 58.10598289210744 -233.6534704621894
    vertex -0.7592309056602671 59.97113676728438 -234.5256655625421
  endloop
endfacet
facet normal -0.381898 0.922456 0.0568162
  outer loop
    vertex -4.676970080260204 58.83888855390489 -176.6634668220716
    vertex -6.080154806803651 57.93925169806969 -171.4888625816905
    vertex -1.496615901578477 59.88737279782362 -172.3092266463144
  endloop
endfacet
facet normal -0.768515 0.635004 0.0784514
  outer loop
    vertex -5.397112978114269 58.41850173733251 -248.2781480704957
    vertex -6.976675399303088 57.16421666148918 -253.5991661536134
    vertex -8.999832674049973 54.35924441148951 -250.7140358643076
  endloop
endfacet
facet normal -0.506391 0.86013 0.0611897
  outer loop
    vertex -3.765635839125922 59.26390774603733 -34.68804445998953
    vertex -6.876455845794132 57.26046520553908 -32.27048756977746
    vertex -2.37617487945638 59.71358805705906 -29.51025607004064
  endloop
endfacet
facet normal -0.358039 0.932343 -0.0504555
  outer loop
    vertex -1.394035321680322 59.90235656406634 -258.389063585597
    vertex -5.528035910239811 58.33311580233343 -258.0509019868617
    vertex -3.475683900683428 59.37654634833797 -253.3336078823743
  endloop
endfacet
facet normal 0.966432 0.251406 -0.0529573
  outer loop
    vertex 8.454257737898059 55.34092932935746 -152.0936576972203
    vertex 9.035483814670219 54.28486081860689 -146.5002266248302
    vertex 10 50 -149.2402202035077
  endloop
endfacet
facet normal 0.976567 0.215088 -0.0073731
  outer loop
    vertex 10 50 -143.7477270848674
    vertex 9.035483814670219 54.28486081860689 -146.5002266248302
    vertex 9.116757740883681 54.10910310092574 -140.8626909762969
  endloop
endfacet
facet normal 0.70485 0.70485 -0.0798278
  outer loop
    vertex 4.999999999999992 58.66025403784439 -325
    vertex 7.071067811865469 57.07106781186548 -320.7451604160699
    vertex 8.660254037844384 55.00000000000001 -325
  endloop
endfacet
facet normal 0.498726 0.86542 0.0481682
  outer loop
    vertex 3.020603805100658 59.53288794923193 -292.3861892086516
    vertex 6.743787025695119 57.3838564823584 -292.3245927739324
    vertex 5.170668757826685 58.55945001719357 -297.1582294534203
  endloop
endfacet
facet normal -0.419679 0.906201 0.0516629
  outer loop
    vertex -3.280093784139698 59.44674466508162 -148.7333843405066
    vertex -6.281360070668098 57.78103564203484 -143.8962582104996
    vertex -1.839590157113504 59.82933914634403 -143.7425431606678
  endloop
endfacet
facet normal 0.434153 0.900523 0.0238513
  outer loop
    vertex 2.285430211388453 59.73533814250295 -133.7176292627687
    vertex 6.260486763749027 57.7978397957975 -132.9219684478327
    vertex 5.73323371354009 58.19329184064179 -138.2552255021731
  endloop
endfacet
facet normal -0.968496 0.249029 0
  outer loop
    vertex -10 50 -127.2702477289464
    vertex -8.759692122836185 54.82367017043264 -130.0743838035446
    vertex -10 50 -132.7627408475868
  endloop
endfacet
facet normal 0.396749 0.916868 0.0440916
  outer loop
    vertex 1.954598149523629 59.80711711329475 -254.0364835599999
    vertex 5.779668254158089 58.1606026047025 -254.2169412822306
    vertex 4.002987614370125 59.163846908324 -259.0919345509001
  endloop
endfacet
facet normal 0.968126 0.239605 0.0729493
  outer loop
    vertex 10 50 -39.3903578307004
    vertex 9.292671242189218 53.69408462065902 -42.13660439002058
    vertex 8.528416248847346 55.22169668655664 -37.01151137672164
  endloop
endfacet
facet normal 0.690871 0.719842 0.0672733
  outer loop
    vertex 8.541987252706731 55.19946668174686 -47.64599555475152
    vertex 6.162540681797401 57.87547410288371 -51.84397944567223
    vertex 4.869157250660456 58.73448954824154 -47.75312747997623
  endloop
endfacet
facet normal -0.75764 0.650043 -0.0585328
  outer loop
    vertex -8.897230418220825 54.56500721632355 -294.8642882814711
    vertex -6.548732823796419 57.55738700891594 -292.0306942520715
    vertex -5.405722521844065 58.41297593107385 -297.3238161999238
  endloop
endfacet
facet normal -0.977569 0.210617 0
  outer loop
    vertex -10 50 -28.40537159341957
    vertex -9.112806270452827 54.11785889476505 -32.0972021789018
    vertex -10 50 -33.89786471205997
  endloop
endfacet
facet normal -0.745687 0.665112 0.0397153
  outer loop
    vertex -8.868719475302584 54.62015312174702 -119.0315080509859
    vertex -5.862347324097271 58.10141246028429 -120.8850357214756
    vertex -8.260912153524858 55.63536426433512 -124.6211566650418
  endloop
endfacet
facet normal -0.397267 0.916808 -0.0405241
  outer loop
    vertex -2.042427874336899 59.78920264261251 -220.0539917894069
    vertex -5.735793858127484 58.19149979045761 -219.9931818292728
    vertex -4.08497983723267 59.12759221971504 -214.9985260912568
  endloop
endfacet
facet normal 0.763033 0.643792 0.0575502
  outer loop
    vertex 8.964460819028741 54.43152820414116 -267.2506319348769
    vertex 6.373351862953607 57.7058669876261 -269.5250010769455
    vertex 5.317585875302188 58.46895982153574 -264.0634844407671
  endloop
endfacet
facet normal 0.753745 0.656038 0.0385087
  outer loop
    vertex 5.818556376788586 58.13292085846978 -33.5663210694469
    vertex 8.926868050480023 54.50677565553456 -32.63108741712045
    vertex 8.528416248847346 55.22169668655664 -37.01151137672164
  endloop
endfacet
facet normal 0.969421 0.2359 -0.0676318
  outer loop
    vertex 8.541987252706731 55.19946668174686 -47.64599555475152
    vertex 9.292671242189218 53.69408462065902 -42.13660439002058
    vertex 10 50 -44.88285094934076
  endloop
endfacet
facet normal 0.761252 0.643412 -0.0807171
  outer loop
    vertex 5.321443678310438 58.4665363153163 -225.8123350877494
    vertex 6.942436046459053 57.19740104071087 -220.6411022827843
    vertex 8.949391019179004 54.46188305380567 -223.5186412200088
  endloop
endfacet
facet normal -0.975473 0.220118 0
  outer loop
    vertex -10 50 -149.2402202035079
    vertex -9.030961140826992 54.29438480726552 -151.9864667628281
    vertex -10 50 -154.7327133221483
  endloop
endfacet
facet normal -0.315217 0.948219 -0.0389806
  outer loop
    vertex -1.277419225105362 59.9180744161017 -38.8962017164849
    vertex -5.015809577706196 58.6511071129764 -39.48510955681428
    vertex -3.765635839125922 59.26390774603733 -34.68804445998953
  endloop
endfacet
facet normal 0.972802 0.231639 -0
  outer loop
    vertex 10 50 -33.89786471206003
    vertex 8.926868050480023 54.50677565553456 -32.63108741712045
    vertex 10 50 -28.40537159341963
  endloop
endfacet
facet normal -0.370423 0.928096 -0.0377429
  outer loop
    vertex -1.486892458394074 59.88883971035889 -119.8746471217392
    vertex -5.862347324097271 58.10141246028429 -120.8850357214756
    vertex -5.099937019424923 58.6017813502727 -116.0635665163298
  endloop
endfacet
facet normal 0.969662 0.23575 -0.0646345
  outer loop
    vertex 8.571613679092071 55.15047948606745 -283.7030498601719
    vertex 9.272977160736547 53.74324652894494 -278.3138084915567
    vertex 10 50 -281.0600550508769
  endloop
endfacet
facet normal -0.957738 0.272055 -0.0934008
  outer loop
    vertex -10 50 -66.85282342390227
    vertex -9.103099263940264 54.13927334091991 -63.99296502782843
    vertex -8.154866243919249 55.78775919884254 -68.9145541242094
  endloop
endfacet
facet normal -0.968831 0.242403 0.0510623
  outer loop
    vertex -8.559463171545701 55.1706469822405 -58.57442052955338
    vertex -9.103099263940264 54.13927334091991 -63.99296502782843
    vertex -10 50 -61.36033030526188
  endloop
endfacet
facet normal 0.965975 0.246062 0.0796665
  outer loop
    vertex 10 50 -275.5675619322365
    vertex 9.272977160736547 53.74324652894494 -278.3138084915567
    vertex 8.417397475484968 55.39883503542192 -273.0532366198416
  endloop
endfacet
facet normal -0.771547 0.635838 0.0206187
  outer loop
    vertex -8.871418312579584 54.61496881064516 -53.11175704081097
    vertex -6.330523686723542 57.7410897070007 -54.43508347398246
    vertex -8.559463171545701 55.1706469822405 -58.57442052955338
  endloop
endfacet
facet normal -0.756762 0.648997 -0.0781905
  outer loop
    vertex -9.011845333861126 54.33435620116361 -113.6228582670973
    vertex -6.515544179817064 57.58601898500471 -110.7937192281028
    vertex -5.099937019424923 58.6017813502727 -116.0635665163298
  endloop
endfacet
facet normal -0.967579 0.241223 -0.0748447
  outer loop
    vertex -10 50 -198.6726582712714
    vertex -9.289465914967687 53.7021376277299 -195.9264117119512
    vertex -8.490943089221236 55.28241284410885 -201.1563870780452
  endloop
endfacet
facet normal -0.969085 0.236964 0.0687135
  outer loop
    vertex -8.537707247608777 55.20649161663865 -190.5120269718257
    vertex -9.289465914967687 53.7021376277299 -195.9264117119512
    vertex -10 50 -193.180165152631
  endloop
endfacet
facet normal 0.418628 0.9071 -0.0438156
  outer loop
    vertex 5.321443678310438 58.4665363153163 -225.8123350877494
    vertex 6.334691901190038 57.73767914280486 -231.2207405537938
    vertex 1.966111382172194 59.80481545124093 -230.1642805059022
  endloop
endfacet
facet normal -0.41375 0.909176 0.0470158
  outer loop
    vertex -5.397112978114269 58.41850173733251 -248.2781480704957
    vertex -6.403526015397421 57.68081080160997 -242.8696080129083
    vertex -1.778516059334285 59.8405731858815 -243.9331636405127
  endloop
endfacet
facet normal -0.532168 0.845742 -0.0389527
  outer loop
    vertex -3.280093784139698 59.44674466508162 -148.7333843405066
    vertex -7.20242252070359 56.9372263789833 -149.6335985193387
    vertex -6.281360070668098 57.78103564203484 -143.8962582104996
  endloop
endfacet
facet normal 0.970583 0.231776 -0.0651833
  outer loop
    vertex 8.607370930565395 55.09049758507533 -173.8459331782728
    vertex 9.317106842937767 53.63201322647402 -168.4639461187491
    vertex 10 50 -171.2101926780693
  endloop
endfacet
facet normal 0.972867 0.224677 0.0552263
  outer loop
    vertex 10 50 -165.7176995594289
    vertex 9.317106842937767 53.63201322647402 -168.4639461187491
    vertex 8.715175093895736 54.90364385765723 -163.0336722434656
  endloop
endfacet
facet normal -0.964248 0.249053 -0.0905459
  outer loop
    vertex -10 50 -165.7176995594291
    vertex -9.325070937584858 53.61151658019318 -162.9714530001089
    vertex -8.346634363334879 55.50760336306068 -168.1757593920752
  endloop
endfacet
facet normal -0.975911 0.214136 0.0417611
  outer loop
    vertex -8.868719475302616 54.62015312174695 -157.4789598814685
    vertex -9.325070937584858 53.61151658019318 -162.9714530001089
    vertex -10 50 -160.2252064407887
  endloop
endfacet
facet normal 0.656447 0.751691 0.0635467
  outer loop
    vertex 8.201405874869659 55.7216205462835 -250.3832473715527
    vertex 5.779668254158089 58.1606026047025 -254.2169412822306
    vertex 4.398959441740791 58.98048750513688 -249.6523904942084
  endloop
endfacet
facet normal 0.776764 0.629424 -0.0215253
  outer loop
    vertex 9.139108479840859 54.05914968850631 -195.7809921984695
    vertex 6.076704021731198 57.94189323979339 -192.7553001741488
    vertex 8.928262365105912 54.50401278193495 -190.3812872985033
  endloop
endfacet
facet normal 0.761816 0.647217 -0.0273242
  outer loop
    vertex 5.73323371354009 58.19329184064179 -138.2552255021731
    vertex 6.260486763749027 57.7978397957975 -132.9219684478327
    vertex 8.871418312579534 54.61496881064526 -135.518820993397
  endloop
endfacet
facet normal 0.966976 0.240798 -0.0835029
  outer loop
    vertex 8.481050252596567 55.29828147732184 -129.5812043851271
    vertex 9.361761814491365 53.51531161189607 -124.5240011696261
    vertex 10 50 -127.2702477289463
  endloop
endfacet
facet normal 0.976167 0.212323 0.0449174
  outer loop
    vertex 10 50 -121.7777546103059
    vertex 9.361761814491365 53.51531161189607 -124.5240011696261
    vertex 8.868719475313306 54.62015312172643 -119.0315080509857
  endloop
endfacet
facet normal -0.785015 0.616668 0.0589225
  outer loop
    vertex -5.751025783373843 58.18081306710826 -303.0497129185354
    vertex -6.910336877260615 57.22822552517366 -308.5254833342997
    vertex -9.076477614471356 54.19732702014036 -305.6640018577606
  endloop
endfacet
facet normal -0.75322 0.656934 -0.0331189
  outer loop
    vertex -8.346634363334879 55.50760336306068 -168.1757593920752
    vertex -6.080154806803651 57.93925169806969 -171.4888625816905
    vertex -8.871418312579609 54.61496881064512 -173.9466056508992
  endloop
endfacet
facet normal 0.976384 0.216042 -0
  outer loop
    vertex 10 50 -116.2852614916656
    vertex 9.06652003902002 54.21879300061622 -113.5390149323454
    vertex 10 50 -110.7927683730252
  endloop
endfacet
facet normal -0.757969 0.652277 -0.00428922
  outer loop
    vertex -8.759692122836185 54.82367017043264 -130.0743838035446
    vertex -6.012174516860251 57.99085462130405 -133.9566177844598
    vertex -8.814930535049513 54.72196989213736 -135.778858665891
  endloop
endfacet
facet normal 0.421282 0.906743 -0.0184116
  outer loop
    vertex 5.770720224295009 58.16693259999815 -201.9559782385138
    vertex 6.176845270960015 57.86425981886528 -207.5694611129576
    vertex 2.130017090101296 59.77051826649316 -206.2859631060469
  endloop
endfacet
facet normal -0.473347 0.879538 -0.0485244
  outer loop
    vertex -2.681977321159058 59.63363885812565 -181.7188927369738
    vertex -6.574252929142562 57.53519730489258 -181.7860992591249
    vertex -4.676970080260204 58.83888855390489 -176.6634668220716
  endloop
endfacet
facet normal -0.4821 0.874743 0.0490322
  outer loop
    vertex -5.34611687081891 58.45097831044107 -106.0270961649322
    vertex -6.776613564076766 57.35374112973599 -100.5172751631037
    vertex -2.618236206601387 59.65115740035575 -100.6171258118476
  endloop
endfacet
facet normal -0.769764 0.637563 -0.0312655
  outer loop
    vertex -8.902335941958116 54.55504278536664 -206.9482045068009
    vertex -6.425052309287662 57.66281298368408 -204.5661967215012
    vertex -5.82105394415094 58.13113343755253 -209.8868395088739
  endloop
endfacet
facet normal 0.423931 0.90502 -0.0349297
  outer loop
    vertex 4.578832927512804 58.89012311624111 -71.58305463794741
    vertex 5.908084592431324 58.06811851974645 -76.74827659959267
    vertex 2.446604102324536 59.69608830232526 -76.5789136520179
  endloop
endfacet
facet normal -0.377625 0.925568 -0.0269057
  outer loop
    vertex -1.771821205982944 59.84178081517919 -86.58505604530515
    vertex -5.690319718600328 58.22315398737663 -87.26995863016687
    vertex -5.040039456870043 58.63701350428452 -82.15975832311607
  endloop
endfacet
facet normal -0.0479116 0.9972 -0.0574219
  outer loop
    vertex -3.319134892331012 59.43309830153968 -308.6272693591604
    vertex -1.908038815197262 59.81628177466909 -303.1502176849087
    vertex 1.822540910701448 59.83251466456163 -305.981028604232
  endloop
endfacet
facet normal 0.409715 0.911493 0.0362536
  outer loop
    vertex 1.960067970161421 59.8060253697585 -157.6132474867772
    vertex 6.169012881341238 57.87040533072128 -156.5144771582177
    vertex 5.294742797862352 58.48325991022818 -162.0424925917281
  endloop
endfacet
facet normal 0.769458 0.637459 0.0397575
  outer loop
    vertex 8.622714856723134 55.06446329828207 -69.65885492977888
    vertex 6.124232316368369 57.90530066064215 -66.85282342389897
    vertex 9.099482479760418 54.14721817614328 -64.17929979886827
  endloop
endfacet
facet normal -0.768997 0.638332 0.0342869
  outer loop
    vertex -9.178951927175449 53.9682290153924 -278.4393044526641
    vertex -5.897747946466917 58.07567762853033 -281.3173263581315
    vertex -8.84105571970187 54.67287211050408 -283.9794593481055
  endloop
endfacet
facet normal -0.418918 0.907612 0.0273552
  outer loop
    vertex -5.616767597598236 58.27356765576801 -272.1350444556886
    vertex -6.230990472034194 57.82142939221592 -266.5398817594729
    vertex -2.056737736821098 59.78620610256784 -267.8041635792475
  endloop
endfacet
facet normal -0.657443 0.751394 -0.0563593
  outer loop
    vertex -8.153555207179753 55.7896059868934 -223.8120496138318
    vertex -5.735793858127484 58.19149979045761 -219.9931818292728
    vertex -4.521587851778337 58.91937460243994 -224.4529662474743
  endloop
endfacet
facet normal -0.431793 0.901373 0.0328945
  outer loop
    vertex -4.881122245921294 58.72780875250898 -139.3037153159039
    vertex -6.012174516860251 57.99085462130405 -133.9566177844598
    vertex -2.458152025914585 59.69316710974757 -133.9510188337333
  endloop
endfacet
facet normal 0.433046 0.901149 0.0200167
  outer loop
    vertex 2.38080480329786 59.71245429788958 -52.72962658873577
    vertex 6.162540681797401 57.87547410288371 -51.84397944567223
    vertex 5.703067566737411 58.21431800755411 -57.1583452425038
  endloop
endfacet
facet normal -0.401155 0.913097 -0.0729971
  outer loop
    vertex -1.496615901578477 59.88737279782362 -172.3092266463144
    vertex -6.080154806803651 57.93925169806969 -171.4888625816905
    vertex -3.583813568381394 59.33575279809215 -167.7390919416667
  endloop
endfacet
facet normal 0.742541 0.669467 0.0211399
  outer loop
    vertex 8.393414990706322 55.43604495877162 -80.69212223167774
    vertex 5.908084592431324 58.06811851974645 -76.74827659959267
    vertex 8.729362913314667 54.8783422519998 -74.83077000866425
  endloop
endfacet
facet normal -0.979966 0.199164 0
  outer loop
    vertex -10 50 -319.5075068813596
    vertex -9.206671116176576 53.90348651317767 -321.0939972998248
    vertex -10 50 -325
  endloop
endfacet
facet normal -0.531472 0.846051 -0.0416641
  outer loop
    vertex -3.475683900683428 59.37654634833797 -253.3336078823743
    vertex -6.976675399303088 57.16421666148918 -253.5991661536134
    vertex -5.397112978114269 58.41850173733251 -248.2781480704957
  endloop
endfacet
facet normal -0.0144478 0.998856 0.0455809
  outer loop
    vertex -0.4083020653963069 59.99166099421878 -48.31064001962595
    vertex -2.336153525799271 59.72329094000049 -43.04067055153764
    vertex 2.05625005579099 59.78630858434678 -43.02937431351243
  endloop
endfacet
facet normal -0.724973 0.679072 -0.115221
  outer loop
    vertex -6.886479188089235 57.25095886017938 -313.9793359166893
    vertex -4.999445115643886 58.66057437677574 -317.5448160982288
    vertex -8.777430769599862 54.79131600762062 -316.5776908990583
  endloop
endfacet
facet normal 0.480384 0.875812 -0.0467405
  outer loop
    vertex 5.110030924564501 58.59578873344351 -104.8844225008612
    vertex 6.656336072132757 57.46278701925925 -110.221917584774
    vertex 2.716408416641335 59.6239869759887 -110.2191639850621
  endloop
endfacet
facet normal 0.389731 0.918706 0.0639444
  outer loop
    vertex 1.501886224323663 59.88657361117525 -67.14579759845893
    vertex 6.124232316368369 57.90530066064215 -66.85282342389897
    vertex 4.578832927512804 58.89012311624111 -71.58305463794741
  endloop
endfacet
facet normal 0.410263 0.911265 0.0357712
  outer loop
    vertex 2.098665221993535 59.77730046004493 -100.4456170961863
    vertex 6.022143890633552 57.98334409633613 -99.74360072983157
    vertex 5.110030924564501 58.59578873344351 -104.8844225008612
  endloop
endfacet
facet normal 0.719008 0.693252 -0.0492816
  outer loop
    vertex 8.69373622967864 54.94155343680234 -316.8292767365301
    vertex 5.096664124517992 58.60372098582069 -317.7935092038805
    vertex 5.789838728096724 58.15338993932164 -314.0151164942514
  endloop
endfacet
facet normal 0.78001 0.624926 -0.0324374
  outer loop
    vertex 8.963634476630745 54.43319940554862 -86.30068466931307
    vertex 6.423510611916021 57.66410538931989 -85.13678778775525
    vertex 8.393414990706322 55.43604495877162 -80.69212223167774
  endloop
endfacet
facet normal -0.964047 0.258316 -0.0623464
  outer loop
    vertex -10 50 -325
    vertex -9.206671116176576 53.90348651317767 -321.0939972998248
    vertex -8.660254037844391 54.99999999999999 -325
  endloop
endfacet
facet normal 0.982592 0.185775 -0
  outer loop
    vertex 10 50 -325
    vertex 9.309752696914748 53.65082247203128 -321.1724385923865
    vertex 10 50 -319.5075068813596
  endloop
endfacet
facet normal -0.751192 0.660077 -0.00301237
  outer loop
    vertex -5.749006194651003 58.18223244437998 -45.05824362982101
    vertex -5.699200888806728 58.2170012309251 -49.85952770239203
    vertex -8.868719475302569 54.62015312174704 -47.62909750866093
  endloop
endfacet
facet normal 0.763631 0.644459 -0.0392436
  outer loop
    vertex 8.481329713295992 55.2978341135187 -28.30992624577632
    vertex 8.926868050480023 54.50677565553456 -32.63108741712045
    vertex 5.818556376788586 58.13292085846978 -33.5663210694469
  endloop
endfacet
facet normal 0.685755 0.722849 0.0850227
  outer loop
    vertex 8.481050252596567 55.29828147732184 -129.5812043851271
    vertex 6.260486763749027 57.7978397957975 -132.9219684478327
    vertex 4.636982962655579 58.85993165910673 -128.8572440192328
  endloop
endfacet
facet normal 0.451051 0.891714 -0.0373993
  outer loop
    vertex 5.317585875302188 58.46895982153574 -264.0634844407671
    vertex 6.373351862953607 57.7058669876261 -269.5250010769455
    vertex 2.605261759879036 59.65466784319958 -268.5042716543459
  endloop
endfacet
facet normal 0.514542 0.856479 0.0411205
  outer loop
    vertex 3.061732322810028 59.51975814731973 -62.15839244535996
    vertex 7.070569927296598 57.07156566138001 -61.3289183519465
    vertex 6.124232316368369 57.90530066064215 -66.85282342389897
  endloop
endfacet
facet normal -0.459531 0.887782 0.0259762
  outer loop
    vertex -5.82105394415094 58.13113343755253 -209.8868395088739
    vertex -6.425052309287662 57.66281298368408 -204.5661967215012
    vertex -2.667557992347199 59.63764153501595 -205.5875356871613
  endloop
endfacet
facet normal 0.963385 0.258138 -0.0724856
  outer loop
    vertex 8.660254037844384 55.00000000000001 -325
    vertex 9.309752696914748 53.65082247203128 -321.1724385923865
    vertex 10 50 -325
  endloop
endfacet
facet normal 0.703055 0.709761 0.0441964
  outer loop
    vertex 8.393414990706322 55.43604495877162 -80.69212223167774
    vertex 6.423510611916021 57.66410538931989 -85.13678778775525
    vertex 5.413707729648783 58.40783971171793 -81.01713798888498
  endloop
endfacet
facet normal -0.738215 0.673129 0.0440038
  outer loop
    vertex -8.871418312579612 54.61496881064511 -217.8865506000222
    vertex -5.735793858127484 58.19149979045761 -219.9931818292728
    vertex -8.153555207179753 55.7896059868934 -223.8120496138318
  endloop
endfacet
facet normal 0.766946 0.641186 -0.0259861
  outer loop
    vertex 8.924562655485882 54.51133920341918 -53.3337594047197
    vertex 6.162540681797401 57.87547410288371 -51.84397944567223
    vertex 8.541987252706731 55.19946668174686 -47.64599555475152
  endloop
endfacet
facet normal 0.75126 0.658065 0.0505832
  outer loop
    vertex 8.928262365105912 54.50401278193495 -190.3812872985033
    vertex 6.076704021731198 57.94189323979339 -192.7553001741488
    vertex 5.202999193800351 58.53983602824509 -187.5580294442451
  endloop
endfacet
facet normal -0.463598 0.884444 -0.0532545
  outer loop
    vertex -2.501656592416782 59.68203048402646 -291.9760158423418
    vertex -6.548732823796419 57.55738700891594 -292.0306942520715
    vertex -4.876289871033234 58.73050955521261 -287.1067914140571
  endloop
endfacet
facet normal 0.382462 0.921331 0.0697983
  outer loop
    vertex 1.028947489979223 59.94692249205077 -239.5729757833894
    vertex 6.138751773424998 57.89403107824332 -240.4743490788685
    vertex 2.76082224641749 59.61134020434644 -244.6331870426226
  endloop
endfacet
facet normal 0.74735 0.662499 -0.0506201
  outer loop
    vertex 8.98665208617212 54.38635204721398 -256.2655074724403
    vertex 5.779668254158089 58.1606026047025 -254.2169412822306
    vertex 8.201405874869659 55.7216205462835 -250.3832473715527
  endloop
endfacet
facet normal 0.978099 0.20814 -0
  outer loop
    vertex 10 50 -94.31528901710411
    vertex 9.133556419036502 54.07162708757532 -91.56904245778392
    vertex 10 50 -88.82279589846374
  endloop
endfacet
facet normal 0.526872 0.848847 0.0431708
  outer loop
    vertex 3.391503494137204 59.40732183191662 -220.7568694594277
    vertex 6.942436046459053 57.19740104071087 -220.6411022827843
    vertex 5.321443678310438 58.4665363153163 -225.8123350877494
  endloop
endfacet
facet normal 0.788804 0.611039 0.0664792
  outer loop
    vertex 9.116757740883681 54.10910310092574 -140.8626909762969
    vertex 7.000879867384215 57.1405658797083 -143.6203457083745
    vertex 5.73323371354009 58.19329184064179 -138.2552255021731
  endloop
endfacet
facet normal -0.375543 0.924201 -0.0694228
  outer loop
    vertex -1.146622047736587 59.93404539347613 -282.2787394486456
    vertex -5.897747946466917 58.07567762853033 -281.3173263581315
    vertex -3.308424565291325 59.43686001251353 -277.2033246564858
  endloop
endfacet
facet normal 0.404255 0.912804 0.0580184
  outer loop
    vertex 1.580489656845929 59.87431275809122 -191.8298304815587
    vertex 6.076704021731198 57.94189323979339 -192.7553001741488
    vertex 3.240433783196144 59.46042223670388 -196.8840714550317
  endloop
endfacet
facet normal -0.399309 0.916487 -0.0245724
  outer loop
    vertex -5.015809577706196 58.6511071129764 -39.48510955681428
    vertex -2.336153525799271 59.72329094000049 -43.04067055153764
    vertex -5.749006194651003 58.18223244437998 -45.05824362982101
  endloop
endfacet
facet normal 0.344594 0.937438 -0.0496376
  outer loop
    vertex 4.198274010765231 59.07603962808301 -211.4512594530674
    vertex 5.497790049438351 58.35310149419344 -216.0829169844747
    vertex 1.305223541302412 59.91445366660362 -215.7014037686604
  endloop
endfacet
facet normal 0.515052 0.85591 -0.0462497
  outer loop
    vertex 5.73323371354009 58.19329184064179 -138.2552255021731
    vertex 7.000879867384215 57.1405658797083 -143.6203457083745
    vertex 3.042630512330663 59.52588051391757 -143.5574202360922
  endloop
endfacet
facet normal -0.353889 0.932337 -0.0742326
  outer loop
    vertex -0.7592309056602671 59.97113676728438 -234.5256655625421
    vertex -5.856026071736827 58.10598289210744 -233.6534704621894
    vertex -2.798077889918127 59.60056040666123 -229.4602009912421
  endloop
endfacet
facet normal -0.794533 0.606004 0.0384261
  outer loop
    vertex -6.281360070668098 57.78103564203484 -143.8962582104996
    vertex -7.20242252070359 56.9372263789833 -149.6335985193387
    vertex -8.970876005372732 54.41852732210945 -146.4783107600707
  endloop
endfacet
facet normal 0.707337 0.706409 -0.0256998
  outer loop
    vertex 5.413707729648783 58.40783971171793 -81.01713798888498
    vertex 5.908084592431324 58.06811851974645 -76.74827659959267
    vertex 8.393414990706322 55.43604495877162 -80.69212223167774
  endloop
endfacet
facet normal 0.687555 0.722352 -0.0740013
  outer loop
    vertex 4.839858496432256 58.75075823769075 -273.5733437916271
    vertex 6.373351862953607 57.7058669876261 -269.5250010769455
    vertex 8.417397475484968 55.39883503542192 -273.0532366198416
  endloop
endfacet
facet normal 0.97524 0.221149 -0
  outer loop
    vertex 10 50 -182.1951789153501
    vertex 9.02186501466096 54.31346167911998 -179.4524958642439
    vertex 10 50 -176.7026857967097
  endloop
endfacet
facet normal -0.389773 0.918786 0.0625238
  outer loop
    vertex -3.688528175071967 59.29487815421484 -124.8713931824773
    vertex -5.862347324097271 58.10141246028429 -120.8850357214756
    vertex -1.486892458394074 59.88883971035889 -119.8746471217392
  endloop
endfacet
facet normal -0.97296 0.230974 0
  outer loop
    vertex -10 50 -94.31528901710418
    vertex -8.933023304276443 54.49456278688528 -97.08739340656483
    vertex -10 50 -99.80778213574456
  endloop
endfacet
facet normal 0.974975 0.222313 -0
  outer loop
    vertex 10 50 -292.0450412881577
    vertex 9.011541754495017 54.3349873364282 -289.298348917734
    vertex 10 50 -286.5525481695173
  endloop
endfacet
facet normal 0.809508 0.585971 0.0365278
  outer loop
    vertex 9.145074760818044 54.04569000530797 -234.2768025881467
    vertex 7.018055789242949 57.12368534812379 -236.5155215714503
    vertex 6.334691901190038 57.73767914280486 -231.2207405537938
  endloop
endfacet
facet normal -0.115574 0.992814 0.0310243
  outer loop
    vertex 1.393311968908523 59.90245836937961 -311.2579633038698
    vertex 0.6955195468798309 59.97578330558098 -316.2039128509761
    vertex -3.285154400893154 59.44498600116974 -314.0468426429989
  endloop
endfacet
facet normal -0.750932 0.66034 0.00726876
  outer loop
    vertex -5.895361455885808 58.07741996583414 -129.7528610912069
    vertex -6.012174516860251 57.99085462130405 -133.9566177844598
    vertex -8.759692122836185 54.82367017043264 -130.0743838035446
  endloop
endfacet
facet normal 0.422458 0.905103 -0.0481333
  outer loop
    vertex 3.80323957886351 59.24853332727768 -95.42782759800272
    vertex 6.022143890633552 57.98334409633613 -99.74360072983157
    vertex 2.098665221993535 59.77730046004493 -100.4456170961863
  endloop
endfacet
facet normal -0.465021 0.884109 -0.0459007
  outer loop
    vertex -2.37203066000087 59.71460089494241 -77.12783749065053
    vertex -6.756943325966483 57.37181910315744 -77.82926132914804
    vertex -5.802347472411613 58.1444928515776 -72.61756953922011
  endloop
endfacet
facet normal -0.768858 0.638674 -0.0308638
  outer loop
    vertex -8.537698077034996 55.20650665469592 -140.9634482479047
    vertex -6.281360070668098 57.78103564203484 -143.8962582104996
    vertex -8.970876005372732 54.41852732210945 -146.4783107600707
  endloop
endfacet
facet normal -0.751705 0.656256 0.0653355
  outer loop
    vertex -5.34611687081891 58.45097831044107 -106.0270961649322
    vertex -6.515544179817064 57.58601898500471 -110.7937192281028
    vertex -8.871418312579546 54.61496881064523 -108.0563554001953
  endloop
endfacet
facet normal -0.351455 0.935203 0.0433061
  outer loop
    vertex -4.4818368463352 58.93941488481389 -262.6535127537005
    vertex -5.528035910239811 58.33311580233343 -258.0509019868617
    vertex -1.394035321680322 59.90235656406634 -258.389063585597
  endloop
endfacet
facet normal -0.739355 0.666067 -0.0985334
  outer loop
    vertex -8.868719475333288 54.62015312168808 -80.58405622050321
    vertex -6.756943325966483 57.37181910315744 -77.82926132914804
    vertex -5.040039456870043 58.63701350428452 -82.15975832311607
  endloop
endfacet
facet normal 0.786499 0.617187 -0.0223432
  outer loop
    vertex 9.145074760818044 54.04569000530797 -234.2768025881467
    vertex 6.334691901190038 57.73767914280486 -231.2207405537938
    vertex 8.901580779592615 54.55651836651487 -228.7373831984371
  endloop
endfacet
facet normal -0.416291 0.907242 -0.0601075
  outer loop
    vertex -1.839590157113504 59.82933914634403 -143.7425431606678
    vertex -6.281360070668098 57.78103564203484 -143.8962582104996
    vertex -4.881122245921294 58.72780875250898 -139.3037153159039
  endloop
endfacet
facet normal 0.467014 0.884185 0.010713
  outer loop
    vertex 2.752710432694256 59.61366658844253 -86.01950080499063
    vertex 6.423510611916021 57.66410538931989 -85.13678778775525
    vertex 6.197917401416823 57.84766333918667 -90.45221197138073
  endloop
endfacet
facet normal 0.798979 0.601358 -0.00124515
  outer loop
    vertex 9.036877181125099 54.28192139269983 -185.0523178391456
    vertex 6.627335199896924 57.48855314117534 -182.5131431245877
    vertex 9.02186501466096 54.31346167911998 -179.4524958642439
  endloop
endfacet
facet normal 0.764263 0.639607 -0.0824914
  outer loop
    vertex 5.202999193800351 58.53983602824509 -187.5580294442451
    vertex 6.627335199896924 57.48855314117534 -182.5131431245877
    vertex 9.036877181125099 54.28192139269983 -185.0523178391456
  endloop
endfacet
facet normal 0.569862 0.820955 0.0359381
  outer loop
    vertex 4.002987614370125 59.163846908324 -259.0919345509001
    vertex 7.200279271358574 56.93945087268755 -258.977446513888
    vertex 5.317585875302188 58.46895982153574 -264.0634844407671
  endloop
endfacet
facet normal 0.76328 0.639352 -0.0929137
  outer loop
    vertex 5.170668757826685 58.55945001719357 -297.1582294534203
    vertex 6.743787025695119 57.3838564823584 -292.3245927739324
    vertex 9.049662958713334 54.2548325858595 -294.9132320504393
  endloop
endfacet
facet normal 0.697079 0.710343 0.0974386
  outer loop
    vertex 7.071067811865469 57.07106781186548 -320.7451604160699
    vertex 5.096664124517992 58.60372098582069 -317.7935092038805
    vertex 8.69373622967864 54.94155343680234 -316.8292767365301
  endloop
endfacet
facet normal 0.975589 0.219604 -0
  outer loop
    vertex 10 50 -149.2402202035077
    vertex 9.035483814670219 54.28486081860689 -146.5002266248302
    vertex 10 50 -143.7477270848674
  endloop
endfacet
facet normal 0.480554 0.876291 -0.0343838
  outer loop
    vertex 5.9731418775078 58.02007332330339 -178.1101716122715
    vertex 6.627335199896924 57.48855314117534 -182.5131431245877
    vertex 2.765337099616784 59.6100421812541 -182.4217854125125
  endloop
endfacet
facet normal 0.780311 0.623899 0.0431851
  outer loop
    vertex 8.871418312579545 54.61496881064524 -102.5638622815548
    vertex 6.022143890633552 57.98334409633613 -99.74360072983157
    vertex 9.276882801358425 53.73355668094918 -97.15634479858895
  endloop
endfacet
facet normal -0.681917 0.725456 0.0932923
  outer loop
    vertex -4.690055292732335 58.83195229556373 -200.9757055086528
    vertex -6.425052309287662 57.66281298368408 -204.5661967215012
    vertex -8.490943089221236 55.28241284410885 -201.1563870780452
  endloop
endfacet
facet normal -0.778147 0.627323 0.0308707
  outer loop
    vertex -5.988596721172367 58.00853977396402 -153.7360388544455
    vertex -6.534442357005569 57.56974656662768 -158.5782789597682
    vertex -8.868719475302616 54.62015312174695 -157.4789598814685
  endloop
endfacet
facet normal -0.80625 0.590683 -0.0324833
  outer loop
    vertex -9.081203750312349 54.18709188403037 -239.9390013496508
    vertex -7.055662235053618 57.08643989777929 -237.4914740393461
    vertex -6.403526015397421 57.68081080160997 -242.8696080129083
  endloop
endfacet
facet normal 0.542624 0.839532 -0.0273208
  outer loop
    vertex 6.334691901190038 57.73767914280486 -231.2207405537938
    vertex 7.018055789242949 57.12368534812379 -236.5155215714503
    vertex 3.781700035871128 59.25736165647061 -235.2283741333216
  endloop
endfacet
facet normal 0.550647 0.833843 0.0386636
  outer loop
    vertex 3.80323957886351 59.24853332727768 -95.42782759800272
    vertex 7.150832173659729 56.99039335260562 -94.40378589778585
    vertex 6.022143890633552 57.98334409633613 -99.74360072983157
  endloop
endfacet
facet normal 0.798989 0.599554 -0.0463883
  outer loop
    vertex 6.124232316368369 57.90530066064215 -66.85282342389897
    vertex 7.070569927296598 57.07156566138001 -61.3289183519465
    vertex 9.099482479760418 54.14721817614328 -64.17929979886827
  endloop
endfacet
facet normal -0.802512 0.596592 -0.0072256
  outer loop
    vertex -8.933023304276443 54.49456278688528 -97.08739340656483
    vertex -6.776613564076766 57.35374112973599 -100.5172751631037
    vertex -9.031722324644907 54.2927836948198 -102.7855485151955
  endloop
endfacet
facet normal 0.759953 0.644044 -0.0876294
  outer loop
    vertex 5.317585875302188 58.46895982153574 -264.0634844407671
    vertex 7.200279271358574 56.93945087268755 -258.977446513888
    vertex 8.924330318243245 54.51179879547885 -261.8682331275538
  endloop
endfacet
facet normal -0.769668 0.636743 0.0465736
  outer loop
    vertex -5.802347472411613 58.1444928515776 -72.61756953922011
    vertex -6.756943325966483 57.37181910315744 -77.82926132914804
    vertex -8.871418312579596 54.61496881064514 -75.08172951537243
  endloop
endfacet
facet normal -0.788131 0.615359 0.0134887
  outer loop
    vertex -9.081203750312349 54.18709188403037 -239.9390013496508
    vertex -6.403526015397421 57.68081080160997 -242.8696080129083
    vertex -8.927386696656441 54.50574819185023 -245.4888293384889
  endloop
endfacet
facet normal -0.79793 0.600435 -0.0527847
  outer loop
    vertex -9.178951927175449 53.9682290153924 -278.4393044526641
    vertex -6.808985499194087 57.32377747284588 -276.0954216075067
    vertex -5.897747946466917 58.07567762853033 -281.3173263581315
  endloop
endfacet
facet normal 0.797773 0.602876 -0.00993234
  outer loop
    vertex 9.06652003902002 54.21879300061622 -113.5390149323454
    vertex 6.656336072132757 57.46278701925925 -110.221917584774
    vertex 8.940716034495084 54.4792406488737 -107.8349627435007
  endloop
endfacet
facet normal -0.326229 0.944488 0.0389482
  outer loop
    vertex -1.277419225105362 59.9180744161017 -38.8962017164849
    vertex -2.336153525799271 59.72329094000049 -43.04067055153764
    vertex -5.015809577706196 58.6511071129764 -39.48510955681428
  endloop
endfacet
facet normal 0.79884 0.600333 0.0381498
  outer loop
    vertex 9.139108479840859 54.05914968850631 -195.7809921984695
    vertex 6.739094393221903 57.38813960068738 -197.9114644767518
    vertex 6.076704021731198 57.94189323979339 -192.7553001741488
  endloop
endfacet
facet normal 0.803817 0.594869 -0.00303463
  outer loop
    vertex 9.049662958713334 54.2548325858595 -294.9132320504393
    vertex 6.743787025695119 57.3838564823584 -292.3245927739324
    vertex 9.011541754495017 54.3349873364282 -289.298348917734
  endloop
endfacet
facet normal -0.781514 0.623885 -0.00198533
  outer loop
    vertex -8.790813531087842 54.76671768218372 -179.2369819863536
    vertex -6.574252929142562 57.53519730489258 -181.7860992591249
    vertex -8.820731208691342 54.71112523119675 -184.9298516372506
  endloop
endfacet
facet normal -0.442666 0.89507 -0.0538187
  outer loop
    vertex -2.134841951479588 59.76946517687651 -110.5122188059412
    vertex -6.515544179817064 57.58601898500471 -110.7937192281028
    vertex -5.34611687081891 58.45097831044107 -106.0270961649322
  endloop
endfacet
facet normal -0.54617 0.837262 0.0263041
  outer loop
    vertex -6.403526015397421 57.68081080160997 -242.8696080129083
    vertex -7.055662235053618 57.08643989777929 -237.4914740393461
    vertex -3.813833562712435 59.24416970614063 -238.8599231714066
  endloop
endfacet
facet normal -0.743111 0.667427 0.0482417
  outer loop
    vertex -5.099937019424923 58.6017813502727 -116.0635665163298
    vertex -5.862347324097271 58.10141246028429 -120.8850357214756
    vertex -8.868719475302584 54.62015312174702 -119.0315080509859
  endloop
endfacet
facet normal 0.81049 0.582352 -0.0630254
  outer loop
    vertex 6.022143890633552 57.98334409633613 -99.74360072983157
    vertex 7.150832173659729 56.99039335260562 -94.40378589778585
    vertex 9.276882801358425 53.73355668094918 -97.15634479858895
  endloop
endfacet
facet normal -0.986402 0.164351 0
  outer loop
    vertex -10 50 -22.9128784747792
    vertex -9.459772333934056 53.24233054917845 -26.23821965484359
    vertex -10 50 -28.40537159341957
  endloop
endfacet
facet normal 0.393127 0.918331 -0.0460356
  outer loop
    vertex 4.398959441740791 58.98048750513688 -249.6523904942084
    vertex 5.779668254158089 58.1606026047025 -254.2169412822306
    vertex 1.954598149523629 59.80711711329475 -254.0364835599999
  endloop
endfacet
facet normal 0.0334908 0.995475 0.0889311
  outer loop
    vertex 3.020603805100658 59.53288794923193 -292.3861892086516
    vertex -0.02774032471194886 59.99996152364523 -296.4665226972591
    vertex -2.501656592416782 59.68203048402646 -291.9760158423418
  endloop
endfacet
facet normal -0.97732 0.211766 0
  outer loop
    vertex -10 50 -61.36033030526188
    vertex -9.103099263940264 54.13927334091991 -63.99296502782843
    vertex -10 50 -66.85282342390227
  endloop
endfacet
facet normal 0.981656 0.19066 -0
  outer loop
    vertex 10 50 -281.0600550508769
    vertex 9.272977160736547 53.74324652894494 -278.3138084915567
    vertex 10 50 -275.5675619322365
  endloop
endfacet
facet normal 0.438834 0.896535 0.0604118
  outer loop
    vertex 1.966111382172194 59.80481545124093 -230.1642805059022
    vertex 6.334691901190038 57.73767914280486 -231.2207405537938
    vertex 3.781700035871128 59.25736165647061 -235.2283741333216
  endloop
endfacet
facet normal -0.435091 0.897737 -0.0690161
  outer loop
    vertex -1.778516059334285 59.8405731858815 -243.9331636405127
    vertex -6.403526015397421 57.68081080160997 -242.8696080129083
    vertex -3.813833562712435 59.24416970614063 -238.8599231714066
  endloop
endfacet
facet normal 0.464926 0.885267 -0.0120732
  outer loop
    vertex 6.138751773424998 57.89403107824332 -240.4743490788685
    vertex 6.40868673172597 57.67650534908949 -246.0295209518226
    vertex 2.76082224641749 59.61134020434644 -244.6331870426226
  endloop
endfacet
facet normal -0.395204 0.918496 -0.0134084
  outer loop
    vertex -5.405722521844065 58.41297593107385 -297.3238161999238
    vertex -2.22216944640751 59.74997245900997 -299.5707011700712
    vertex -5.751025783373843 58.18081306710826 -303.0497129185354
  endloop
endfacet
facet normal -0.963111 0.250498 -0.0983238
  outer loop
    vertex -10 50 -33.89786471205997
    vertex -9.112806270452827 54.11785889476505 -32.0972021789018
    vertex -8.329173810147575 55.53397358507897 -36.16531071686786
  endloop
endfacet
facet normal -0.508276 0.860474 0.0352038
  outer loop
    vertex -5.897747946466917 58.07567762853033 -281.3173263581315
    vertex -6.808985499194087 57.32377747284588 -276.0954216075067
    vertex -3.308424565291325 59.43686001251353 -277.2033246564858
  endloop
endfacet
facet normal -0.396102 0.917252 0.0418619
  outer loop
    vertex -4.521587851778337 58.91937460243994 -224.4529662474743
    vertex -5.735793858127484 58.19149979045761 -219.9931818292728
    vertex -2.042427874336899 59.78920264261251 -220.0539917894069
  endloop
endfacet
facet normal -0.788469 0.614974 -0.0111106
  outer loop
    vertex -8.871418312579546 54.61496881064523 -108.0563554001953
    vertex -6.515544179817064 57.58601898500471 -110.7937192281028
    vertex -9.011845333861126 54.33435620116361 -113.6228582670973
  endloop
endfacet
facet normal 0.982158 0.18806 -0
  outer loop
    vertex 10 50 -44.88285094934076
    vertex 9.292671242189218 53.69408462065902 -42.13660439002058
    vertex 10 50 -39.3903578307004
  endloop
endfacet
facet normal -0.982076 0.188485 0
  outer loop
    vertex -10 50 -193.180165152631
    vertex -9.289465914967687 53.7021376277299 -195.9264117119512
    vertex -10 50 -198.6726582712714
  endloop
endfacet
facet normal -0.465525 0.884705 0.0241558
  outer loop
    vertex -5.856026071736827 58.10598289210744 -233.6534704621894
    vertex -6.454420341514042 57.63809256654106 -228.0491309013776
    vertex -2.798077889918127 59.60056040666123 -229.4602009912421
  endloop
endfacet
facet normal -0.781137 0.624248 -0.0118178
  outer loop
    vertex -8.720781564084421 54.89366620352526 -289.1666181474159
    vertex -6.548732823796419 57.55738700891594 -292.0306942520715
    vertex -8.897230418220825 54.56500721632355 -294.8642882814711
  endloop
endfacet
facet normal 0.968528 0.244183 -0.0482466
  outer loop
    vertex 8.528416248847346 55.22169668655664 -37.01151137672164
    vertex 8.926868050480023 54.50677565553456 -32.63108741712045
    vertex 10 50 -33.89786471206003
  endloop
endfacet
facet normal 0.31525 0.947409 0.0550827
  outer loop
    vertex 5.789838728096724 58.15338993932164 -314.0151164942514
    vertex 5.096664124517992 58.60372098582069 -317.7935092038805
    vertex 0.6955195468798309 59.97578330558098 -316.2039128509761
  endloop
endfacet
facet normal -0.974618 0.218285 0.0497189
  outer loop
    vertex -8.777430769599862 54.79131600762062 -316.5776908990583
    vertex -9.206671116176576 53.90348651317767 -321.0939972998248
    vertex -10 50 -319.5075068813596
  endloop
endfacet
facet normal 0.772506 0.634155 0.032884
  outer loop
    vertex 8.417397475484968 55.39883503542192 -273.0532366198416
    vertex 6.373351862953607 57.7058669876261 -269.5250010769455
    vertex 8.964460819028741 54.43152820414116 -267.2506319348769
  endloop
endfacet
facet normal 0.571605 0.81957 -0.0396577
  outer loop
    vertex 5.779668254158089 58.1606026047025 -254.2169412822306
    vertex 7.200279271358574 56.93945087268755 -258.977446513888
    vertex 4.002987614370125 59.163846908324 -259.0919345509001
  endloop
endfacet
facet normal 0.446364 0.893154 -0.0550933
  outer loop
    vertex 4.636982962655579 58.85993165910673 -128.8572440192328
    vertex 6.260486763749027 57.7978397957975 -132.9219684478327
    vertex 2.285430211388453 59.73533814250295 -133.7176292627687
  endloop
endfacet
facet normal 0.499989 0.865042 -0.041388
  outer loop
    vertex 5.883062663657443 58.08638199045035 -288.0392672665271
    vertex 6.743787025695119 57.3838564823584 -292.3245927739324
    vertex 3.020603805100658 59.53288794923193 -292.3861892086516
  endloop
endfacet
facet normal -0.478419 0.875637 0.0661477
  outer loop
    vertex -5.040039456870043 58.63701350428452 -82.15975832311607
    vertex -6.756943325966483 57.37181910315744 -77.82926132914804
    vertex -2.37203066000087 59.71460089494241 -77.12783749065053
  endloop
endfacet
facet normal 0.76318 0.645735 -0.0241373
  outer loop
    vertex 8.871418312579534 54.61496881064526 -135.518820993397
    vertex 6.260486763749027 57.7978397957975 -132.9219684478327
    vertex 8.481050252596567 55.29828147732184 -129.5812043851271
  endloop
endfacet
facet normal 0.982779 0.184783 -0
  outer loop
    vertex 10 50 -171.2101926780693
    vertex 9.317106842937767 53.63201322647402 -168.4639461187491
    vertex 10 50 -165.7176995594289
  endloop
endfacet
facet normal -0.982982 0.183702 0
  outer loop
    vertex -10 50 -160.2252064407887
    vertex -9.325070937584858 53.61151658019318 -162.9714530001089
    vertex -10 50 -165.7176995594291
  endloop
endfacet
facet normal -0.388413 0.920268 0.047344
  outer loop
    vertex -4.244697781615892 59.05442106060598 -91.5680706074935
    vertex -5.690319718600328 58.22315398737663 -87.26995863016687
    vertex -1.771821205982944 59.84178081517919 -86.58505604530515
  endloop
endfacet
facet normal -0.772352 0.634709 -0.0248502
  outer loop
    vertex -8.490943089221236 55.28241284410885 -201.1563870780452
    vertex -6.425052309287662 57.66281298368408 -204.5661967215012
    vertex -8.902335941958116 54.55504278536664 -206.9482045068009
  endloop
endfacet
facet normal 0.81735 0.576108 0.00617754
  outer loop
    vertex 9.035483814670219 54.28486081860689 -146.5002266248302
    vertex 7.000879867384215 57.1405658797083 -143.6203457083745
    vertex 9.116757740883681 54.10910310092574 -140.8626909762969
  endloop
endfacet
facet normal 0.5289 0.84737 -0.047219
  outer loop
    vertex 5.497790049438351 58.35310149419344 -216.0829169844747
    vertex 6.942436046459053 57.19740104071087 -220.6411022827843
    vertex 3.391503494137204 59.40732183191662 -220.7568694594277
  endloop
endfacet
facet normal 0.503299 0.863656 -0.0280969
  outer loop
    vertex 6.076704021731198 57.94189323979339 -192.7553001741488
    vertex 6.739094393221903 57.38813960068738 -197.9114644767518
    vertex 3.240433783196144 59.46042223670388 -196.8840714550317
  endloop
endfacet
facet normal 0.983915 0.178639 -0
  outer loop
    vertex 10 50 -127.2702477289463
    vertex 9.361761814491365 53.51531161189607 -124.5240011696261
    vertex 10 50 -121.7777546103059
  endloop
endfacet
facet normal -0.754409 0.654579 -0.0489275
  outer loop
    vertex -8.820731208691342 54.71112523119675 -184.9298516372506
    vertex -6.574252929142562 57.53519730489258 -181.7860992591249
    vertex -5.713149864036246 58.20730885437258 -186.071487299172
  endloop
endfacet
facet normal -0.767203 0.640201 0.0392681
  outer loop
    vertex -5.699200888806728 58.2170012309251 -49.85952770239203
    vertex -6.330523686723542 57.7410897070007 -54.43508347398246
    vertex -8.871418312579584 54.61496881064516 -53.11175704081097
  endloop
endfacet
facet normal 0.973297 0.217496 0.0734114
  outer loop
    vertex 10 50 -319.5075068813596
    vertex 9.309752696914748 53.65082247203128 -321.1724385923865
    vertex 8.69373622967864 54.94155343680234 -316.8292767365301
  endloop
endfacet
facet normal -0.536146 0.842825 0.0468344
  outer loop
    vertex -5.528035910239811 58.33311580233343 -258.0509019868617
    vertex -6.976675399303088 57.16421666148918 -253.5991661536134
    vertex -3.475683900683428 59.37654634833797 -253.3336078823743
  endloop
endfacet
facet normal -0.489961 0.871421 -0.023735
  outer loop
    vertex -3.118729331876782 59.50123820112366 -158.1748667472135
    vertex -6.534442357005569 57.56974656662768 -158.5782789597682
    vertex -5.988596721172367 58.00853977396402 -153.7360388544455
  endloop
endfacet
facet normal 0.806937 0.59048 0.0136311
  outer loop
    vertex 8.969858252781721 54.42059305127758 -201.4189048305914
    vertex 6.739094393221903 57.38813960068738 -197.9114644767518
    vertex 9.139108479840859 54.05914968850631 -195.7809921984695
  endloop
endfacet
facet normal -0.826069 0.562655 -0.0320969
  outer loop
    vertex -7.071067811865484 57.07106781186547 -320.5300912200665
    vertex -9.206671116176576 53.90348651317767 -321.0939972998248
    vertex -8.777430769599862 54.79131600762062 -316.5776908990583
  endloop
endfacet
facet normal -0.476306 0.877521 -0.0555786
  outer loop
    vertex -2.667557992347199 59.63764153501595 -205.5875356871613
    vertex -6.425052309287662 57.66281298368408 -204.5661967215012
    vertex -4.690055292732335 58.83195229556373 -200.9757055086528
  endloop
endfacet
facet normal 0.46941 0.881579 0.0497281
  outer loop
    vertex 2.605261759879036 59.65466784319958 -268.5042716543459
    vertex 6.373351862953607 57.7058669876261 -269.5250010769455
    vertex 4.839858496432256 58.75075823769075 -273.5733437916271
  endloop
endfacet
facet normal -0.812718 0.580866 0.0456478
  outer loop
    vertex -9.112806270452827 54.11785889476505 -32.0972021789018
    vertex -6.876455845794132 57.26046520553908 -32.27048756977746
    vertex -8.329173810147575 55.53397358507897 -36.16531071686786
  endloop
endfacet
facet normal -0.793394 0.608708 0.000184375
  outer loop
    vertex -8.871418312579596 54.61496881064514 -75.08172951537243
    vertex -6.756943325966483 57.37181910315744 -77.82926132914804
    vertex -8.868719475333288 54.62015312168808 -80.58405622050321
  endloop
endfacet
facet normal 0.778777 0.626015 0.040139
  outer loop
    vertex 9.02186501466096 54.31346167911998 -179.4524958642439
    vertex 6.627335199896924 57.48855314117534 -182.5131431245877
    vertex 5.9731418775078 58.02007332330339 -178.1101716122715
  endloop
endfacet
facet normal -0.474695 0.879124 0.042495
  outer loop
    vertex -5.713149864036246 58.20730885437258 -186.071487299172
    vertex -6.574252929142562 57.53519730489258 -181.7860992591249
    vertex -2.681977321159058 59.63363885812565 -181.7188927369738
  endloop
endfacet
facet normal 0.430082 0.900747 -0.060692
  outer loop
    vertex 4.396395365591275 58.98174302623981 -152.5821014194815
    vertex 6.169012881341238 57.87040533072128 -156.5144771582177
    vertex 1.960067970161421 59.8060253697585 -157.6132474867772
  endloop
endfacet
facet normal 0.777062 0.627508 -0.0490695
  outer loop
    vertex 5.90377130510383 58.07127526336654 -114.3580637825244
    vertex 6.656336072132757 57.46278701925925 -110.221917584774
    vertex 9.06652003902002 54.21879300061622 -113.5390149323454
  endloop
endfacet
facet normal 0.426387 0.904259 0.0225821
  outer loop
    vertex 2.446604102324536 59.69608830232526 -76.5789136520179
    vertex 5.908084592431324 58.06811851974645 -76.74827659959267
    vertex 5.413707729648783 58.40783971171793 -81.01713798888498
  endloop
endfacet
facet normal -0.799156 0.601122 -0.000990219
  outer loop
    vertex -8.868719475313112 54.6201531217268 -311.268767203399
    vertex -6.910336877260615 57.22822552517366 -308.5254833342997
    vertex -6.886479188089235 57.25095886017938 -313.9793359166893
  endloop
endfacet
facet normal -0.811534 0.584096 -0.0156384
  outer loop
    vertex -8.98745588859356 54.3847048533037 -272.8213153729163
    vertex -6.808985499194087 57.32377747284588 -276.0954216075067
    vertex -9.178951927175449 53.9682290153924 -278.4393044526641
  endloop
endfacet
facet normal -0.806904 0.590502 0.0146373
  outer loop
    vertex -9.076477614471356 54.19732702014036 -305.6640018577606
    vertex -6.910336877260615 57.22822552517366 -308.5254833342997
    vertex -8.868719475313112 54.6201531217268 -311.268767203399
  endloop
endfacet
facet normal 0.529087 0.846551 -0.0584742
  outer loop
    vertex 5.703067566737411 58.21431800755411 -57.1583452425038
    vertex 7.070569927296598 57.07156566138001 -61.3289183519465
    vertex 3.061732322810028 59.51975814731973 -62.15839244535996
  endloop
endfacet
facet normal -0.470963 0.880806 0.0487279
  outer loop
    vertex -4.77985202001391 58.78367887998924 -58.29344810526985
    vertex -6.330523686723542 57.7410897070007 -54.43508347398246
    vertex -2.66188710147209 59.63920935860492 -53.28756448804533
  endloop
endfacet
facet normal -0.767343 0.63925 0.0504456
  outer loop
    vertex -5.920679895235684 58.05888016899073 -96.43297814322544
    vertex -6.776613564076766 57.35374112973599 -100.5172751631037
    vertex -8.933023304276443 54.49456278688528 -97.08739340656483
  endloop
endfacet
facet normal 0.43986 0.896343 0.0556121
  outer loop
    vertex 2.130017090101296 59.77051826649316 -206.2859631060469
    vertex 6.176845270960015 57.86425981886528 -207.5694611129576
    vertex 4.198274010765231 59.07603962808301 -211.4512594530674
  endloop
endfacet
facet normal -0.439878 0.896065 -0.059792
  outer loop
    vertex -2.056737736821098 59.78620610256784 -267.8041635792475
    vertex -6.230990472034194 57.82142939221592 -266.5398817594729
    vertex -4.4818368463352 58.93941488481389 -262.6535127537005
  endloop
endfacet
facet normal 0.445325 0.894137 -0.0469588
  outer loop
    vertex 4.869157250660456 58.73448954824154 -47.75312747997623
    vertex 6.162540681797401 57.87547410288371 -51.84397944567223
    vertex 2.38080480329786 59.71245429788958 -52.72962658873577
  endloop
endfacet
facet normal -0.0159578 0.999756 -0.015297
  outer loop
    vertex 1.822540910701448 59.83251466456163 -305.981028604232
    vertex -1.908038815197262 59.81628177466909 -303.1502176849087
    vertex 1.348020808692148 59.90872544272637 -300.5051428447244
  endloop
endfacet
facet normal 0.803639 0.595094 -0.00522118
  outer loop
    vertex 8.949391019179004 54.46188305380567 -223.5186412200088
    vertex 6.942436046459053 57.19740104071087 -220.6411022827843
    vertex 8.868719475313306 54.62015312172643 -217.8963841865125
  endloop
endfacet
facet normal -0.547201 0.835114 0.0561766
  outer loop
    vertex -5.988596721172367 58.00853977396402 -153.7360388544455
    vertex -7.20242252070359 56.9372263789833 -149.6335985193387
    vertex -3.280093784139698 59.44674466508162 -148.7333843405066
  endloop
endfacet
facet normal -0.0142206 0.99896 -0.0433168
  outer loop
    vertex 2.05625005579099 59.78630858434678 -43.02937431351243
    vertex -2.336153525799271 59.72329094000049 -43.04067055153764
    vertex -1.277419225105362 59.9180744161017 -38.8962017164849
  endloop
endfacet
facet normal 0.480544 0.875991 0.0414372
  outer loop
    vertex 2.716408416641335 59.6239869759887 -110.2191639850621
    vertex 6.656336072132757 57.46278701925925 -110.221917584774
    vertex 5.90377130510383 58.07127526336654 -114.3580637825244
  endloop
endfacet
facet normal -0.431967 0.901866 -0.00656815
  outer loop
    vertex -2.458152025914585 59.69316710974757 -133.9510188337333
    vertex -6.012174516860251 57.99085462130405 -133.9566177844598
    vertex -5.895361455885808 58.07741996583414 -129.7528610912069
  endloop
endfacet
facet normal 0.832579 0.553773 -0.0121496
  outer loop
    vertex 9.276882801358425 53.73355668094918 -97.15634479858895
    vertex 7.150832173659729 56.99039335260562 -94.40378589778585
    vertex 9.133556419036502 54.07162708757532 -91.56904245778392
  endloop
endfacet
facet normal 0.817342 0.576078 -0.00923969
  outer loop
    vertex 9.099482479760418 54.14721817614328 -64.17929979886827
    vertex 7.070569927296598 57.07156566138001 -61.3289183519465
    vertex 8.970191177513534 54.41991744706373 -58.61408374594167
  endloop
endfacet
facet normal 0.775542 0.629097 0.0526381
  outer loop
    vertex 9.011541754495017 54.3349873364282 -289.298348917734
    vertex 6.743787025695119 57.3838564823584 -292.3245927739324
    vertex 5.883062663657443 58.08638199045035 -288.0392672665271
  endloop
endfacet
facet normal -0.806802 0.59076 0.0085886
  outer loop
    vertex -8.999832674049973 54.35924441148951 -250.7140358643076
    vertex -6.976675399303088 57.16421666148918 -253.5991661536134
    vertex -8.868719475302635 54.62015312174692 -256.3438360169952
  endloop
endfacet
facet normal -0.820711 0.57133 -0.00392396
  outer loop
    vertex -8.970876005372732 54.41852732210945 -146.4783107600707
    vertex -7.20242252070359 56.9372263789833 -149.6335985193387
    vertex -9.030961140826992 54.29438480726552 -151.9864667628281
  endloop
endfacet
facet normal 0.763293 0.643364 -0.0588712
  outer loop
    vertex 5.770720224295009 58.16693259999815 -201.9559782385138
    vertex 6.739094393221903 57.38813960068738 -197.9114644767518
    vertex 8.969858252781721 54.42059305127758 -201.4189048305914
  endloop
endfacet
facet normal -0.831733 0.553797 0.0391122
  outer loop
    vertex -8.660254037844391 54.99999999999999 -325
    vertex -9.206671116176576 53.90348651317767 -321.0939972998248
    vertex -7.071067811865484 57.07106781186547 -320.5300912200665
  endloop
endfacet
facet normal -0.565791 0.823483 -0.0419052
  outer loop
    vertex -3.813833562712435 59.24416970614063 -238.8599231714066
    vertex -7.055662235053618 57.08643989777929 -237.4914740393461
    vertex -5.856026071736827 58.10598289210744 -233.6534704621894
  endloop
endfacet
facet normal 0.517981 0.854432 0.0405058
  outer loop
    vertex 3.240433783196144 59.46042223670388 -196.8840714550317
    vertex 6.739094393221903 57.38813960068738 -197.9114644767518
    vertex 5.770720224295009 58.16693259999815 -201.9559782385138
  endloop
endfacet
facet normal 0.516001 0.854809 0.0551814
  outer loop
    vertex 3.042630512330663 59.52588051391757 -143.5574202360922
    vertex 7.000879867384215 57.1405658797083 -143.6203457083745
    vertex 5.968938268618409 58.02320234977422 -147.6434867607063
  endloop
endfacet
facet normal -0.52667 0.848876 -0.0450335
  outer loop
    vertex -3.308424565291325 59.43686001251353 -277.2033246564858
    vertex -6.808985499194087 57.32377747284588 -276.0954216075067
    vertex -5.616767597598236 58.27356765576801 -272.1350444556886
  endloop
endfacet
facet normal 0.560167 0.82757 0.0366166
  outer loop
    vertex 3.781700035871128 59.25736165647061 -235.2283741333216
    vertex 7.018055789242949 57.12368534812379 -236.5155215714503
    vertex 6.138751773424998 57.89403107824332 -240.4743490788685
  endloop
endfacet
facet normal 0.817444 0.575996 0.00380392
  outer loop
    vertex 8.924330318243245 54.51179879547885 -261.8682331275538
    vertex 7.200279271358574 56.93945087268755 -258.977446513888
    vertex 8.98665208617212 54.38635204721398 -256.2655074724403
  endloop
endfacet
facet normal -0.483902 0.873725 -0.0494356
  outer loop
    vertex -2.618236206601387 59.65115740035575 -100.6171258118476
    vertex -6.776613564076766 57.35374112973599 -100.5172751631037
    vertex -5.920679895235684 58.05888016899073 -96.43297814322544
  endloop
endfacet
facet normal -0.814055 0.580617 -0.0141001
  outer loop
    vertex -8.868719475300624 54.62015312175077 -234.3738635424337
    vertex -7.055662235053618 57.08643989777929 -237.4914740393461
    vertex -9.081203750312349 54.18709188403037 -239.9390013496508
  endloop
endfacet
facet normal 0.476456 0.878206 -0.0417572
  outer loop
    vertex 5.413707729648783 58.40783971171793 -81.01713798888498
    vertex 6.423510611916021 57.66410538931989 -85.13678778775525
    vertex 2.752710432694256 59.61366658844253 -86.01950080499063
  endloop
endfacet
facet normal 0.816003 0.577734 0.0190319
  outer loop
    vertex 8.868719475313307 54.62015312172643 -239.866356661074
    vertex 7.018055789242949 57.12368534812379 -236.5155215714503
    vertex 9.145074760818044 54.04569000530797 -234.2768025881467
  endloop
endfacet
facet normal 0.567445 0.822361 -0.041568
  outer loop
    vertex 6.197917401416823 57.84766333918667 -90.45221197138073
    vertex 7.150832173659729 56.99039335260562 -94.40378589778585
    vertex 3.80323957886351 59.24853332727768 -95.42782759800272
  endloop
endfacet
facet normal -0.495278 0.861116 -0.114803
  outer loop
    vertex -7.071067811865484 57.07106781186547 -320.5300912200665
    vertex -4.999445115643886 58.66057437677574 -317.5448160982288
    vertex -2.545614275196323 59.67056606212464 -320.5552564321594
  endloop
endfacet
facet normal -0.95715 0.269132 0.106917
  outer loop
    vertex -8.649706950355702 55.01797607027477 -23.45596404783778
    vertex -9.459772333934056 53.24233054917845 -26.23821965484359
    vertex -10 50 -22.9128784747792
  endloop
endfacet
facet normal -0.795751 0.605595 0.00584156
  outer loop
    vertex -8.868719475313112 54.6201531217268 -311.268767203399
    vertex -6.886479188089235 57.25095886017938 -313.9793359166893
    vertex -8.777430769599862 54.79131600762062 -316.5776908990583
  endloop
endfacet
facet normal 0.770233 0.632831 0.079156
  outer loop
    vertex 8.970191177513534 54.41991744706373 -58.61408374594167
    vertex 7.070569927296598 57.07156566138001 -61.3289183519465
    vertex 5.703067566737411 58.21431800755411 -57.1583452425038
  endloop
endfacet
facet normal 0.833215 0.551067 -0.0455902
  outer loop
    vertex 8.69373622967864 54.94155343680234 -316.8292767365301
    vertex 9.309752696914748 53.65082247203128 -321.1724385923865
    vertex 7.071067811865469 57.07106781186548 -320.7451604160699
  endloop
endfacet
facet normal 0.482146 0.874807 0.0474073
  outer loop
    vertex 2.76082224641749 59.61134020434644 -244.6331870426226
    vertex 6.40868673172597 57.67650534908949 -246.0295209518226
    vertex 4.398959441740791 58.98048750513688 -249.6523904942084
  endloop
endfacet
facet normal -0.486958 0.872051 -0.0489787
  outer loop
    vertex -2.798077889918127 59.60056040666123 -229.4602009912421
    vertex -6.454420341514042 57.63809256654106 -228.0491309013776
    vertex -4.521587851778337 58.91937460243994 -224.4529662474743
  endloop
endfacet
facet normal -0.882483 0.468462 -0.0420354
  outer loop
    vertex -7.675053042393411 56.41042594500924 -28.3995539909526
    vertex -9.459772333934056 53.24233054917845 -26.23821965484359
    vertex -8.649706950355702 55.01797607027477 -23.45596404783778
  endloop
endfacet
facet normal -0.760009 0.645693 0.0739383
  outer loop
    vertex -5.616767597598236 58.27356765576801 -272.1350444556886
    vertex -6.808985499194087 57.32377747284588 -276.0954216075067
    vertex -8.98745588859356 54.3847048533037 -272.8213153729163
  endloop
endfacet
facet normal 0.492203 0.862371 -0.118547
  outer loop
    vertex 2.588190451025198 59.65925826289069 -320.5300912200665
    vertex 5.096664124517992 58.60372098582069 -317.7935092038805
    vertex 7.071067811865469 57.07106781186548 -320.7451604160699
  endloop
endfacet
facet normal 0.838493 0.542704 0.0490138
  outer loop
    vertex 7.071067811865469 57.07106781186548 -320.7451604160699
    vertex 9.309752696914748 53.65082247203128 -321.1724385923865
    vertex 8.660254037844384 55.00000000000001 -325
  endloop
endfacet
facet normal 0.758129 0.647652 0.076069
  outer loop
    vertex 8.868719475313306 54.62015312172643 -217.8963841865125
    vertex 6.942436046459053 57.19740104071087 -220.6411022827843
    vertex 5.497790049438351 58.35310149419344 -216.0829169844747
  endloop
endfacet
facet normal -0.451798 0.891602 -0.0303992
  outer loop
    vertex -2.66188710147209 59.63920935860492 -53.28756448804533
    vertex -6.330523686723542 57.7410897070007 -54.43508347398246
    vertex -5.699200888806728 58.2170012309251 -49.85952770239203
  endloop
endfacet
facet normal 0.320136 0.944712 0.0709373
  outer loop
    vertex 0.6955195468798309 59.97578330558098 -316.2039128509761
    vertex 5.096664124517992 58.60372098582069 -317.7935092038805
    vertex 2.588190451025198 59.65925826289069 -320.5300912200665
  endloop
endfacet
facet normal -0.391912 0.919839 -0.0173536
  outer loop
    vertex -5.751025783373843 58.18081306710826 -303.0497129185354
    vertex -2.22216944640751 59.74997245900997 -299.5707011700712
    vertex -1.908038815197262 59.81628177466909 -303.1502176849087
  endloop
endfacet
facet normal 0.781087 0.621125 -0.0640815
  outer loop
    vertex 5.968938268618409 58.02320234977422 -147.6434867607063
    vertex 7.000879867384215 57.1405658797083 -143.6203457083745
    vertex 9.035483814670219 54.28486081860689 -146.5002266248302
  endloop
endfacet
facet normal -0.758516 0.647099 -0.0769188
  outer loop
    vertex -8.868719475302635 54.62015312174692 -256.3438360169952
    vertex -6.976675399303088 57.16421666148918 -253.5991661536134
    vertex -5.528035910239811 58.33311580233343 -258.0509019868617
  endloop
endfacet
facet normal 0.779187 0.622547 0.0728279
  outer loop
    vertex 8.98665208617212 54.38635204721398 -256.2655074724403
    vertex 7.200279271358574 56.93945087268755 -258.977446513888
    vertex 5.779668254158089 58.1606026047025 -254.2169412822306
  endloop
endfacet
facet normal -0.78823 0.610955 -0.0736755
  outer loop
    vertex -9.030961140826992 54.29438480726552 -151.9864667628281
    vertex -7.20242252070359 56.9372263789833 -149.6335985193387
    vertex -5.988596721172367 58.00853977396402 -153.7360388544455
  endloop
endfacet
facet normal 0.796739 0.601164 0.0617134
  outer loop
    vertex 9.133556419036502 54.07162708757532 -91.56904245778392
    vertex 7.150832173659729 56.99039335260562 -94.40378589778585
    vertex 6.197917401416823 57.84766333918667 -90.45221197138073
  endloop
endfacet
facet normal 0.771497 0.634427 -0.0479063
  outer loop
    vertex 6.138751773424998 57.89403107824332 -240.4743490788685
    vertex 7.018055789242949 57.12368534812379 -236.5155215714503
    vertex 8.868719475313307 54.62015312172643 -239.866356661074
  endloop
endfacet
facet normal -0.761689 0.644483 0.0668763
  outer loop
    vertex -5.856026071736827 58.10598289210744 -233.6534704621894
    vertex -7.055662235053618 57.08643989777929 -237.4914740393461
    vertex -8.868719475300624 54.62015312175077 -234.3738635424337
  endloop
endfacet
facet normal -0.055179 0.997621 -0.0413339
  outer loop
    vertex 1.348020808692148 59.90872544272637 -300.5051428447244
    vertex -2.22216944640751 59.74997245900997 -299.5707011700712
    vertex -0.02774032471194886 59.99996152364523 -296.4665226972591
  endloop
endfacet
facet normal -0.815138 0.577794 -0.041287
  outer loop
    vertex -7.675053042393411 56.41042594500924 -28.3995539909526
    vertex -6.876455845794132 57.26046520553908 -32.27048756977746
    vertex -9.112806270452827 54.11785889476505 -32.0972021789018
  endloop
endfacet
facet normal -0.518392 0.852833 0.0628086
  outer loop
    vertex -3.285154400893154 59.44498600116974 -314.0468426429989
    vertex -4.999445115643886 58.66057437677574 -317.5448160982288
    vertex -6.886479188089235 57.25095886017938 -313.9793359166893
  endloop
endfacet
facet normal -0.0405113 0.999067 0.0149522
  outer loop
    vertex -1.908038815197262 59.81628177466909 -303.1502176849087
    vertex -2.22216944640751 59.74997245900997 -299.5707011700712
    vertex 1.348020808692148 59.90872544272637 -300.5051428447244
  endloop
endfacet
facet normal 0.965986 0.257921 -0.0186381
  outer loop
    vertex 10 50 -22.9128784747792
    vertex 8.481329713295992 55.2978341135187 -28.30992624577632
    vertex 8.649706950355728 55.01797607027472 -23.45596404783786
  endloop
endfacet
facet normal 0.961284 0.27556 -0
  outer loop
    vertex 10 50 -28.40537159341963
    vertex 8.481329713295992 55.2978341135187 -28.30992624577632
    vertex 10 50 -22.9128784747792
  endloop
endfacet
endsolid Created by Gmsh
