solid Created by Gmsh
facet normal 0 -1 0
  outer loop
    vertex -6.518790665183633 0 5.777196716263131
    vertex -2.801701482913113 0 -11.76706730939826
    vertex 8.651811091217795 0 -5.287900754343784
  endloop
endfacet
facet normal 0 -1 0
  outer loop
    vertex -6.518790665183633 0 5.777196716263131
    vertex 7.536837242638285 0 10.02405869137687
    vertex 0 0 25
  endloop
endfacet
facet normal -0 -1 0
  outer loop
    vertex 23.77641290737885 0 7.72542485937366
    vertex 7.536837242638285 0 10.02405869137687
    vertex 8.651811091217795 0 -5.287900754343784
  endloop
endfacet
facet normal 0 -1 0
  outer loop
    vertex 8.651811091217795 0 -5.287900754343784
    vertex 7.536837242638285 0 10.02405869137687
    vertex -6.518790665183633 0 5.777196716263131
  endloop
endfacet
facet normal 0 -1 0
  outer loop
    vertex -14.69463130731182 0 20.22542485937369
    vertex -6.518790665183633 0 5.777196716263131
    vertex 0 0 25
  endloop
endfacet
facet normal 0 -1 0
  outer loop
    vertex 23.77641290737885 0 7.72542485937366
    vertex 8.651811091217795 0 -5.287900754343784
    vertex 23.77641290737883 0 -7.725424859373711
  endloop
endfacet
facet normal -0 -1 0
  outer loop
    vertex 14.6946313073118 0 -20.22542485937371
    vertex -2.801701482913113 0 -11.76706730939826
    vertex 3.06151588455594e-15 0 -25
  endloop
endfacet
facet normal 0 -1 -0
  outer loop
    vertex 8.651811091217795 0 -5.287900754343784
    vertex -2.801701482913113 0 -11.76706730939826
    vertex 14.6946313073118 0 -20.22542485937371
  endloop
endfacet
facet normal 0 -1 -0
  outer loop
    vertex -6.518790665183633 0 5.777196716263131
    vertex -12.70925132646371 0 -4.565903296027488
    vertex -2.801701482913113 0 -11.76706730939826
  endloop
endfacet
facet normal 0 -1 0
  outer loop
    vertex 0 0 25
    vertex 7.536837242638285 0 10.02405869137687
    vertex 14.69463130731183 0 20.22542485937368
  endloop
endfacet
facet normal 0 -1 -0
  outer loop
    vertex 14.69463130731183 0 20.22542485937368
    vertex 7.536837242638285 0 10.02405869137687
    vertex 23.77641290737885 0 7.72542485937366
  endloop
endfacet
facet normal -0 -1 0
  outer loop
    vertex 23.77641290737883 0 -7.725424859373711
    vertex 8.651811091217795 0 -5.287900754343784
    vertex 14.6946313073118 0 -20.22542485937371
  endloop
endfacet
facet normal 0 -1 0
  outer loop
    vertex -23.77641290737884 0 7.725424859373692
    vertex -6.518790665183633 0 5.777196716263131
    vertex -14.69463130731182 0 20.22542485937369
  endloop
endfacet
facet normal 0 -1 0
  outer loop
    vertex -23.77641290737884 0 -7.725424859373689
    vertex -12.70925132646371 0 -4.565903296027488
    vertex -23.77641290737884 0 7.725424859373692
  endloop
endfacet
facet normal 0 -1 0
  outer loop
    vertex -23.77641290737884 0 7.725424859373692
    vertex -12.70925132646371 0 -4.565903296027488
    vertex -6.518790665183633 0 5.777196716263131
  endloop
endfacet
facet normal 0 -1 0
  outer loop
    vertex -14.69463130731183 0 -20.22542485937368
    vertex -12.70925132646371 0 -4.565903296027488
    vertex -23.77641290737884 0 -7.725424859373689
  endloop
endfacet
facet normal 0 -1 0
  outer loop
    vertex 3.06151588455594e-15 0 -25
    vertex -2.801701482913113 0 -11.76706730939826
    vertex -14.69463130731183 0 -20.22542485937368
  endloop
endfacet
facet normal -0 -1 0
  outer loop
    vertex -2.801701482913113 0 -11.76706730939826
    vertex -12.70925132646371 0 -4.565903296027488
    vertex -14.69463130731183 0 -20.22542485937368
  endloop
endfacet
facet normal 0 1 0
  outer loop
    vertex -3.480023484606504 100 7.98499030565936
    vertex 12.05691941367253 100 -0.9716473205196381
    vertex 2.355535810632743 100 -9.862412513717704
  endloop
endfacet
facet normal 0 1 0
  outer loop
    vertex -14.6946313073118 100 -20.22542485937371
    vertex -11.8624571299723 100 -4.070353683619794
    vertex 2.355535810632743 100 -9.862412513717704
  endloop
endfacet
facet normal 0 1 0
  outer loop
    vertex -3.480023484606504 100 7.98499030565936
    vertex -11.8624571299723 100 -4.070353683619794
    vertex -23.77641290737885 100 7.72542485937366
  endloop
endfacet
facet normal 0 1 0
  outer loop
    vertex 2.355535810632743 100 -9.862412513717704
    vertex -11.8624571299723 100 -4.070353683619794
    vertex -3.480023484606504 100 7.98499030565936
  endloop
endfacet
facet normal -0 1 0
  outer loop
    vertex -14.6946313073118 100 -20.22542485937371
    vertex 2.355535810632743 100 -9.862412513717704
    vertex 3.06151588455594e-15 100 -25
  endloop
endfacet
facet normal 0 1 0
  outer loop
    vertex -14.69463130731183 100 20.22542485937368
    vertex -3.480023484606504 100 7.98499030565936
    vertex -23.77641290737885 100 7.72542485937366
  endloop
endfacet
facet normal -0 1 0
  outer loop
    vertex 2.355535810632743 100 -9.862412513717704
    vertex 12.05691941367253 100 -0.9716473205196381
    vertex 14.69463130731183 100 -20.22542485937368
  endloop
endfacet
facet normal 0 1 -0
  outer loop
    vertex 14.69463130731183 100 -20.22542485937368
    vertex 12.05691941367253 100 -0.9716473205196381
    vertex 23.77641290737884 100 -7.725424859373689
  endloop
endfacet
facet normal -0 1 0
  outer loop
    vertex -3.480023484606504 100 7.98499030565936
    vertex 8.269806728120091 100 10.67627457812106
    vertex 12.05691941367253 100 -0.9716473205196381
  endloop
endfacet
facet normal -0 1 0
  outer loop
    vertex -23.77641290737883 100 -7.725424859373711
    vertex -11.8624571299723 100 -4.070353683619794
    vertex -14.6946313073118 100 -20.22542485937371
  endloop
endfacet
facet normal 0 1 0
  outer loop
    vertex -23.77641290737885 100 7.72542485937366
    vertex -11.8624571299723 100 -4.070353683619794
    vertex -23.77641290737883 100 -7.725424859373711
  endloop
endfacet
facet normal 0 1 0
  outer loop
    vertex 0 100 25
    vertex -3.480023484606504 100 7.98499030565936
    vertex -14.69463130731183 100 20.22542485937368
  endloop
endfacet
facet normal 0 1 0
  outer loop
    vertex 3.06151588455594e-15 100 -25
    vertex 2.355535810632743 100 -9.862412513717704
    vertex 14.69463130731183 100 -20.22542485937368
  endloop
endfacet
facet normal 0 1 0
  outer loop
    vertex 14.69463130731182 100 20.22542485937369
    vertex 8.269806728120091 100 10.67627457812106
    vertex 0 100 25
  endloop
endfacet
facet normal 0 1 0
  outer loop
    vertex 0 100 25
    vertex 8.269806728120091 100 10.67627457812106
    vertex -3.480023484606504 100 7.98499030565936
  endloop
endfacet
facet normal 0 1 0
  outer loop
    vertex 23.77641290737884 100 7.725424859373692
    vertex 8.269806728120091 100 10.67627457812106
    vertex 14.69463130731182 100 20.22542485937369
  endloop
endfacet
facet normal 0 1 -0
  outer loop
    vertex 23.77641290737884 100 -7.725424859373689
    vertex 12.05691941367253 100 -0.9716473205196381
    vertex 23.77641290737884 100 7.725424859373692
  endloop
endfacet
facet normal 0 1 -0
  outer loop
    vertex 12.05691941367253 100 -0.9716473205196381
    vertex 8.269806728120091 100 10.67627457812106
    vertex 23.77641290737884 100 7.725424859373692
  endloop
endfacet
facet normal 0.670607 0.0172638 0.741612
  outer loop
    vertex 11.75097381385682 78.12060867884675 22.06614181106546
    vertex 20.28093471530271 66.73444394254055 14.61792348706305
    vertex 21.02765345142139 84.81725213237067 13.52175248726755
  endloop
endfacet
facet normal 0.728605 0.0384648 -0.683854
  outer loop
    vertex 21.14722483641974 62.6222130074716 -13.33397471566195
    vertex 17.36176001626242 51.58386730141157 -17.98803183057312
    vertex 15.05699493332715 60.23307239147669 -19.95712663631116
  endloop
endfacet
facet normal 0.989619 -0.0677462 -0.126747
  outer loop
    vertex 23.30274515269903 52.81382488689746 -9.054394974174786
    vertex 24.65975903181474 63.38716812667903 -4.110509030866024
    vertex 24.86738982856578 53.91863271847961 2.571560443416284
  endloop
endfacet
facet normal 0.806571 0.0776952 0.586008
  outer loop
    vertex 14.69463130731182 100 20.22542485937369
    vertex 21.02765345142139 84.81725213237067 13.52175248726755
    vertex 23.77641290737884 100 7.725424859373692
  endloop
endfacet
facet normal 0.238529 0 -0.971135
  outer loop
    vertex 3.06151588455594e-15 13.33333333333328 -25
    vertex 11.5821948381754 12.93032707777839 -22.15519719457588
    vertex 3.06151588455594e-15 0 -25
  endloop
endfacet
facet normal 0.932104 0.0482175 -0.358968
  outer loop
    vertex 21.14722483641974 62.6222130074716 -13.33397471566195
    vertex 24.65975903181474 63.38716812667903 -4.110509030866024
    vertex 23.30274515269903 52.81382488689746 -9.054394974174786
  endloop
endfacet
facet normal 0.182365 5.08372e-16 -0.983231
  outer loop
    vertex -3.41074011481896e-14 40 -25
    vertex 8.965331188314961 33.33333333333335 -23.33715571109357
    vertex 3.06151588455594e-15 26.66666666666664 -25
  endloop
endfacet
facet normal 0.182365 9.34574e-16 -0.983231
  outer loop
    vertex 3.06151588455594e-15 73.33333333333329 -25
    vertex 8.965331188314961 66.66666666666669 -23.33715571109357
    vertex 7.13915417668159e-14 60 -25
  endloop
endfacet
facet normal 0.665558 -0.0122108 0.746246
  outer loop
    vertex 11.98708175966517 64.28571428571411 21.93877551020345
    vertex 11.33227413938386 49.69685267073712 22.28406522225808
    vertex 20.72261685741583 54.32256324904967 13.98474706888707
  endloop
endfacet
facet normal 0.157036 0.0349959 -0.986973
  outer loop
    vertex 7.13915417668159e-14 60 -25
    vertex 8.965331188314961 66.66666666666669 -23.33715571109357
    vertex 7.073226914887639 57.0689080392684 -23.97852082320511
  endloop
endfacet
facet normal 0.157036 -0.0349959 -0.986973
  outer loop
    vertex 7.073226914887613 42.93109196073155 -23.97852082320508
    vertex 8.965331188314961 33.33333333333335 -23.33715571109357
    vertex -3.41074011481896e-14 40 -25
  endloop
endfacet
facet normal 0.945367 -0.0592251 0.320582
  outer loop
    vertex 23.80156649262211 43.54602738432521 7.647576903653092
    vertex 20.92552562047205 30.28710426853487 13.67926816415878
    vertex 24.85959243236052 33.36058373575377 2.645876810609978
  endloop
endfacet
facet normal 0.834907 -0.0554424 -0.547591
  outer loop
    vertex 21.14722483641974 62.6222130074716 -13.33397471566195
    vertex 23.30274515269903 52.81382488689746 -9.054394974174786
    vertex 17.36176001626242 51.58386730141157 -17.98803183057312
  endloop
endfacet
facet normal 0.454478 0.0301054 -0.890249
  outer loop
    vertex 7.073226914887613 42.93109196073155 -23.97852082320508
    vertex 15.25822572366148 42.82245303625263 -19.80370035538296
    vertex 8.965331188314961 33.33333333333335 -23.33715571109357
  endloop
endfacet
facet normal 0.855362 0.0490615 0.515703
  outer loop
    vertex 23.80156649262211 43.54602738432521 7.647576903653092
    vertex 17.99811934065609 42.72688193568192 17.3513025505148
    vertex 20.92552562047205 30.28710426853487 13.67926816415878
  endloop
endfacet
facet normal 0.606149 -0.0957808 0.789563
  outer loop
    vertex 9.152590201286555 89.97839368373207 23.26435240034232
    vertex 21.02765345142139 84.81725213237067 13.52175248726755
    vertex 14.69463130731182 100 20.22542485937369
  endloop
endfacet
facet normal 0.308314 -0.0674028 -0.948894
  outer loop
    vertex 3.06151588455594e-15 0 -25
    vertex 11.5821948381754 12.93032707777839 -22.15519719457588
    vertex 14.6946313073118 0 -20.22542485937371
  endloop
endfacet
facet normal 0.993 -0.0591626 -0.10223
  outer loop
    vertex 24.97843390871728 86.4725145077943 1.038190477630585
    vertex 24.56229574479975 73.23373792249296 4.657641865256736
    vertex 23.125582042639 73.57935709126558 -9.497760535472164
  endloop
endfacet
facet normal 0.922051 -0.0146284 0.386792
  outer loop
    vertex 21.02765345142139 84.81725213237067 13.52175248726755
    vertex 20.28093471530271 66.73444394254055 14.61792348706305
    vertex 24.56229574479975 73.23373792249296 4.657641865256736
  endloop
endfacet
facet normal 0.661029 0.00437337 0.750348
  outer loop
    vertex 11.98708175966517 64.28571428571411 21.93877551020345
    vertex 20.28093471530271 66.73444394254055 14.61792348706305
    vertex 11.75097381385682 78.12060867884675 22.06614181106546
  endloop
endfacet
facet normal 0.559652 -0.0634573 -0.826295
  outer loop
    vertex 15.25822572366148 42.82245303625263 -19.80370035538296
    vertex 18.1560380876501 34.29334757400321 -17.1859908343918
    vertex 8.965331188314961 33.33333333333335 -23.33715571109357
  endloop
endfacet
facet normal 0.953927 -0.0605112 0.293874
  outer loop
    vertex 23.77641290737884 100 7.725424859373692
    vertex 21.02765345142139 84.81725213237067 13.52175248726755
    vertex 24.97843390871728 86.4725145077943 1.038190477630585
  endloop
endfacet
facet normal 0.240603 0.0121717 0.970547
  outer loop
    vertex -3.06151588455594e-15 57.14285714285696 25
    vertex 11.33227413938386 49.69685267073712 22.28406522225808
    vertex 11.98708175966517 64.28571428571411 21.93877551020345
  endloop
endfacet
facet normal 0.982241 0.0118572 -0.187247
  outer loop
    vertex 23.125582042639 73.57935709126558 -9.497760535472164
    vertex 22.78880481783106 89.13094365220365 -10.27960967035225
    vertex 24.97843390871728 86.4725145077943 1.038190477630585
  endloop
endfacet
facet normal 0.806269 -0.0823489 0.585789
  outer loop
    vertex 23.77641290737885 0 7.72542485937366
    vertex 21.05364330761862 14.28571428572198 13.48125007095283
    vertex 14.69463130731183 0 20.22542485937368
  endloop
endfacet
facet normal 0.990747 0.0525402 -0.125142
  outer loop
    vertex 24.85959243236052 33.36058373575377 2.645876810609978
    vertex 24.44253948702991 22.41833512074229 -5.249977468997727
    vertex 23.37990724530284 33.873956852155 -8.853244444893393
  endloop
endfacet
facet normal 0.7206 -0.092193 -0.687195
  outer loop
    vertex 14.69463130731183 100 -20.22542485937368
    vertex 22.78880481783106 89.13094365220365 -10.27960967035225
    vertex 11.31981547621847 89.01376254905057 -22.29039653268566
  endloop
endfacet
facet normal 0.664095 -0.0145011 0.747508
  outer loop
    vertex 20.72261685741583 54.32256324904967 13.98474706888707
    vertex 20.28093471530271 66.73444394254055 14.61792348706305
    vertex 11.98708175966517 64.28571428571411 21.93877551020345
  endloop
endfacet
facet normal 0.987758 0.0696937 -0.139557
  outer loop
    vertex 24.78720286028444 43.38791098921938 -3.254930777006933
    vertex 23.30274515269903 52.81382488689746 -9.054394974174786
    vertex 24.86738982856578 53.91863271847961 2.571560443416284
  endloop
endfacet
facet normal 0.649858 0.0658894 0.757194
  outer loop
    vertex 11.75097381385682 78.12060867884675 22.06614181106546
    vertex 21.02765345142139 84.81725213237067 13.52175248726755
    vertex 9.152590201286555 89.97839368373207 23.26435240034232
  endloop
endfacet
facet normal 0.709288 0.00259994 -0.704914
  outer loop
    vertex 14.4611905566315 24.60890962651782 -20.39298819900585
    vertex 20.50092266603946 26.78222575697984 -14.30776606745685
    vertex 20.38049238556959 13.26593798363619 -14.47879587955227
  endloop
endfacet
facet normal 0.710636 0.179301 -0.680329
  outer loop
    vertex 11.31981547621847 89.01376254905057 -22.29039653268566
    vertex 22.78880481783106 89.13094365220365 -10.27960967035225
    vertex 18.10899189784239 81.28552054835991 -17.23555663284127
  endloop
endfacet
facet normal 0.234842 -0.0223651 0.971776
  outer loop
    vertex -3.06151588455594e-15 28.57142857142848 25
    vertex 11.98708175967237 21.42857142857137 21.93877551019952
    vertex 10.7979356867417 35.40578323109179 22.54782882906889
  endloop
endfacet
facet normal 0.232792 0 -0.972527
  outer loop
    vertex 3.06151588455594e-15 100 -25
    vertex 11.31981547621847 89.01376254905057 -22.29039653268566
    vertex 3.06151588455594e-15 86.66666666666664 -25
  endloop
endfacet
facet normal 0.942082 0.0747163 -0.326955
  outer loop
    vertex 23.77641290737883 0 -7.725424859373711
    vertex 20.38049238556959 13.26593798363619 -14.47879587955227
    vertex 24.96849598818496 13.28501926633727 -1.254674494835898
  endloop
endfacet
facet normal 0.998891 -0.0458415 0.0107675
  outer loop
    vertex 24.85959243236052 33.36058373575377 2.645876810609978
    vertex 24.34117894220658 22.78201535250135 5.701491708621441
    vertex 24.44253948702991 22.41833512074229 -5.249977468997727
  endloop
endfacet
facet normal 0.247436 -0 0.968904
  outer loop
    vertex -3.06151588455594e-15 57.14285714285696 25
    vertex 11.98708175966517 64.28571428571411 21.93877551020345
    vertex -3.06151588455594e-15 71.42857142857125 25
  endloop
endfacet
facet normal 0.221457 -0 0.97517
  outer loop
    vertex -3.06151588455594e-15 28.57142857142848 25
    vertex 10.7979356867417 35.40578323109179 22.54782882906889
    vertex -3.06151588455594e-15 42.85714285714273 25
  endloop
endfacet
facet normal 0.964534 0.0828582 0.250618
  outer loop
    vertex 24.96849598818496 13.28501926633727 -1.254674494835898
    vertex 21.05364330761862 14.28571428572198 13.48125007095283
    vertex 23.77641290737885 0 7.72542485937366
  endloop
endfacet
facet normal 0.665473 0.0241086 0.746032
  outer loop
    vertex 11.98708175967237 21.42857142857137 21.93877551019952
    vertex 20.92552562047205 30.28710426853487 13.67926816415878
    vertex 10.7979356867417 35.40578323109179 22.54782882906889
  endloop
endfacet
facet normal 0.805605 -0.0917403 -0.585307
  outer loop
    vertex 14.6946313073118 0 -20.22542485937371
    vertex 20.38049238556959 13.26593798363619 -14.47879587955227
    vertex 23.77641290737883 0 -7.725424859373711
  endloop
endfacet
facet normal 0.995998 -0.0893723 -1.14508e-15
  outer loop
    vertex 23.77641290737883 0 -7.725424859373711
    vertex 24.96849598818496 13.28501926633727 -1.254674494835898
    vertex 23.77641290737885 0 7.72542485937366
  endloop
endfacet
facet normal 0.996075 0.0885089 0
  outer loop
    vertex 23.77641290737884 100 7.725424859373692
    vertex 24.97843390871728 86.4725145077943 1.038190477630585
    vertex 23.77641290737884 100 -7.725424859373689
  endloop
endfacet
facet normal 0.307937 0.0835418 -0.947732
  outer loop
    vertex 14.69463130731183 100 -20.22542485937368
    vertex 11.31981547621847 89.01376254905057 -22.29039653268566
    vertex 3.06151588455594e-15 100 -25
  endloop
endfacet
facet normal 0.244776 -0.00474863 0.969568
  outer loop
    vertex 11.98708175966517 64.28571428571411 21.93877551020345
    vertex 11.75097381385682 78.12060867884675 22.06614181106546
    vertex -3.06151588455594e-15 71.42857142857125 25
  endloop
endfacet
facet normal 0.68059 -0.0036174 0.732655
  outer loop
    vertex 11.98708175967237 21.42857142857137 21.93877551019952
    vertex 21.05364330761862 14.28571428572198 13.48125007095283
    vertex 20.92552562047205 30.28710426853487 13.67926816415878
  endloop
endfacet
facet normal 0.45949 -0.0312683 -0.887633
  outer loop
    vertex 8.965331188314961 66.66666666666669 -23.33715571109357
    vertex 15.05699493332715 60.23307239147669 -19.95712663631116
    vertex 7.073226914887639 57.0689080392684 -23.97852082320511
  endloop
endfacet
facet normal 0.227651 0.00945929 0.973697
  outer loop
    vertex 10.7979356867417 35.40578323109179 22.54782882906889
    vertex 11.33227413938386 49.69685267073712 22.28406522225808
    vertex -3.06151588455594e-15 42.85714285714273 25
  endloop
endfacet
facet normal 0.834651 -0.00961118 -0.550695
  outer loop
    vertex 18.10899189784239 81.28552054835991 -17.23555663284127
    vertex 22.78880481783106 89.13094365220365 -10.27960967035225
    vertex 23.125582042639 73.57935709126558 -9.497760535472164
  endloop
endfacet
facet normal 0.657705 -0.0487115 -0.751699
  outer loop
    vertex 20.38049238556959 13.26593798363619 -14.47879587955227
    vertex 11.5821948381754 12.93032707777839 -22.15519719457588
    vertex 14.4611905566315 24.60890962651782 -20.39298819900585
  endloop
endfacet
facet normal 0.634254 -0.0777996 0.7692
  outer loop
    vertex 20.92552562047205 30.28710426853487 13.67926816415878
    vertex 17.99811934065609 42.72688193568192 17.3513025505148
    vertex 10.7979356867417 35.40578323109179 22.54782882906889
  endloop
endfacet
facet normal 0.209704 -0.0527058 0.976343
  outer loop
    vertex -3.06151588455594e-15 85.71428571428564 25
    vertex 11.75097381385682 78.12060867884675 22.06614181106546
    vertex 9.152590201286555 89.97839368373207 23.26435240034232
  endloop
endfacet
facet normal 0.247436 -0 0.968904
  outer loop
    vertex -3.06151588455594e-15 14.28571428571425 25
    vertex 11.98708175967237 21.42857142857137 21.93877551019952
    vertex -3.06151588455594e-15 28.57142857142848 25
  endloop
endfacet
facet normal 0.733369 0.0408938 -0.6786
  outer loop
    vertex 15.25822572366148 42.82245303625263 -19.80370035538296
    vertex 20.94039287519679 42.92926410237453 -13.6564983151761
    vertex 18.1560380876501 34.29334757400321 -17.1859908343918
  endloop
endfacet
facet normal 0.949894 0.0542992 0.307821
  outer loop
    vertex 24.97843390871728 86.4725145077943 1.038190477630585
    vertex 21.02765345142139 84.81725213237067 13.52175248726755
    vertex 24.56229574479975 73.23373792249296 4.657641865256736
  endloop
endfacet
facet normal 0.233064 -0 0.972461
  outer loop
    vertex -3.06151588455594e-15 42.85714285714273 25
    vertex 11.33227413938386 49.69685267073712 22.28406522225808
    vertex -3.06151588455594e-15 57.14285714285696 25
  endloop
endfacet
facet normal 0.9942 -0.0577633 0.0907179
  outer loop
    vertex 24.78720286028444 43.38791098921938 -3.254930777006933
    vertex 24.86738982856578 53.91863271847961 2.571560443416284
    vertex 23.80156649262211 43.54602738432521 7.647576903653092
  endloop
endfacet
facet normal 0.617289 0.0939786 0.781103
  outer loop
    vertex 14.69463130731183 0 20.22542485937368
    vertex 21.05364330761862 14.28571428572198 13.48125007095283
    vertex 9.60125273590206 9.70620007678545 23.08280628306128
  endloop
endfacet
facet normal 0.242234 -0 0.970218
  outer loop
    vertex -3.06151588455594e-15 71.42857142857125 25
    vertex 11.75097381385682 78.12060867884675 22.06614181106546
    vertex -3.06151588455594e-15 85.71428571428564 25
  endloop
endfacet
facet normal 0.655267 -0.0598749 0.753021
  outer loop
    vertex 9.60125273590206 9.70620007678545 23.08280628306128
    vertex 21.05364330761862 14.28571428572198 13.48125007095283
    vertex 11.98708175967237 21.42857142857137 21.93877551019952
  endloop
endfacet
facet normal 0.218714 0.0505884 0.974477
  outer loop
    vertex 9.60125273590206 9.70620007678545 23.08280628306128
    vertex 11.98708175967237 21.42857142857137 21.93877551019952
    vertex -3.06151588455594e-15 14.28571428571425 25
  endloop
endfacet
facet normal 0.807333 0.064482 -0.586562
  outer loop
    vertex 23.77641290737884 100 -7.725424859373689
    vertex 22.78880481783106 89.13094365220365 -10.27960967035225
    vertex 14.69463130731183 100 -20.22542485937368
  endloop
endfacet
facet normal 0.415346 0.10097 -0.904042
  outer loop
    vertex 15.05699493332715 60.23307239147669 -19.95712663631116
    vertex 12.27342768535285 55.36331807219751 -21.77987540947868
    vertex 7.073226914887639 57.0689080392684 -23.97852082320511
  endloop
endfacet
facet normal 0.195816 4.19645e-17 0.980641
  outer loop
    vertex 0 0 25
    vertex 9.60125273590206 9.70620007678545 23.08280628306128
    vertex -3.06151588455594e-15 14.28571428571425 25
  endloop
endfacet
facet normal 0.186314 -3.99283e-17 0.98249
  outer loop
    vertex -3.06151588455594e-15 85.71428571428564 25
    vertex 9.152590201286555 89.97839368373207 23.26435240034232
    vertex 0 100 25
  endloop
endfacet
facet normal 0.214176 0 -0.976795
  outer loop
    vertex 3.06151588455594e-15 86.66666666666664 -25
    vertex 10.46029174216584 77.41320843110074 -22.70643733985534
    vertex 3.06151588455594e-15 73.33333333333329 -25
  endloop
endfacet
facet normal 0.734177 -0.0357609 -0.678015
  outer loop
    vertex 15.25822572366148 42.82245303625263 -19.80370035538296
    vertex 17.36176001626242 51.58386730141157 -17.98803183057312
    vertex 20.94039287519679 42.92926410237453 -13.6564983151761
  endloop
endfacet
facet normal 0.938471 0.0691532 0.338364
  outer loop
    vertex 24.86738982856578 53.91863271847961 2.571560443416284
    vertex 20.72261685741583 54.32256324904967 13.98474706888707
    vertex 23.80156649262211 43.54602738432521 7.647576903653092
  endloop
endfacet
facet normal 0.655771 0.04538 -0.753595
  outer loop
    vertex 14.6946313073118 0 -20.22542485937371
    vertex 11.5821948381754 12.93032707777839 -22.15519719457588
    vertex 20.38049238556959 13.26593798363619 -14.47879587955227
  endloop
endfacet
facet normal 0.93691 -0.063904 -0.34368
  outer loop
    vertex 20.94039287519679 42.92926410237453 -13.6564983151761
    vertex 23.30274515269903 52.81382488689746 -9.054394974174786
    vertex 24.78720286028444 43.38791098921938 -3.254930777006933
  endloop
endfacet
facet normal 0.994247 0.0595639 0.0890206
  outer loop
    vertex 24.78720286028444 43.38791098921938 -3.254930777006933
    vertex 23.80156649262211 43.54602738432521 7.647576903653092
    vertex 24.85959243236052 33.36058373575377 2.645876810609978
  endloop
endfacet
facet normal 0.827078 0.062414 -0.558611
  outer loop
    vertex 17.36176001626242 51.58386730141157 -17.98803183057312
    vertex 23.30274515269903 52.81382488689746 -9.054394974174786
    vertex 20.94039287519679 42.92926410237453 -13.6564983151761
  endloop
endfacet
facet normal 0.990413 0.0972032 -0.0981494
  outer loop
    vertex 24.56229574479975 73.23373792249296 4.657641865256736
    vertex 24.65975903181474 63.38716812667903 -4.110509030866024
    vertex 23.125582042639 73.57935709126558 -9.497760535472164
  endloop
endfacet
facet normal 0.453153 -0.0534791 -0.889827
  outer loop
    vertex 10 50 -22.9128784747792
    vertex 15.25822572366148 42.82245303625263 -19.80370035538296
    vertex 7.073226914887613 42.93109196073155 -23.97852082320508
  endloop
endfacet
facet normal 0.93485 0.0668952 -0.348685
  outer loop
    vertex 20.94039287519679 42.92926410237453 -13.6564983151761
    vertex 24.78720286028444 43.38791098921938 -3.254930777006933
    vertex 23.37990724530284 33.873956852155 -8.853244444893393
  endloop
endfacet
facet normal 0.941082 -0.0885758 -0.326373
  outer loop
    vertex 20.38049238556959 13.26593798363619 -14.47879587955227
    vertex 24.44253948702991 22.41833512074229 -5.249977468997727
    vertex 24.96849598818496 13.28501926633727 -1.254674494835898
  endloop
endfacet
facet normal 0.550251 0.0657178 -0.832409
  outer loop
    vertex 18.1560380876501 34.29334757400321 -17.1859908343918
    vertex 14.4611905566315 24.60890962651782 -20.39298819900585
    vertex 8.965331188314961 33.33333333333335 -23.33715571109357
  endloop
endfacet
facet normal 0.742202 -0.0369383 -0.669157
  outer loop
    vertex 17.06284131207286 70.00636088236871 -18.27182110133031
    vertex 21.14722483641974 62.6222130074716 -13.33397471566195
    vertex 15.05699493332715 60.23307239147669 -19.95712663631116
  endloop
endfacet
facet normal 0.989021 -0.0695802 -0.130372
  outer loop
    vertex 24.78720286028444 43.38791098921938 -3.254930777006933
    vertex 24.85959243236052 33.36058373575377 2.645876810609978
    vertex 23.37990724530284 33.873956852155 -8.853244444893393
  endloop
endfacet
facet normal 0.640542 0.0714813 0.764589
  outer loop
    vertex 11.33227413938386 49.69685267073712 22.28406522225808
    vertex 17.99811934065609 42.72688193568192 17.3513025505148
    vertex 20.72261685741583 54.32256324904967 13.98474706888707
  endloop
endfacet
facet normal 0.827202 -0.0251507 -0.561342
  outer loop
    vertex 17.06284131207286 70.00636088236871 -18.27182110133031
    vertex 18.10899189784239 81.28552054835991 -17.23555663284127
    vertex 23.125582042639 73.57935709126558 -9.497760535472164
  endloop
endfacet
facet normal 0.229239 0.0179178 -0.973205
  outer loop
    vertex 3.06151588455594e-15 86.66666666666664 -25
    vertex 11.31981547621847 89.01376254905057 -22.29039653268566
    vertex 10.46029174216584 77.41320843110074 -22.70643733985534
  endloop
endfacet
facet normal 0.443472 -0.0230036 -0.895993
  outer loop
    vertex 14.4611905566315 24.60890962651782 -20.39298819900585
    vertex 6.927778108192646 20.68636510824742 -24.02094691063711
    vertex 8.965331188314961 33.33333333333335 -23.33715571109357
  endloop
endfacet
facet normal 0.916391 -0.00310015 -0.400273
  outer loop
    vertex 20.38049238556959 13.26593798363619 -14.47879587955227
    vertex 20.50092266603946 26.78222575697984 -14.30776606745685
    vertex 24.44253948702991 22.41833512074229 -5.249977468997727
  endloop
endfacet
facet normal 0.844754 -0.0547945 -0.532342
  outer loop
    vertex 20.94039287519679 42.92926410237453 -13.6564983151761
    vertex 23.37990724530284 33.873956852155 -8.853244444893393
    vertex 18.1560380876501 34.29334757400321 -17.1859908343918
  endloop
endfacet
facet normal 0.858974 -0.0539983 0.509163
  outer loop
    vertex 20.72261685741583 54.32256324904967 13.98474706888707
    vertex 17.99811934065609 42.72688193568192 17.3513025505148
    vertex 23.80156649262211 43.54602738432521 7.647576903653092
  endloop
endfacet
facet normal 0.92014 0.00252139 0.391582
  outer loop
    vertex 21.05364330761862 14.28571428572198 13.48125007095283
    vertex 24.34117894220658 22.78201535250135 5.701491708621441
    vertex 20.92552562047205 30.28710426853487 13.67926816415878
  endloop
endfacet
facet normal 0.810119 0.0579812 -0.583391
  outer loop
    vertex 17.06284131207286 70.00636088236871 -18.27182110133031
    vertex 23.125582042639 73.57935709126558 -9.497760535472164
    vertex 21.14722483641974 62.6222130074716 -13.33397471566195
  endloop
endfacet
facet normal 0.517633 0.0411318 -0.854614
  outer loop
    vertex 8.965331188314961 66.66666666666669 -23.33715571109357
    vertex 17.06284131207286 70.00636088236871 -18.27182110133031
    vertex 15.05699493332715 60.23307239147669 -19.95712663631116
  endloop
endfacet
facet normal 0.549448 0.041024 -0.83452
  outer loop
    vertex 10 50 -22.9128784747792
    vertex 17.36176001626242 51.58386730141157 -17.98803183057312
    vertex 15.25822572366148 42.82245303625263 -19.80370035538296
  endloop
endfacet
facet normal 0.936645 -0.0724176 0.342712
  outer loop
    vertex 24.86738982856578 53.91863271847961 2.571560443416284
    vertex 24.23896822927934 62.59040277086194 6.121471978208064
    vertex 20.72261685741583 54.32256324904967 13.98474706888707
  endloop
endfacet
facet normal 0.979032 -0.042123 -0.199305
  outer loop
    vertex 24.97843390871728 86.4725145077943 1.038190477630585
    vertex 22.78880481783106 89.13094365220365 -10.27960967035225
    vertex 23.77641290737884 100 -7.725424859373689
  endloop
endfacet
facet normal 0.16278 0.0271009 -0.98629
  outer loop
    vertex 8.965331188314961 33.33333333333335 -23.33715571109357
    vertex 6.927778108192646 20.68636510824742 -24.02094691063711
    vertex 3.06151588455594e-15 26.66666666666664 -25
  endloop
endfacet
facet normal 0.306894 -0.117011 0.944523
  outer loop
    vertex 14.69463130731183 0 20.22542485937368
    vertex 9.60125273590206 9.70620007678545 23.08280628306128
    vertex 0 0 25
  endloop
endfacet
facet normal 0.306905 0.116704 0.944558
  outer loop
    vertex 0 100 25
    vertex 9.152590201286555 89.97839368373207 23.26435240034232
    vertex 14.69463130731182 100 20.22542485937369
  endloop
endfacet
facet normal 0.935556 0.0549266 0.348882
  outer loop
    vertex 20.92552562047205 30.28710426853487 13.67926816415878
    vertex 24.34117894220658 22.78201535250135 5.701491708621441
    vertex 24.85959243236052 33.36058373575377 2.645876810609978
  endloop
endfacet
facet normal 0.997529 0.0537805 0.0452113
  outer loop
    vertex 24.65975903181474 63.38716812667903 -4.110509030866024
    vertex 24.23896822927934 62.59040277086194 6.121471978208064
    vertex 24.86738982856578 53.91863271847961 2.571560443416284
  endloop
endfacet
facet normal 0.589984 -0.00715781 0.807383
  outer loop
    vertex 10.7979356867417 35.40578323109179 22.54782882906889
    vertex 17.99811934065609 42.72688193568192 17.3513025505148
    vertex 11.33227413938386 49.69685267073712 22.28406522225808
  endloop
endfacet
facet normal 0.203216 0.0291707 -0.978699
  outer loop
    vertex 3.06151588455594e-15 73.33333333333329 -25
    vertex 10.46029174216584 77.41320843110074 -22.70643733985534
    vertex 8.965331188314961 66.66666666666669 -23.33715571109357
  endloop
endfacet
facet normal 0.956143 -0.129332 0.262799
  outer loop
    vertex 24.96849598818496 13.28501926633727 -1.254674494835898
    vertex 24.34117894220658 22.78201535250135 5.701491708621441
    vertex 21.05364330761862 14.28571428572198 13.48125007095283
  endloop
endfacet
facet normal 0.537647 -0.0253289 -0.84279
  outer loop
    vertex 8.965331188314961 66.66666666666669 -23.33715571109357
    vertex 10.46029174216584 77.41320843110074 -22.70643733985534
    vertex 17.06284131207286 70.00636088236871 -18.27182110133031
  endloop
endfacet
facet normal 0.998134 0.0606394 0.00722442
  outer loop
    vertex 24.44253948702991 22.41833512074229 -5.249977468997727
    vertex 24.34117894220658 22.78201535250135 5.701491708621441
    vertex 24.96849598818496 13.28501926633727 -1.254674494835898
  endloop
endfacet
facet normal 0.574261 0.0219248 -0.818379
  outer loop
    vertex 17.06284131207286 70.00636088236871 -18.27182110133031
    vertex 10.46029174216584 77.41320843110074 -22.70643733985534
    vertex 18.10899189784239 81.28552054835991 -17.23555663284127
  endloop
endfacet
facet normal 0.934809 -0.0454645 -0.352229
  outer loop
    vertex 23.125582042639 73.57935709126558 -9.497760535472164
    vertex 24.65975903181474 63.38716812667903 -4.110509030866024
    vertex 21.14722483641974 62.6222130074716 -13.33397471566195
  endloop
endfacet
facet normal 0.908459 0.0110128 0.41783
  outer loop
    vertex 20.72261685741583 54.32256324904967 13.98474706888707
    vertex 24.23896822927934 62.59040277086194 6.121471978208064
    vertex 20.28093471530271 66.73444394254055 14.61792348706305
  endloop
endfacet
facet normal 0.583125 -0.029441 -0.811849
  outer loop
    vertex 17.36176001626242 51.58386730141157 -17.98803183057312
    vertex 12.27342768535285 55.36331807219751 -21.77987540947868
    vertex 15.05699493332715 60.23307239147669 -19.95712663631116
  endloop
endfacet
facet normal 0.139932 0 -0.990161
  outer loop
    vertex 3.06151588455594e-15 26.66666666666664 -25
    vertex 6.927778108192646 20.68636510824742 -24.02094691063711
    vertex 3.06151588455594e-15 13.33333333333328 -25
  endloop
endfacet
facet normal 0.396463 0.0258074 -0.917688
  outer loop
    vertex 7.073226914887639 57.0689080392684 -23.97852082320511
    vertex 12.27342768535285 55.36331807219751 -21.77987540947868
    vertex 10 50 -22.9128784747792
  endloop
endfacet
facet normal 0.907405 -0.047181 -0.4176
  outer loop
    vertex 24.44253948702991 22.41833512074229 -5.249977468997727
    vertex 20.50092266603946 26.78222575697984 -14.30776606745685
    vertex 23.37990724530284 33.873956852155 -8.853244444893393
  endloop
endfacet
facet normal 0.847038 0.0621516 -0.527887
  outer loop
    vertex 23.37990724530284 33.873956852155 -8.853244444893393
    vertex 20.50092266603946 26.78222575697984 -14.30776606745685
    vertex 18.1560380876501 34.29334757400321 -17.1859908343918
  endloop
endfacet
facet normal 0.586525 -0.0144149 -0.809803
  outer loop
    vertex 10.46029174216584 77.41320843110074 -22.70643733985534
    vertex 11.31981547621847 89.01376254905057 -22.29039653268566
    vertex 18.10899189784239 81.28552054835991 -17.23555663284127
  endloop
endfacet
facet normal 0.716729 -0.0429601 -0.696028
  outer loop
    vertex 18.1560380876501 34.29334757400321 -17.1859908343918
    vertex 20.50092266603946 26.78222575697984 -14.30776606745685
    vertex 14.4611905566315 24.60890962651782 -20.39298819900585
  endloop
endfacet
facet normal 0.911392 0.0287759 0.410533
  outer loop
    vertex 20.28093471530271 66.73444394254055 14.61792348706305
    vertex 24.23896822927934 62.59040277086194 6.121471978208064
    vertex 24.56229574479975 73.23373792249296 4.657641865256736
  endloop
endfacet
facet normal 0.564529 -0.0654758 -0.822812
  outer loop
    vertex 10 50 -22.9128784747792
    vertex 12.27342768535285 55.36331807219751 -21.77987540947868
    vertex 17.36176001626242 51.58386730141157 -17.98803183057312
  endloop
endfacet
facet normal 0.41944 0.0334843 -0.907165
  outer loop
    vertex 11.5821948381754 12.93032707777839 -22.15519719457588
    vertex 6.927778108192646 20.68636510824742 -24.02094691063711
    vertex 14.4611905566315 24.60890962651782 -20.39298819900585
  endloop
endfacet
facet normal 0.998922 -0.024963 0.0391369
  outer loop
    vertex 24.56229574479975 73.23373792249296 4.657641865256736
    vertex 24.23896822927934 62.59040277086194 6.121471978208064
    vertex 24.65975903181474 63.38716812667903 -4.110509030866024
  endloop
endfacet
facet normal 0.234493 -0.0920762 -0.967747
  outer loop
    vertex 3.06151588455594e-15 13.33333333333328 -25
    vertex 6.927778108192646 20.68636510824742 -24.02094691063711
    vertex 11.5821948381754 12.93032707777839 -22.15519719457588
  endloop
endfacet
facet normal -0.670607 -0.0172638 0.741612
  outer loop
    vertex -11.75097381385679 21.87939132115336 22.06614181106548
    vertex -20.28093471530457 33.26555605748555 14.61792348706046
    vertex -21.02765345144109 15.18274786760661 13.52175248723691
  endloop
endfacet
facet normal -0.728605 -0.0384648 -0.683854
  outer loop
    vertex -21.14722483641383 37.37778699252185 -13.33397471567132
    vertex -17.36176001624861 48.41613269859996 -17.98803183058645
    vertex -15.05699493332722 39.76692760852343 -19.95712663631111
  endloop
endfacet
facet normal -0.989619 0.0677462 -0.126747
  outer loop
    vertex -23.3027451527101 47.18617511311385 -9.054394974146307
    vertex -24.65975903181317 36.6128318733144 -4.110509030875443
    vertex -24.86738982856444 46.08136728154532 2.571560443429171
  endloop
endfacet
facet normal -0.806571 -0.0776952 0.586008
  outer loop
    vertex -14.69463130731182 0 20.22542485937369
    vertex -21.02765345144109 15.18274786760661 13.52175248723691
    vertex -23.77641290737884 0 7.725424859373692
  endloop
endfacet
facet normal -0.238529 0 -0.971135
  outer loop
    vertex 3.06151588455594e-15 86.66666666666664 -25
    vertex -11.5821948381601 87.06967292221981 -22.15519719458388
    vertex 3.06151588455594e-15 100 -25
  endloop
endfacet
facet normal -0.932104 -0.0482175 -0.358968
  outer loop
    vertex -21.14722483641383 37.37778699252185 -13.33397471567132
    vertex -24.65975903181317 36.6128318733144 -4.110509030875443
    vertex -23.3027451527101 47.18617511311385 -9.054394974146307
  endloop
endfacet
facet normal -0.182365 -5.08372e-16 -0.983231
  outer loop
    vertex 3.06151588455594e-15 26.66666666666664 -25
    vertex -8.965331188315142 33.33333333333329 -23.3371557110935
    vertex -3.41074011481896e-14 40 -25
  endloop
endfacet
facet normal -0.182365 -9.34574e-16 -0.983231
  outer loop
    vertex 7.13915417668159e-14 60 -25
    vertex -8.96533118831508 66.6666666666666 -23.33715571109352
    vertex 3.06151588455594e-15 73.33333333333329 -25
  endloop
endfacet
facet normal -0.665558 0.0122108 0.746246
  outer loop
    vertex -11.98708175966319 35.71428571428561 21.93877551020453
    vertex -11.33227413939177 50.30314732927484 22.28406522225405
    vertex -20.72261685740789 45.67743675098709 13.98474706889883
  endloop
endfacet
facet normal -0.157036 -0.0349959 -0.986973
  outer loop
    vertex -3.41074011481896e-14 40 -25
    vertex -8.965331188315142 33.33333333333329 -23.3371557110935
    vertex -7.07322691488764 42.93109196073158 -23.9785208232051
  endloop
endfacet
facet normal -0.157036 0.0349959 -0.986973
  outer loop
    vertex -7.073226914887603 57.06890803926849 -23.97852082320507
    vertex -8.96533118831508 66.6666666666666 -23.33715571109352
    vertex 7.13915417668159e-14 60 -25
  endloop
endfacet
facet normal -0.945367 0.0592251 0.320582
  outer loop
    vertex -23.80156649261683 56.45397261570392 7.647576903669544
    vertex -20.92552562046418 69.71289573147837 13.67926816417081
    vertex -24.8595924323614 66.63941626427459 2.645876810601698
  endloop
endfacet
facet normal -0.834907 0.0554424 -0.547591
  outer loop
    vertex -21.14722483641383 37.37778699252185 -13.33397471567132
    vertex -23.3027451527101 47.18617511311385 -9.054394974146307
    vertex -17.36176001624861 48.41613269859996 -17.98803183058645
  endloop
endfacet
facet normal -0.454478 -0.0301054 -0.890249
  outer loop
    vertex -7.073226914887603 57.06890803926849 -23.97852082320507
    vertex -15.2582257236346 57.17754696375219 -19.80370035540367
    vertex -8.96533118831508 66.6666666666666 -23.33715571109352
  endloop
endfacet
facet normal -0.855362 -0.0490615 0.515703
  outer loop
    vertex -23.80156649261683 56.45397261570392 7.647576903669544
    vertex -17.99811934065382 57.27311806432094 17.35130255051715
    vertex -20.92552562046418 69.71289573147837 13.67926816417081
  endloop
endfacet
facet normal -0.606149 0.0957808 0.789563
  outer loop
    vertex -9.152590201351414 10.02160631627397 23.2643524003168
    vertex -21.02765345144109 15.18274786760661 13.52175248723691
    vertex -14.69463130731182 0 20.22542485937369
  endloop
endfacet
facet normal -0.308314 0.0674028 -0.948894
  outer loop
    vertex 3.06151588455594e-15 100 -25
    vertex -11.5821948381601 87.06967292221981 -22.15519719458388
    vertex -14.6946313073118 100 -20.22542485937371
  endloop
endfacet
facet normal -0.993 0.0591626 -0.10223
  outer loop
    vertex -24.97843390871991 13.52748549219301 1.03819047756735
    vertex -24.5622957448021 26.76626207751042 4.657641865244299
    vertex -23.12558204263475 26.42064290872085 -9.497760535482525
  endloop
endfacet
facet normal -0.922051 0.0146284 0.386792
  outer loop
    vertex -21.02765345144109 15.18274786760661 13.52175248723691
    vertex -20.28093471530457 33.26555605748555 14.61792348706046
    vertex -24.5622957448021 26.76626207751042 4.657641865244299
  endloop
endfacet
facet normal -0.661029 -0.00437337 0.750348
  outer loop
    vertex -11.98708175966319 35.71428571428561 21.93877551020453
    vertex -20.28093471530457 33.26555605748555 14.61792348706046
    vertex -11.75097381385679 21.87939132115336 22.06614181106548
  endloop
endfacet
facet normal -0.559652 0.0634573 -0.826295
  outer loop
    vertex -15.2582257236346 57.17754696375219 -19.80370035540367
    vertex -18.15603808763195 65.70665242600236 -17.18599083441097
    vertex -8.96533118831508 66.6666666666666 -23.33715571109352
  endloop
endfacet
facet normal -0.953927 0.0605112 0.293874
  outer loop
    vertex -23.77641290737884 0 7.725424859373692
    vertex -21.02765345144109 15.18274786760661 13.52175248723691
    vertex -24.97843390871991 13.52748549219301 1.03819047756735
  endloop
endfacet
facet normal -0.240603 -0.0121717 0.970547
  outer loop
    vertex -3.06151588455594e-15 42.85714285714273 25
    vertex -11.33227413939177 50.30314732927484 22.28406522225405
    vertex -11.98708175966319 35.71428571428561 21.93877551020453
  endloop
endfacet
facet normal -0.982241 -0.0118572 -0.187247
  outer loop
    vertex -23.12558204263475 26.42064290872085 -9.497760535482525
    vertex -22.78880481782998 10.86905634779978 -10.27960967035466
    vertex -24.97843390871991 13.52748549219301 1.03819047756735
  endloop
endfacet
facet normal -0.806269 0.0823489 0.585789
  outer loop
    vertex -23.77641290737885 100 7.72542485937366
    vertex -21.05364330759495 85.71428571426304 13.48125007098979
    vertex -14.69463130731183 100 20.22542485937368
  endloop
endfacet
facet normal -0.990747 -0.0525402 -0.125142
  outer loop
    vertex -24.8595924323614 66.63941626427459 2.645876810601698
    vertex -24.4425394870337 77.58166487927122 -5.249977468980061
    vertex -23.37990724529471 66.12604314786017 -8.853244444914859
  endloop
endfacet
facet normal -0.7206 0.092193 -0.687195
  outer loop
    vertex -14.69463130731183 0 -20.22542485937368
    vertex -22.78880481782998 10.86905634779978 -10.27960967035466
    vertex -11.3198154761961 10.98623745094179 -22.29039653269702
  endloop
endfacet
facet normal -0.664095 0.0145011 0.747508
  outer loop
    vertex -20.72261685740789 45.67743675098709 13.98474706889883
    vertex -20.28093471530457 33.26555605748555 14.61792348706046
    vertex -11.98708175966319 35.71428571428561 21.93877551020453
  endloop
endfacet
facet normal -0.987758 -0.0696937 -0.139557
  outer loop
    vertex -24.78720286028458 56.61208901080141 -3.254930777005866
    vertex -23.3027451527101 47.18617511311385 -9.054394974146307
    vertex -24.86738982856444 46.08136728154532 2.571560443429171
  endloop
endfacet
facet normal -0.649858 -0.0658894 0.757194
  outer loop
    vertex -11.75097381385679 21.87939132115336 22.06614181106548
    vertex -21.02765345144109 15.18274786760661 13.52175248723691
    vertex -9.152590201351414 10.02160631627397 23.2643524003168
  endloop
endfacet
facet normal -0.709288 -0.00259994 -0.704914
  outer loop
    vertex -14.46119055662543 75.39109037348493 -20.39298819901016
    vertex -20.50092266603784 73.21777424302473 -14.30776606745917
    vertex -20.38049238556057 86.73406201636288 -14.47879587956498
  endloop
endfacet
facet normal -0.710636 -0.179301 -0.680329
  outer loop
    vertex -11.3198154761961 10.98623745094179 -22.29039653269702
    vertex -22.78880481782998 10.86905634779978 -10.27960967035466
    vertex -18.10899189783233 18.71447945162829 -17.23555663285184
  endloop
endfacet
facet normal -0.234842 0.0223651 0.971776
  outer loop
    vertex -3.06151588455594e-15 71.42857142857125 25
    vertex -11.98708175965369 78.57142857142844 21.93877551020972
    vertex -10.7979356867395 64.59421676891078 22.54782882906994
  endloop
endfacet
facet normal -0.232792 0 -0.972527
  outer loop
    vertex 3.06151588455594e-15 0 -25
    vertex -11.3198154761961 10.98623745094179 -22.29039653269702
    vertex 3.06151588455594e-15 13.33333333333328 -25
  endloop
endfacet
facet normal -0.942082 -0.0747163 -0.326955
  outer loop
    vertex -23.77641290737883 100 -7.725424859373711
    vertex -20.38049238556057 86.73406201636288 -14.47879587956498
    vertex -24.96849598818417 86.71498073366226 -1.254674494851539
  endloop
endfacet
facet normal -0.998891 0.0458415 0.0107675
  outer loop
    vertex -24.8595924323614 66.63941626427459 2.645876810601698
    vertex -24.34117894220396 77.2179846475301 5.701491708632634
    vertex -24.4425394870337 77.58166487927122 -5.249977468980061
  endloop
endfacet
facet normal -0.247436 0 0.968904
  outer loop
    vertex -3.06151588455594e-15 42.85714285714273 25
    vertex -11.98708175966319 35.71428571428561 21.93877551020453
    vertex -3.06151588455594e-15 28.57142857142848 25
  endloop
endfacet
facet normal -0.221457 0 0.97517
  outer loop
    vertex -3.06151588455594e-15 71.42857142857125 25
    vertex -10.7979356867395 64.59421676891078 22.54782882906994
    vertex -3.06151588455594e-15 57.14285714285696 25
  endloop
endfacet
facet normal -0.964534 -0.0828582 0.250618
  outer loop
    vertex -24.96849598818417 86.71498073366226 -1.254674494851539
    vertex -21.05364330759495 85.71428571426304 13.48125007098979
    vertex -23.77641290737885 100 7.72542485937366
  endloop
endfacet
facet normal -0.665473 -0.0241086 0.746032
  outer loop
    vertex -11.98708175965369 78.57142857142844 21.93877551020972
    vertex -20.92552562046418 69.71289573147837 13.67926816417081
    vertex -10.7979356867395 64.59421676891078 22.54782882906994
  endloop
endfacet
facet normal -0.805605 0.0917403 -0.585307
  outer loop
    vertex -14.6946313073118 100 -20.22542485937371
    vertex -20.38049238556057 86.73406201636288 -14.47879587956498
    vertex -23.77641290737883 100 -7.725424859373711
  endloop
endfacet
facet normal -0.996075 -0.0885089 -0
  outer loop
    vertex -23.77641290737884 0 7.725424859373692
    vertex -24.97843390871991 13.52748549219301 1.03819047756735
    vertex -23.77641290737884 0 -7.725424859373689
  endloop
endfacet
facet normal -0.995998 0.0893723 -1.14508e-15
  outer loop
    vertex -23.77641290737883 100 -7.725424859373711
    vertex -24.96849598818417 86.71498073366226 -1.254674494851539
    vertex -23.77641290737885 100 7.72542485937366
  endloop
endfacet
facet normal -0.307937 -0.0835418 -0.947732
  outer loop
    vertex -14.69463130731183 0 -20.22542485937368
    vertex -11.3198154761961 10.98623745094179 -22.29039653269702
    vertex 3.06151588455594e-15 0 -25
  endloop
endfacet
facet normal -0.244776 0.00474863 0.969568
  outer loop
    vertex -11.98708175966319 35.71428571428561 21.93877551020453
    vertex -11.75097381385679 21.87939132115336 22.06614181106548
    vertex -3.06151588455594e-15 28.57142857142848 25
  endloop
endfacet
facet normal -0.68059 0.0036174 0.732655
  outer loop
    vertex -11.98708175965369 78.57142857142844 21.93877551020972
    vertex -21.05364330759495 85.71428571426304 13.48125007098979
    vertex -20.92552562046418 69.71289573147837 13.67926816417081
  endloop
endfacet
facet normal -0.45949 0.0312683 -0.887633
  outer loop
    vertex -8.965331188315142 33.33333333333329 -23.3371557110935
    vertex -15.05699493332722 39.76692760852343 -19.95712663631111
    vertex -7.07322691488764 42.93109196073158 -23.9785208232051
  endloop
endfacet
facet normal -0.227651 -0.00945929 0.973697
  outer loop
    vertex -10.7979356867395 64.59421676891078 22.54782882906994
    vertex -11.33227413939177 50.30314732927484 22.28406522225405
    vertex -3.06151588455594e-15 57.14285714285696 25
  endloop
endfacet
facet normal -0.834651 0.00961118 -0.550695
  outer loop
    vertex -18.10899189783233 18.71447945162829 -17.23555663285184
    vertex -22.78880481782998 10.86905634779978 -10.27960967035466
    vertex -23.12558204263475 26.42064290872085 -9.497760535482525
  endloop
endfacet
facet normal -0.657705 0.0487115 -0.751699
  outer loop
    vertex -20.38049238556057 86.73406201636288 -14.47879587956498
    vertex -11.5821948381601 87.06967292221981 -22.15519719458388
    vertex -14.46119055662543 75.39109037348493 -20.39298819901016
  endloop
endfacet
facet normal -0.634254 0.0777996 0.7692
  outer loop
    vertex -20.92552562046418 69.71289573147837 13.67926816417081
    vertex -17.99811934065382 57.27311806432094 17.35130255051715
    vertex -10.7979356867395 64.59421676891078 22.54782882906994
  endloop
endfacet
facet normal -0.209704 0.0527058 0.976343
  outer loop
    vertex -3.06151588455594e-15 14.28571428571425 25
    vertex -11.75097381385679 21.87939132115336 22.06614181106548
    vertex -9.152590201351414 10.02160631627397 23.2643524003168
  endloop
endfacet
facet normal -0.247436 0 0.968904
  outer loop
    vertex -3.06151588455594e-15 85.71428571428564 25
    vertex -11.98708175965369 78.57142857142844 21.93877551020972
    vertex -3.06151588455594e-15 71.42857142857125 25
  endloop
endfacet
facet normal -0.733369 -0.0408938 -0.6786
  outer loop
    vertex -15.2582257236346 57.17754696375219 -19.80370035540367
    vertex -20.94039287519643 57.07073589763487 -13.65649831517665
    vertex -18.15603808763195 65.70665242600236 -17.18599083441097
  endloop
endfacet
facet normal -0.949894 -0.0542992 0.307821
  outer loop
    vertex -24.97843390871991 13.52748549219301 1.03819047756735
    vertex -21.02765345144109 15.18274786760661 13.52175248723691
    vertex -24.5622957448021 26.76626207751042 4.657641865244299
  endloop
endfacet
facet normal -0.233064 0 0.972461
  outer loop
    vertex -3.06151588455594e-15 57.14285714285696 25
    vertex -11.33227413939177 50.30314732927484 22.28406522225405
    vertex -3.06151588455594e-15 42.85714285714273 25
  endloop
endfacet
facet normal -0.9942 0.0577633 0.0907179
  outer loop
    vertex -24.78720286028458 56.61208901080141 -3.254930777005866
    vertex -24.86738982856444 46.08136728154532 2.571560443429171
    vertex -23.80156649261683 56.45397261570392 7.647576903669544
  endloop
endfacet
facet normal -0.617289 -0.0939786 0.781103
  outer loop
    vertex -14.69463130731183 100 20.22542485937368
    vertex -21.05364330759495 85.71428571426304 13.48125007098979
    vertex -9.601252735876956 90.29379992321526 23.08280628307172
  endloop
endfacet
facet normal -0.242234 0 0.970218
  outer loop
    vertex -3.06151588455594e-15 28.57142857142848 25
    vertex -11.75097381385679 21.87939132115336 22.06614181106548
    vertex -3.06151588455594e-15 14.28571428571425 25
  endloop
endfacet
facet normal -0.655267 0.0598749 0.753021
  outer loop
    vertex -9.601252735876956 90.29379992321526 23.08280628307172
    vertex -21.05364330759495 85.71428571426304 13.48125007098979
    vertex -11.98708175965369 78.57142857142844 21.93877551020972
  endloop
endfacet
facet normal -0.218714 -0.0505884 0.974477
  outer loop
    vertex -9.601252735876956 90.29379992321526 23.08280628307172
    vertex -11.98708175965369 78.57142857142844 21.93877551020972
    vertex -3.06151588455594e-15 85.71428571428564 25
  endloop
endfacet
facet normal -0.807333 -0.064482 -0.586562
  outer loop
    vertex -23.77641290737884 0 -7.725424859373689
    vertex -22.78880481782998 10.86905634779978 -10.27960967035466
    vertex -14.69463130731183 0 -20.22542485937368
  endloop
endfacet
facet normal -0.415346 -0.10097 -0.904042
  outer loop
    vertex -15.05699493332722 39.76692760852343 -19.95712663631111
    vertex -12.27342768535232 44.63668192780071 -21.77987540947898
    vertex -7.07322691488764 42.93109196073158 -23.9785208232051
  endloop
endfacet
facet normal -0.195816 4.19645e-17 0.980641
  outer loop
    vertex 0 100 25
    vertex -9.601252735876956 90.29379992321526 23.08280628307172
    vertex -3.06151588455594e-15 85.71428571428564 25
  endloop
endfacet
facet normal -0.186314 -3.99283e-17 0.98249
  outer loop
    vertex -3.06151588455594e-15 14.28571428571425 25
    vertex -9.152590201351414 10.02160631627397 23.2643524003168
    vertex 0 0 25
  endloop
endfacet
facet normal -0.214176 0 -0.976795
  outer loop
    vertex 3.06151588455594e-15 13.33333333333328 -25
    vertex -10.46029174216046 22.58679156889452 -22.70643733985782
    vertex 3.06151588455594e-15 26.66666666666664 -25
  endloop
endfacet
facet normal -0.734177 0.0357609 -0.678015
  outer loop
    vertex -15.2582257236346 57.17754696375219 -19.80370035540367
    vertex -17.36176001624861 48.41613269859996 -17.98803183058645
    vertex -20.94039287519643 57.07073589763487 -13.65649831517665
  endloop
endfacet
facet normal -0.938471 -0.0691532 0.338364
  outer loop
    vertex -24.86738982856444 46.08136728154532 2.571560443429171
    vertex -20.72261685740789 45.67743675098709 13.98474706889883
    vertex -23.80156649261683 56.45397261570392 7.647576903669544
  endloop
endfacet
facet normal -0.655771 -0.04538 -0.753595
  outer loop
    vertex -14.6946313073118 100 -20.22542485937371
    vertex -11.5821948381601 87.06967292221981 -22.15519719458388
    vertex -20.38049238556057 86.73406201636288 -14.47879587956498
  endloop
endfacet
facet normal -0.93691 0.063904 -0.34368
  outer loop
    vertex -20.94039287519643 57.07073589763487 -13.65649831517665
    vertex -23.3027451527101 47.18617511311385 -9.054394974146307
    vertex -24.78720286028458 56.61208901080141 -3.254930777005866
  endloop
endfacet
facet normal -0.994247 -0.0595639 0.0890206
  outer loop
    vertex -24.78720286028458 56.61208901080141 -3.254930777005866
    vertex -23.80156649261683 56.45397261570392 7.647576903669544
    vertex -24.8595924323614 66.63941626427459 2.645876810601698
  endloop
endfacet
facet normal -0.827078 -0.062414 -0.558611
  outer loop
    vertex -17.36176001624861 48.41613269859996 -17.98803183058645
    vertex -23.3027451527101 47.18617511311385 -9.054394974146307
    vertex -20.94039287519643 57.07073589763487 -13.65649831517665
  endloop
endfacet
facet normal -0.990413 -0.0972032 -0.0981494
  outer loop
    vertex -24.5622957448021 26.76626207751042 4.657641865244299
    vertex -24.65975903181317 36.6128318733144 -4.110509030875443
    vertex -23.12558204263475 26.42064290872085 -9.497760535482525
  endloop
endfacet
facet normal -0.453153 0.0534791 -0.889827
  outer loop
    vertex -10 50 -22.9128784747792
    vertex -15.2582257236346 57.17754696375219 -19.80370035540367
    vertex -7.073226914887603 57.06890803926849 -23.97852082320507
  endloop
endfacet
facet normal -0.93485 -0.0668952 -0.348685
  outer loop
    vertex -20.94039287519643 57.07073589763487 -13.65649831517665
    vertex -24.78720286028458 56.61208901080141 -3.254930777005866
    vertex -23.37990724529471 66.12604314786017 -8.853244444914859
  endloop
endfacet
facet normal -0.941082 0.0885758 -0.326373
  outer loop
    vertex -20.38049238556057 86.73406201636288 -14.47879587956498
    vertex -24.4425394870337 77.58166487927122 -5.249977468980061
    vertex -24.96849598818417 86.71498073366226 -1.254674494851539
  endloop
endfacet
facet normal -0.550251 -0.0657178 -0.832409
  outer loop
    vertex -18.15603808763195 65.70665242600236 -17.18599083441097
    vertex -14.46119055662543 75.39109037348493 -20.39298819901016
    vertex -8.96533118831508 66.6666666666666 -23.33715571109352
  endloop
endfacet
facet normal -0.742202 0.0369383 -0.669157
  outer loop
    vertex -17.06284131206642 29.9936391176279 -18.27182110133633
    vertex -21.14722483641383 37.37778699252185 -13.33397471567132
    vertex -15.05699493332722 39.76692760852343 -19.95712663631111
  endloop
endfacet
facet normal -0.989021 0.0695802 -0.130372
  outer loop
    vertex -24.78720286028458 56.61208901080141 -3.254930777005866
    vertex -24.8595924323614 66.63941626427459 2.645876810601698
    vertex -23.37990724529471 66.12604314786017 -8.853244444914859
  endloop
endfacet
facet normal -0.640542 -0.0714813 0.764589
  outer loop
    vertex -11.33227413939177 50.30314732927484 22.28406522225405
    vertex -17.99811934065382 57.27311806432094 17.35130255051715
    vertex -20.72261685740789 45.67743675098709 13.98474706889883
  endloop
endfacet
facet normal -0.827202 0.0251507 -0.561342
  outer loop
    vertex -17.06284131206642 29.9936391176279 -18.27182110133633
    vertex -18.10899189783233 18.71447945162829 -17.23555663285184
    vertex -23.12558204263475 26.42064290872085 -9.497760535482525
  endloop
endfacet
facet normal -0.229239 -0.0179178 -0.973205
  outer loop
    vertex 3.06151588455594e-15 13.33333333333328 -25
    vertex -11.3198154761961 10.98623745094179 -22.29039653269702
    vertex -10.46029174216046 22.58679156889452 -22.70643733985782
  endloop
endfacet
facet normal -0.443472 0.0230036 -0.895993
  outer loop
    vertex -14.46119055662543 75.39109037348493 -20.39298819901016
    vertex -6.927778108188598 79.31363489174902 -24.02094691063828
    vertex -8.96533118831508 66.6666666666666 -23.33715571109352
  endloop
endfacet
facet normal -0.916391 0.00310015 -0.400273
  outer loop
    vertex -20.38049238556057 86.73406201636288 -14.47879587956498
    vertex -20.50092266603784 73.21777424302473 -14.30776606745917
    vertex -24.4425394870337 77.58166487927122 -5.249977468980061
  endloop
endfacet
facet normal -0.844754 0.0547945 -0.532342
  outer loop
    vertex -20.94039287519643 57.07073589763487 -13.65649831517665
    vertex -23.37990724529471 66.12604314786017 -8.853244444914859
    vertex -18.15603808763195 65.70665242600236 -17.18599083441097
  endloop
endfacet
facet normal -0.858974 0.0539983 0.509163
  outer loop
    vertex -20.72261685740789 45.67743675098709 13.98474706889883
    vertex -17.99811934065382 57.27311806432094 17.35130255051715
    vertex -23.80156649261683 56.45397261570392 7.647576903669544
  endloop
endfacet
facet normal -0.92014 -0.00252139 0.391582
  outer loop
    vertex -21.05364330759495 85.71428571426304 13.48125007098979
    vertex -24.34117894220396 77.2179846475301 5.701491708632634
    vertex -20.92552562046418 69.71289573147837 13.67926816417081
  endloop
endfacet
facet normal -0.810119 -0.0579812 -0.583391
  outer loop
    vertex -17.06284131206642 29.9936391176279 -18.27182110133633
    vertex -23.12558204263475 26.42064290872085 -9.497760535482525
    vertex -21.14722483641383 37.37778699252185 -13.33397471567132
  endloop
endfacet
facet normal -0.517633 -0.0411318 -0.854614
  outer loop
    vertex -8.965331188315142 33.33333333333329 -23.3371557110935
    vertex -17.06284131206642 29.9936391176279 -18.27182110133633
    vertex -15.05699493332722 39.76692760852343 -19.95712663631111
  endloop
endfacet
facet normal -0.549448 -0.041024 -0.83452
  outer loop
    vertex -10 50 -22.9128784747792
    vertex -17.36176001624861 48.41613269859996 -17.98803183058645
    vertex -15.2582257236346 57.17754696375219 -19.80370035540367
  endloop
endfacet
facet normal -0.936645 0.0724176 0.342712
  outer loop
    vertex -24.86738982856444 46.08136728154532 2.571560443429171
    vertex -24.23896822928608 37.40959722914261 6.121471978181373
    vertex -20.72261685740789 45.67743675098709 13.98474706889883
  endloop
endfacet
facet normal -0.979032 0.042123 -0.199305
  outer loop
    vertex -24.97843390871991 13.52748549219301 1.03819047756735
    vertex -22.78880481782998 10.86905634779978 -10.27960967035466
    vertex -23.77641290737884 0 -7.725424859373689
  endloop
endfacet
facet normal -0.16278 -0.0271009 -0.98629
  outer loop
    vertex -8.96533118831508 66.6666666666666 -23.33715571109352
    vertex -6.927778108188598 79.31363489174902 -24.02094691063828
    vertex 3.06151588455594e-15 73.33333333333329 -25
  endloop
endfacet
facet normal -0.306905 -0.116704 0.944558
  outer loop
    vertex 0 0 25
    vertex -9.152590201351414 10.02160631627397 23.2643524003168
    vertex -14.69463130731182 0 20.22542485937369
  endloop
endfacet
facet normal -0.306894 0.117011 0.944523
  outer loop
    vertex -14.69463130731183 100 20.22542485937368
    vertex -9.601252735876956 90.29379992321526 23.08280628307172
    vertex 0 100 25
  endloop
endfacet
facet normal -0.935556 -0.0549266 0.348882
  outer loop
    vertex -20.92552562046418 69.71289573147837 13.67926816417081
    vertex -24.34117894220396 77.2179846475301 5.701491708632634
    vertex -24.8595924323614 66.63941626427459 2.645876810601698
  endloop
endfacet
facet normal -0.997529 -0.0537805 0.0452113
  outer loop
    vertex -24.65975903181317 36.6128318733144 -4.110509030875443
    vertex -24.23896822928608 37.40959722914261 6.121471978181373
    vertex -24.86738982856444 46.08136728154532 2.571560443429171
  endloop
endfacet
facet normal -0.589984 0.00715781 0.807383
  outer loop
    vertex -10.7979356867395 64.59421676891078 22.54782882906994
    vertex -17.99811934065382 57.27311806432094 17.35130255051715
    vertex -11.33227413939177 50.30314732927484 22.28406522225405
  endloop
endfacet
facet normal -0.203216 -0.0291707 -0.978699
  outer loop
    vertex 3.06151588455594e-15 26.66666666666664 -25
    vertex -10.46029174216046 22.58679156889452 -22.70643733985782
    vertex -8.965331188315142 33.33333333333329 -23.3371557110935
  endloop
endfacet
facet normal -0.956143 0.129332 0.262799
  outer loop
    vertex -24.96849598818417 86.71498073366226 -1.254674494851539
    vertex -24.34117894220396 77.2179846475301 5.701491708632634
    vertex -21.05364330759495 85.71428571426304 13.48125007098979
  endloop
endfacet
facet normal -0.537647 0.0253289 -0.84279
  outer loop
    vertex -8.965331188315142 33.33333333333329 -23.3371557110935
    vertex -10.46029174216046 22.58679156889452 -22.70643733985782
    vertex -17.06284131206642 29.9936391176279 -18.27182110133633
  endloop
endfacet
facet normal -0.998134 -0.0606394 0.00722442
  outer loop
    vertex -24.4425394870337 77.58166487927122 -5.249977468980061
    vertex -24.34117894220396 77.2179846475301 5.701491708632634
    vertex -24.96849598818417 86.71498073366226 -1.254674494851539
  endloop
endfacet
facet normal -0.574261 -0.0219248 -0.818379
  outer loop
    vertex -17.06284131206642 29.9936391176279 -18.27182110133633
    vertex -10.46029174216046 22.58679156889452 -22.70643733985782
    vertex -18.10899189783233 18.71447945162829 -17.23555663285184
  endloop
endfacet
facet normal -0.934809 0.0454645 -0.352229
  outer loop
    vertex -23.12558204263475 26.42064290872085 -9.497760535482525
    vertex -24.65975903181317 36.6128318733144 -4.110509030875443
    vertex -21.14722483641383 37.37778699252185 -13.33397471567132
  endloop
endfacet
facet normal -0.908459 -0.0110128 0.41783
  outer loop
    vertex -20.72261685740789 45.67743675098709 13.98474706889883
    vertex -24.23896822928608 37.40959722914261 6.121471978181373
    vertex -20.28093471530457 33.26555605748555 14.61792348706046
  endloop
endfacet
facet normal -0.583125 0.029441 -0.811849
  outer loop
    vertex -17.36176001624861 48.41613269859996 -17.98803183058645
    vertex -12.27342768535232 44.63668192780071 -21.77987540947898
    vertex -15.05699493332722 39.76692760852343 -19.95712663631111
  endloop
endfacet
facet normal -0.139932 0 -0.990161
  outer loop
    vertex 3.06151588455594e-15 73.33333333333329 -25
    vertex -6.927778108188598 79.31363489174902 -24.02094691063828
    vertex 3.06151588455594e-15 86.66666666666664 -25
  endloop
endfacet
facet normal -0.396463 -0.0258074 -0.917688
  outer loop
    vertex -7.07322691488764 42.93109196073158 -23.9785208232051
    vertex -12.27342768535232 44.63668192780071 -21.77987540947898
    vertex -10 50 -22.9128784747792
  endloop
endfacet
facet normal -0.907405 0.047181 -0.4176
  outer loop
    vertex -24.4425394870337 77.58166487927122 -5.249977468980061
    vertex -20.50092266603784 73.21777424302473 -14.30776606745917
    vertex -23.37990724529471 66.12604314786017 -8.853244444914859
  endloop
endfacet
facet normal -0.847038 -0.0621516 -0.527887
  outer loop
    vertex -23.37990724529471 66.12604314786017 -8.853244444914859
    vertex -20.50092266603784 73.21777424302473 -14.30776606745917
    vertex -18.15603808763195 65.70665242600236 -17.18599083441097
  endloop
endfacet
facet normal -0.586525 0.0144149 -0.809803
  outer loop
    vertex -10.46029174216046 22.58679156889452 -22.70643733985782
    vertex -11.3198154761961 10.98623745094179 -22.29039653269702
    vertex -18.10899189783233 18.71447945162829 -17.23555663285184
  endloop
endfacet
facet normal -0.716729 0.0429601 -0.696028
  outer loop
    vertex -18.15603808763195 65.70665242600236 -17.18599083441097
    vertex -20.50092266603784 73.21777424302473 -14.30776606745917
    vertex -14.46119055662543 75.39109037348493 -20.39298819901016
  endloop
endfacet
facet normal -0.911392 -0.0287759 0.410533
  outer loop
    vertex -20.28093471530457 33.26555605748555 14.61792348706046
    vertex -24.23896822928608 37.40959722914261 6.121471978181373
    vertex -24.5622957448021 26.76626207751042 4.657641865244299
  endloop
endfacet
facet normal -0.564529 0.0654758 -0.822812
  outer loop
    vertex -10 50 -22.9128784747792
    vertex -12.27342768535232 44.63668192780071 -21.77987540947898
    vertex -17.36176001624861 48.41613269859996 -17.98803183058645
  endloop
endfacet
facet normal -0.41944 -0.0334843 -0.907165
  outer loop
    vertex -11.5821948381601 87.06967292221981 -22.15519719458388
    vertex -6.927778108188598 79.31363489174902 -24.02094691063828
    vertex -14.46119055662543 75.39109037348493 -20.39298819901016
  endloop
endfacet
facet normal -0.998922 0.024963 0.0391369
  outer loop
    vertex -24.5622957448021 26.76626207751042 4.657641865244299
    vertex -24.23896822928608 37.40959722914261 6.121471978181373
    vertex -24.65975903181317 36.6128318733144 -4.110509030875443
  endloop
endfacet
facet normal -0.234493 0.0920762 -0.967747
  outer loop
    vertex 3.06151588455594e-15 86.66666666666664 -25
    vertex -6.927778108188598 79.31363489174902 -24.02094691063828
    vertex -11.5821948381601 87.06967292221981 -22.15519719458388
  endloop
endfacet
facet normal 0 -0 -1
  outer loop
    vertex -5.000000000000012 58.66025403784438 -325
    vertex 1.312083399020632e-15 50 -325
    vertex -10 50 -325
  endloop
endfacet
facet normal 0 0 -1
  outer loop
    vertex -10 50 -325
    vertex 1.312083399020632e-15 50 -325
    vertex -4.999999999999984 41.3397459621556 -325
  endloop
endfacet
facet normal 0 0 -1
  outer loop
    vertex 4.999999999999992 58.66025403784439 -325
    vertex 1.312083399020632e-15 50 -325
    vertex -5.000000000000012 58.66025403784438 -325
  endloop
endfacet
facet normal 0 0 -1
  outer loop
    vertex 10 50 -325
    vertex 1.312083399020632e-15 50 -325
    vertex 4.999999999999992 58.66025403784439 -325
  endloop
endfacet
facet normal 0 0 -1
  outer loop
    vertex 5.00000000000001 41.33974596215562 -325
    vertex 1.312083399020632e-15 50 -325
    vertex 10 50 -325
  endloop
endfacet
facet normal 0 0 -1
  outer loop
    vertex -4.999999999999984 41.3397459621556 -325
    vertex 1.312083399020632e-15 50 -325
    vertex 5.00000000000001 41.33974596215562 -325
  endloop
endfacet
facet normal -0.911398 -0.343093 -0.227247
  outer loop
    vertex -10 50 -22.9128784747792
    vertex -4.62586119768551 41.13425647902289 -31.08112894124045
    vertex -7.07322691488764 42.93109196073158 -23.9785208232051
  endloop
endfacet
facet normal -0.855157 -0.51837 0
  outer loop
    vertex -10 50 -38.81220066031715
    vertex -4.62586119768551 41.13425647902289 -31.08112894124045
    vertex -10 50 -22.9128784747792
  endloop
endfacet
facet normal -9.53782e-14 -0.996974 0.0777294
  outer loop
    vertex 4.625861197684631 41.13425647902243 -31.08112894123502
    vertex -4.62586119768551 41.13425647902289 -31.08112894124045
    vertex 0.4394352974439675 40.00965983465226 -45.50545746254818
  endloop
endfacet
facet normal 0.965926 -0.258819 0
  outer loop
    vertex 10 50 -309.1006778144621
    vertex 8.660254037844389 45 -317.1640449052607
    vertex 10 50 -325
  endloop
endfacet
facet normal -0.965122 -0.261799 0
  outer loop
    vertex -10 50 -325
    vertex -8.629221610965278 44.94663138205317 -317.050338907231
    vertex -10 50 -309.1006778144621
  endloop
endfacet
facet normal -0.464081 -0.88514 -0.0339914
  outer loop
    vertex -0.2556818195831144 40.00326919402475 -302.6477566225766
    vertex -8.629221610965278 44.94663138205317 -317.050338907231
    vertex 0.7110029111898465 40.02530828244404 -316.4197287327567
  endloop
endfacet
facet normal 0.767174 -0.617236 -0.174537
  outer loop
    vertex 10 50 -38.81220066031713
    vertex 4.625861197684631 41.13425647902243 -31.08112894123502
    vertex 0.4394352974439675 40.00965983465226 -45.50545746254818
  endloop
endfacet
facet normal 0.712785 -0.699675 0.0489122
  outer loop
    vertex 10 50 -309.1006778144621
    vertex -0.2556818195831144 40.00326919402475 -302.6477566225766
    vertex 0.7110029111898465 40.02530828244404 -316.4197287327567
  endloop
endfacet
facet normal -0.768423 -0.591742 0.243653
  outer loop
    vertex -10 50 -309.1006778144621
    vertex -8.629221610965278 44.94663138205317 -317.050338907231
    vertex -0.2556818195831144 40.00326919402475 -302.6477566225766
  endloop
endfacet
facet normal -0.743127 -0.634859 -0.211462
  outer loop
    vertex 0.4394352974439675 40.00965983465226 -45.50545746254818
    vertex -4.62586119768551 41.13425647902289 -31.08112894124045
    vertex -10 50 -38.81220066031715
  endloop
endfacet
facet normal 0.698009 -0.716089 0
  outer loop
    vertex 10 50 -293.2013556289241
    vertex -0.2556818195831144 40.00326919402475 -302.6477566225766
    vertex 10 50 -309.1006778144621
  endloop
endfacet
facet normal 0.700186 -0.713946 -0.00463218
  outer loop
    vertex 10 50 -293.2013556289241
    vertex -0.1436589803264589 40.0010319483773 -285.3699286457471
    vertex -0.2556818195831144 40.00326919402475 -302.6477566225766
  endloop
endfacet
facet normal 0.514695 -0.764333 0.388437
  outer loop
    vertex 0.7110029111898465 40.02530828244404 -316.4197287327567
    vertex 8.660254037844389 45 -317.1640449052607
    vertex 10 50 -309.1006778144621
  endloop
endfacet
facet normal -0.713935 -0.700197 0.00453822
  outer loop
    vertex -0.2556818195831144 40.00326919402475 -302.6477566225766
    vertex -0.1436589803264589 40.0010319483773 -285.3699286457471
    vertex -10 50 -293.2013556289241
  endloop
endfacet
facet normal 0.711748 -0.702435 0
  outer loop
    vertex 10 50 -261.4027112578482
    vertex 0.1317104882752722 40.00086742025698 -269.5777402282828
    vertex 10 50 -277.3020334433861
  endloop
endfacet
facet normal -0.712168 -0.702009 0
  outer loop
    vertex -10 50 -293.2013556289241
    vertex -0.1436589803264589 40.0010319483773 -285.3699286457471
    vertex -10 50 -277.3020334433862
  endloop
endfacet
facet normal 0.69378 -0.720187 0
  outer loop
    vertex 10 50 -229.6040668867723
    vertex -0.3733899268771611 40.00697343331328 -237.826273877256
    vertex 10 50 -245.5033890723103
  endloop
endfacet
facet normal 0.69378 -0.720187 0
  outer loop
    vertex 10 50 -197.8054225156964
    vertex -0.3733899268771789 40.00697343331328 -206.0276295061801
    vertex 10 50 -213.7047447012343
  endloop
endfacet
facet normal 0.69378 -0.720187 0
  outer loop
    vertex 10 50 -166.0067781446205
    vertex -0.3733899268772143 40.00697343331328 -174.2289851351042
    vertex 10 50 -181.9061003301584
  endloop
endfacet
facet normal 0.69378 -0.720187 0
  outer loop
    vertex 10 50 -134.2081337735446
    vertex -0.3733899268772498 40.00697343331328 -142.4303407640284
    vertex 10 50 -150.1074559590825
  endloop
endfacet
facet normal 0.69378 -0.720187 0
  outer loop
    vertex 10 50 -102.4094894024687
    vertex -0.3733899268772232 40.00697343331328 -110.6316963929525
    vertex 10 50 -118.3088115880067
  endloop
endfacet
facet normal 0.69378 -0.720187 0
  outer loop
    vertex 10 50 -70.6108450313928
    vertex -0.3733899268772676 40.00697343331328 -78.83305202187665
    vertex 10 50 -86.51016721693074
  endloop
endfacet
facet normal 0.722476 -0.691396 0
  outer loop
    vertex 10 50 -38.81220066031713
    vertex 0.4394352974439675 40.00965983465226 -45.50545746254818
    vertex 10 50 -54.71152284585487
  endloop
endfacet
facet normal 0.71847 -0.695355 -0.0167734
  outer loop
    vertex 10 50 -261.4027112578482
    vertex 0.5204332764950049 40.01355172222293 -253.4530501650792
    vertex 0.1317104882752722 40.00086742025698 -269.5777402282828
  endloop
endfacet
facet normal -0.688461 -0.725274 0
  outer loop
    vertex -10 50 -261.4027112578482
    vertex 0.5204332764950049 40.01355172222293 -253.4530501650792
    vertex -10 50 -245.5033890723103
  endloop
endfacet
facet normal -0.688461 -0.725274 0
  outer loop
    vertex -10 50 -229.6040668867724
    vertex 0.5204332764949783 40.01355172222293 -221.6544057940033
    vertex -10 50 -213.7047447012344
  endloop
endfacet
facet normal -0.688461 -0.725274 0
  outer loop
    vertex -10 50 -197.8054225156965
    vertex 0.5204332764949783 40.01355172222293 -189.8557614229274
    vertex -10 50 -181.9061003301586
  endloop
endfacet
facet normal -0.688461 -0.725274 0
  outer loop
    vertex -10 50 -166.0067781446206
    vertex 0.520433276494996 40.01355172222293 -158.0571170518515
    vertex -10 50 -150.1074559590827
  endloop
endfacet
facet normal -0.688461 -0.725274 0
  outer loop
    vertex -10 50 -134.2081337735447
    vertex 0.5204332764949872 40.01355172222293 -126.2584726807756
    vertex -10 50 -118.3088115880068
  endloop
endfacet
facet normal -0.688461 -0.725274 0
  outer loop
    vertex -10 50 -102.4094894024689
    vertex 0.5204332764949783 40.01355172222293 -94.45982830969973
    vertex -10 50 -86.51016721693097
  endloop
endfacet
facet normal -0.688461 -0.725274 0
  outer loop
    vertex -10 50 -70.61084503139303
    vertex 0.5204332764951113 40.01355172222293 -62.66118393862384
    vertex -10 50 -54.71152284585509
  endloop
endfacet
facet normal 0.709077 -0.704057 -0.0389045
  outer loop
    vertex 10 50 -229.6040668867723
    vertex 0.5204332764949783 40.01355172222293 -221.6544057940033
    vertex -0.3733899268771611 40.00697343331328 -237.826273877256
  endloop
endfacet
facet normal 0.709077 -0.704057 -0.0389045
  outer loop
    vertex 10 50 -197.8054225156964
    vertex 0.5204332764949783 40.01355172222293 -189.8557614229274
    vertex -0.3733899268771789 40.00697343331328 -206.0276295061801
  endloop
endfacet
facet normal 0.709077 -0.704057 -0.0389045
  outer loop
    vertex 10 50 -166.0067781446205
    vertex 0.520433276494996 40.01355172222293 -158.0571170518515
    vertex -0.3733899268772143 40.00697343331328 -174.2289851351042
  endloop
endfacet
facet normal 0.709077 -0.704057 -0.0389045
  outer loop
    vertex 10 50 -134.2081337735446
    vertex 0.5204332764949872 40.01355172222293 -126.2584726807756
    vertex -0.3733899268772498 40.00697343331328 -142.4303407640284
  endloop
endfacet
facet normal 0.709077 -0.704057 -0.0389045
  outer loop
    vertex 10 50 -102.4094894024687
    vertex 0.5204332764949783 40.01355172222293 -94.45982830969973
    vertex -0.3733899268772232 40.00697343331328 -110.6316963929525
  endloop
endfacet
facet normal 0.709077 -0.704057 -0.0389045
  outer loop
    vertex 10 50 -70.6108450313928
    vertex 0.5204332764951113 40.01355172222293 -62.66118393862384
    vertex -0.3733899268772676 40.00697343331328 -78.83305202187665
  endloop
endfacet
facet normal -0.695213 -0.718595 0.017325
  outer loop
    vertex 0.1317104882752722 40.00086742025698 -269.5777402282828
    vertex 0.5204332764950049 40.01355172222293 -253.4530501650792
    vertex -10 50 -261.4027112578482
  endloop
endfacet
facet normal -0.70334 -0.709774 0.0391625
  outer loop
    vertex -0.3733899268771611 40.00697343331328 -237.826273877256
    vertex 0.5204332764949783 40.01355172222293 -221.6544057940033
    vertex -10 50 -229.6040668867724
  endloop
endfacet
facet normal -0.70334 -0.709774 0.0391625
  outer loop
    vertex -0.3733899268771789 40.00697343331328 -206.0276295061801
    vertex 0.5204332764949783 40.01355172222293 -189.8557614229274
    vertex -10 50 -197.8054225156965
  endloop
endfacet
facet normal -0.70334 -0.709774 0.0391625
  outer loop
    vertex -0.3733899268772143 40.00697343331328 -174.2289851351042
    vertex 0.520433276494996 40.01355172222293 -158.0571170518515
    vertex -10 50 -166.0067781446206
  endloop
endfacet
facet normal -0.70334 -0.709774 0.0391625
  outer loop
    vertex -0.3733899268772498 40.00697343331328 -142.4303407640284
    vertex 0.5204332764949872 40.01355172222293 -126.2584726807756
    vertex -10 50 -134.2081337735447
  endloop
endfacet
facet normal -0.70334 -0.709774 0.0391625
  outer loop
    vertex -0.3733899268772232 40.00697343331328 -110.6316963929525
    vertex 0.5204332764949783 40.01355172222293 -94.45982830969973
    vertex -10 50 -102.4094894024689
  endloop
endfacet
facet normal -0.70334 -0.709774 0.0391625
  outer loop
    vertex -0.3733899268772676 40.00697343331328 -78.83305202187665
    vertex 0.5204332764951113 40.01355172222293 -62.66118393862384
    vertex -10 50 -70.61084503139303
  endloop
endfacet
facet normal 0.706914 -0.707192 -0.0123339
  outer loop
    vertex 10 50 -277.3020334433861
    vertex 0.1317104882752722 40.00086742025698 -269.5777402282828
    vertex -0.1436589803264589 40.0010319483773 -285.3699286457471
  endloop
endfacet
facet normal -0.707125 -0.706981 0.0123228
  outer loop
    vertex -0.1436589803264589 40.0010319483773 -285.3699286457471
    vertex 0.1317104882752722 40.00086742025698 -269.5777402282828
    vertex -10 50 -277.3020334433862
  endloop
endfacet
facet normal 0.708501 -0.704563 0.0402283
  outer loop
    vertex 10 50 -245.5033890723103
    vertex -0.3733899268771611 40.00697343331328 -237.826273877256
    vertex 0.5204332764950049 40.01355172222293 -253.4530501650792
  endloop
endfacet
facet normal 0.708501 -0.704563 0.0402283
  outer loop
    vertex 10 50 -213.7047447012343
    vertex -0.3733899268771789 40.00697343331328 -206.0276295061801
    vertex 0.5204332764949783 40.01355172222293 -221.6544057940033
  endloop
endfacet
facet normal 0.708501 -0.704563 0.0402283
  outer loop
    vertex 10 50 -181.9061003301584
    vertex -0.3733899268772143 40.00697343331328 -174.2289851351042
    vertex 0.5204332764949783 40.01355172222293 -189.8557614229274
  endloop
endfacet
facet normal 0.708501 -0.704563 0.0402283
  outer loop
    vertex 10 50 -150.1074559590825
    vertex -0.3733899268772498 40.00697343331328 -142.4303407640284
    vertex 0.520433276494996 40.01355172222293 -158.0571170518515
  endloop
endfacet
facet normal 0.708501 -0.704563 0.0402283
  outer loop
    vertex 10 50 -118.3088115880067
    vertex -0.3733899268772232 40.00697343331328 -110.6316963929525
    vertex 0.5204332764949872 40.01355172222293 -126.2584726807756
  endloop
endfacet
facet normal 0.708501 -0.704563 0.0402283
  outer loop
    vertex 10 50 -86.51016721693074
    vertex -0.3733899268772676 40.00697343331328 -78.83305202187665
    vertex 0.5204332764949783 40.01355172222293 -94.45982830969973
  endloop
endfacet
facet normal 0.723972 -0.689822 0.00326163
  outer loop
    vertex 10 50 -54.71152284585487
    vertex 0.4394352974439675 40.00965983465226 -45.50545746254818
    vertex 0.5204332764951113 40.01355172222293 -62.66118393862384
  endloop
endfacet
facet normal 0.702009 -0.712168 0
  outer loop
    vertex 10 50 -277.3020334433861
    vertex -0.1436589803264589 40.0010319483773 -285.3699286457471
    vertex 10 50 -293.2013556289241
  endloop
endfacet
facet normal -0.703845 -0.709195 -0.0405572
  outer loop
    vertex 0.5204332764950049 40.01355172222293 -253.4530501650792
    vertex -0.3733899268771611 40.00697343331328 -237.826273877256
    vertex -10 50 -245.5033890723103
  endloop
endfacet
facet normal -0.703845 -0.709195 -0.0405572
  outer loop
    vertex 0.5204332764949783 40.01355172222293 -221.6544057940033
    vertex -0.3733899268771789 40.00697343331328 -206.0276295061801
    vertex -10 50 -213.7047447012344
  endloop
endfacet
facet normal -0.703845 -0.709195 -0.0405572
  outer loop
    vertex 0.5204332764949783 40.01355172222293 -189.8557614229274
    vertex -0.3733899268772143 40.00697343331328 -174.2289851351042
    vertex -10 50 -181.9061003301586
  endloop
endfacet
facet normal -0.703845 -0.709195 -0.0405572
  outer loop
    vertex 0.520433276494996 40.01355172222293 -158.0571170518515
    vertex -0.3733899268772498 40.00697343331328 -142.4303407640284
    vertex -10 50 -150.1074559590827
  endloop
endfacet
facet normal -0.703845 -0.709195 -0.0405572
  outer loop
    vertex 0.5204332764949872 40.01355172222293 -126.2584726807756
    vertex -0.3733899268772232 40.00697343331328 -110.6316963929525
    vertex -10 50 -118.3088115880068
  endloop
endfacet
facet normal -0.703845 -0.709195 -0.0405572
  outer loop
    vertex 0.5204332764949783 40.01355172222293 -94.45982830969973
    vertex -0.3733899268772676 40.00697343331328 -78.83305202187665
    vertex -10 50 -86.51016721693097
  endloop
endfacet
facet normal -0.689815 -0.723977 -0.00342109
  outer loop
    vertex 0.5204332764951113 40.01355172222293 -62.66118393862384
    vertex 0.4394352974439675 40.00965983465226 -45.50545746254818
    vertex -10 50 -54.71152284585509
  endloop
endfacet
facet normal -0.716089 -0.698009 0
  outer loop
    vertex -10 50 -309.1006778144621
    vertex -0.2556818195831144 40.00326919402475 -302.6477566225766
    vertex -10 50 -293.2013556289241
  endloop
endfacet
facet normal 0.725274 -0.688461 0
  outer loop
    vertex 10 50 -245.5033890723103
    vertex 0.5204332764950049 40.01355172222293 -253.4530501650792
    vertex 10 50 -261.4027112578482
  endloop
endfacet
facet normal 0.725274 -0.688461 0
  outer loop
    vertex 10 50 -213.7047447012343
    vertex 0.5204332764949783 40.01355172222293 -221.6544057940033
    vertex 10 50 -229.6040668867723
  endloop
endfacet
facet normal 0.725274 -0.688461 0
  outer loop
    vertex 10 50 -181.9061003301584
    vertex 0.5204332764949783 40.01355172222293 -189.8557614229274
    vertex 10 50 -197.8054225156964
  endloop
endfacet
facet normal 0.725274 -0.688461 0
  outer loop
    vertex 10 50 -150.1074559590825
    vertex 0.520433276494996 40.01355172222293 -158.0571170518515
    vertex 10 50 -166.0067781446205
  endloop
endfacet
facet normal 0.725274 -0.688461 0
  outer loop
    vertex 10 50 -118.3088115880067
    vertex 0.5204332764949872 40.01355172222293 -126.2584726807756
    vertex 10 50 -134.2081337735446
  endloop
endfacet
facet normal 0.725274 -0.688461 0
  outer loop
    vertex 10 50 -86.51016721693074
    vertex 0.5204332764949783 40.01355172222293 -94.45982830969973
    vertex 10 50 -102.4094894024687
  endloop
endfacet
facet normal 0.725274 -0.688461 0
  outer loop
    vertex 10 50 -54.71152284585487
    vertex 0.5204332764951113 40.01355172222293 -62.66118393862384
    vertex 10 50 -70.6108450313928
  endloop
endfacet
facet normal -0.702435 -0.711748 0
  outer loop
    vertex -10 50 -277.3020334433862
    vertex 0.1317104882752722 40.00086742025698 -269.5777402282828
    vertex -10 50 -261.4027112578482
  endloop
endfacet
facet normal -0.720187 -0.69378 0
  outer loop
    vertex -10 50 -245.5033890723103
    vertex -0.3733899268771611 40.00697343331328 -237.826273877256
    vertex -10 50 -229.6040668867724
  endloop
endfacet
facet normal -0.720187 -0.69378 0
  outer loop
    vertex -10 50 -213.7047447012344
    vertex -0.3733899268771789 40.00697343331328 -206.0276295061801
    vertex -10 50 -197.8054225156965
  endloop
endfacet
facet normal -0.720187 -0.69378 0
  outer loop
    vertex -10 50 -181.9061003301586
    vertex -0.3733899268772143 40.00697343331328 -174.2289851351042
    vertex -10 50 -166.0067781446206
  endloop
endfacet
facet normal -0.720187 -0.69378 0
  outer loop
    vertex -10 50 -150.1074559590827
    vertex -0.3733899268772498 40.00697343331328 -142.4303407640284
    vertex -10 50 -134.2081337735447
  endloop
endfacet
facet normal -0.720187 -0.69378 0
  outer loop
    vertex -10 50 -118.3088115880068
    vertex -0.3733899268772232 40.00697343331328 -110.6316963929525
    vertex -10 50 -102.4094894024689
  endloop
endfacet
facet normal -0.720187 -0.69378 0
  outer loop
    vertex -10 50 -86.51016721693097
    vertex -0.3733899268772676 40.00697343331328 -78.83305202187665
    vertex -10 50 -70.61084503139303
  endloop
endfacet
facet normal -0.691396 -0.722476 0
  outer loop
    vertex -10 50 -54.71152284585509
    vertex 0.4394352974439675 40.00965983465226 -45.50545746254818
    vertex -10 50 -38.81220066031715
  endloop
endfacet
facet normal 1.4047e-15 -0.988469 -0.151426
  outer loop
    vertex 5.00000000000001 41.33974596215562 -325
    vertex 0.7110029111898465 40.02530828244404 -316.4197287327567
    vertex -4.999999999999984 41.3397459621556 -325
  endloop
endfacet
facet normal -0.853986 -0.493049 -0.166162
  outer loop
    vertex -4.999999999999984 41.3397459621556 -325
    vertex -8.629221610965278 44.94663138205317 -317.050338907231
    vertex -10 50 -325
  endloop
endfacet
facet normal 0.367377 -0.923881 0.107138
  outer loop
    vertex -3.41074011481896e-14 40 -25
    vertex 4.625861197684631 41.13425647902243 -31.08112894123502
    vertex 7.073226914887613 42.93109196073155 -23.97852082320508
  endloop
endfacet
facet normal 0.853638 -0.492848 -0.168529
  outer loop
    vertex 10 50 -325
    vertex 8.660254037844389 45 -317.1640449052607
    vertex 5.00000000000001 41.33974596215562 -325
  endloop
endfacet
facet normal -0.367377 -0.923881 0.107138
  outer loop
    vertex -7.07322691488764 42.93109196073158 -23.9785208232051
    vertex -4.62586119768551 41.13425647902289 -31.08112894124045
    vertex -3.41074011481896e-14 40 -25
  endloop
endfacet
facet normal 5.85226e-14 -0.983046 -0.183358
  outer loop
    vertex -3.41074011481896e-14 40 -25
    vertex -4.62586119768551 41.13425647902289 -31.08112894124045
    vertex 4.625861197684631 41.13425647902243 -31.08112894123502
  endloop
endfacet
facet normal 0.534656 -0.833464 0.139576
  outer loop
    vertex 5.00000000000001 41.33974596215562 -325
    vertex 8.660254037844389 45 -317.1640449052607
    vertex 0.7110029111898465 40.02530828244404 -316.4197287327567
  endloop
endfacet
facet normal -0.468053 -0.86539 0.178963
  outer loop
    vertex 0.7110029111898465 40.02530828244404 -316.4197287327567
    vertex -8.629221610965278 44.94663138205317 -317.050338907231
    vertex -4.999999999999984 41.3397459621556 -325
  endloop
endfacet
facet normal 0.911398 -0.343093 -0.227247
  outer loop
    vertex 7.073226914887613 42.93109196073155 -23.97852082320508
    vertex 4.625861197684631 41.13425647902243 -31.08112894123502
    vertex 10 50 -22.9128784747792
  endloop
endfacet
facet normal 0.855157 -0.51837 0
  outer loop
    vertex 10 50 -22.9128784747792
    vertex 4.625861197684631 41.13425647902243 -31.08112894123502
    vertex 10 50 -38.81220066031713
  endloop
endfacet
facet normal -0.794243 0.594287 -0.126495
  outer loop
    vertex -7.073226914887603 57.06890803926849 -23.97852082320507
    vertex -4.130219002779176 59.10721093359992 -32.88106910628636
    vertex -10 50 -38.81220066031715
  endloop
endfacet
facet normal -0.965926 0.258819 0
  outer loop
    vertex -10 50 -309.1006778144621
    vertex -8.660254037844389 54.99999999999999 -317.1640449052605
    vertex -10 50 -325
  endloop
endfacet
facet normal 0.965926 0.258819 -0
  outer loop
    vertex 10 50 -325
    vertex 8.660254037844384 55.00000000000001 -317.1640449052606
    vertex 10 50 -309.1006778144621
  endloop
endfacet
facet normal 0.47278 0.880671 -0.0299751
  outer loop
    vertex 0.2730989230426975 59.99627015332383 -302.6589821736046
    vertex 8.660254037844384 55.00000000000001 -317.1640449052606
    vertex -0.5764753906416351 59.98336997831817 -316.4378421505332
  endloop
endfacet
facet normal 0.0125527 0.997273 0.0727227
  outer loop
    vertex -0.3905676639185911 59.99236993409978 -45.66509244891625
    vertex -4.130219002779176 59.10721093359992 -32.88106910628636
    vertex 4.625861197684698 58.86574352097753 -31.08112894123565
  endloop
endfacet
facet normal -0.710502 0.702371 0.0431504
  outer loop
    vertex -10 50 -309.1006778144621
    vertex 0.2730989230426975 59.99627015332383 -302.6589821736046
    vertex -0.5764753906416351 59.98336997831817 -316.4378421505332
  endloop
endfacet
facet normal 0.768509 0.59309 0.240079
  outer loop
    vertex 10 50 -309.1006778144621
    vertex 8.660254037844384 55.00000000000001 -317.1640449052606
    vertex 0.2730989230426975 59.99627015332383 -302.6589821736046
  endloop
endfacet
facet normal 0.745733 0.633074 -0.207603
  outer loop
    vertex -0.3905676639185911 59.99236993409978 -45.66509244891625
    vertex 4.625861197684698 58.86574352097753 -31.08112894123565
    vertex 10 50 -38.81220066031713
  endloop
endfacet
facet normal -0.697384 0.716697 0
  outer loop
    vertex -10 50 -293.2013556289241
    vertex 0.2730989230426975 59.99627015332383 -302.6589821736046
    vertex -10 50 -309.1006778144621
  endloop
endfacet
facet normal -0.699878 0.714242 -0.00530373
  outer loop
    vertex -10 50 -293.2013556289241
    vertex 0.1448232994760245 59.9989512556032 -285.3707290832389
    vertex 0.2730989230426975 59.99627015332383 -302.6589821736046
  endloop
endfacet
facet normal -0.508133 0.767242 0.391331
  outer loop
    vertex -0.5764753906416351 59.98336997831817 -316.4378421505332
    vertex -8.660254037844389 54.99999999999999 -317.1640449052605
    vertex -10 50 -309.1006778144621
  endloop
endfacet
facet normal 0.714228 0.699893 0.0051909
  outer loop
    vertex 0.2730989230426975 59.99627015332383 -302.6589821736046
    vertex 0.1448232994760245 59.9989512556032 -285.3707290832389
    vertex 10 50 -293.2013556289241
  endloop
endfacet
facet normal -0.711745 0.702437 0
  outer loop
    vertex -10 50 -261.4027112578482
    vertex -0.1316328508632364 59.99913360209641 -269.5777909279269
    vertex -10 50 -277.3020334433862
  endloop
endfacet
facet normal 0.712209 0.701968 -0
  outer loop
    vertex 10 50 -293.2013556289241
    vertex 0.1448232994760245 59.9989512556032 -285.3707290832389
    vertex 10 50 -277.3020334433861
  endloop
endfacet
facet normal -0.69378 0.720187 0
  outer loop
    vertex -10 50 -229.6040668867724
    vertex 0.3733899268765503 59.99302656668675 -237.8262738772569
    vertex -10 50 -245.5033890723103
  endloop
endfacet
facet normal -0.69378 0.720187 0
  outer loop
    vertex -10 50 -197.8054225156965
    vertex 0.3733899268764949 59.99302656668675 -206.027629506181
    vertex -10 50 -213.7047447012344
  endloop
endfacet
facet normal -0.69378 0.720187 0
  outer loop
    vertex -10 50 -166.0067781446206
    vertex 0.3733899268765193 59.99302656668675 -174.2289851351051
    vertex -10 50 -181.9061003301586
  endloop
endfacet
facet normal -0.69378 0.720187 0
  outer loop
    vertex -10 50 -134.2081337735447
    vertex 0.3733899268764727 59.99302656668675 -142.4303407640292
    vertex -10 50 -150.1074559590827
  endloop
endfacet
facet normal -0.69378 0.720187 0
  outer loop
    vertex -10 50 -102.4094894024689
    vertex 0.3733899268764838 59.99302656668675 -110.6316963929533
    vertex -10 50 -118.3088115880068
  endloop
endfacet
facet normal -0.69378 0.720187 0
  outer loop
    vertex -10 50 -70.61084503139303
    vertex 0.373389926876435 59.99302656668675 -78.83305202187742
    vertex -10 50 -86.51016721693097
  endloop
endfacet
facet normal -0.720783 0.693161 0
  outer loop
    vertex -10 50 -38.81220066031715
    vertex -0.3905676639185911 59.99236993409978 -45.66509244891625
    vertex -10 50 -54.71152284585509
  endloop
endfacet
facet normal -0.718469 0.695357 -0.0167767
  outer loop
    vertex -10 50 -261.4027112578482
    vertex -0.5204332765148648 59.98644827777603 -253.4530501650793
    vertex -0.1316328508632364 59.99913360209641 -269.5777909279269
  endloop
endfacet
facet normal 0.688461 0.725274 -0
  outer loop
    vertex 10 50 -261.4027112578482
    vertex -0.5204332765148648 59.98644827777603 -253.4530501650793
    vertex 10 50 -245.5033890723103
  endloop
endfacet
facet normal 0.688461 0.725274 -0
  outer loop
    vertex 10 50 -229.6040668867723
    vertex -0.5204332765148626 59.98644827777603 -221.6544057940034
    vertex 10 50 -213.7047447012343
  endloop
endfacet
facet normal 0.688461 0.725274 -0
  outer loop
    vertex 10 50 -197.8054225156964
    vertex -0.5204332765148648 59.98644827777603 -189.8557614229275
    vertex 10 50 -181.9061003301584
  endloop
endfacet
facet normal 0.688461 0.725274 -0
  outer loop
    vertex 10 50 -166.0067781446205
    vertex -0.5204332765148648 59.98644827777603 -158.0571170518517
    vertex 10 50 -150.1074559590825
  endloop
endfacet
facet normal 0.688461 0.725274 -0
  outer loop
    vertex 10 50 -134.2081337735446
    vertex -0.520433276514867 59.98644827777603 -126.2584726807758
    vertex 10 50 -118.3088115880067
  endloop
endfacet
facet normal 0.688461 0.725274 -0
  outer loop
    vertex 10 50 -102.4094894024687
    vertex -0.5204332765148693 59.98644827777603 -94.45982830969993
    vertex 10 50 -86.51016721693074
  endloop
endfacet
facet normal 0.688461 0.725274 -0
  outer loop
    vertex 10 50 -70.6108450313928
    vertex -0.5204332765148448 59.98644827777604 -62.66118393862405
    vertex 10 50 -54.71152284585487
  endloop
endfacet
facet normal -0.709077 0.704057 -0.0389045
  outer loop
    vertex -10 50 -229.6040668867724
    vertex -0.5204332765148626 59.98644827777603 -221.6544057940034
    vertex 0.3733899268765503 59.99302656668675 -237.8262738772569
  endloop
endfacet
facet normal -0.709077 0.704057 -0.0389045
  outer loop
    vertex -10 50 -197.8054225156965
    vertex -0.5204332765148648 59.98644827777603 -189.8557614229275
    vertex 0.3733899268764949 59.99302656668675 -206.027629506181
  endloop
endfacet
facet normal -0.709077 0.704057 -0.0389045
  outer loop
    vertex -10 50 -166.0067781446206
    vertex -0.5204332765148648 59.98644827777603 -158.0571170518517
    vertex 0.3733899268765193 59.99302656668675 -174.2289851351051
  endloop
endfacet
facet normal -0.709077 0.704057 -0.0389045
  outer loop
    vertex -10 50 -134.2081337735447
    vertex -0.520433276514867 59.98644827777603 -126.2584726807758
    vertex 0.3733899268764727 59.99302656668675 -142.4303407640292
  endloop
endfacet
facet normal -0.709077 0.704057 -0.0389045
  outer loop
    vertex -10 50 -102.4094894024689
    vertex -0.5204332765148693 59.98644827777603 -94.45982830969993
    vertex 0.3733899268764838 59.99302656668675 -110.6316963929533
  endloop
endfacet
facet normal -0.709077 0.704057 -0.0389045
  outer loop
    vertex -10 50 -70.61084503139303
    vertex -0.5204332765148448 59.98644827777604 -62.66118393862405
    vertex 0.373389926876435 59.99302656668675 -78.83305202187742
  endloop
endfacet
facet normal 0.695214 0.718594 0.0173284
  outer loop
    vertex -0.1316328508632364 59.99913360209641 -269.5777909279269
    vertex -0.5204332765148648 59.98644827777603 -253.4530501650793
    vertex 10 50 -261.4027112578482
  endloop
endfacet
facet normal -0.768171 0.613769 -0.182212
  outer loop
    vertex -10 50 -38.81220066031715
    vertex -4.130219002779176 59.10721093359992 -32.88106910628636
    vertex -0.3905676639185911 59.99236993409978 -45.66509244891625
  endloop
endfacet
facet normal 0.70334 0.709774 0.0391625
  outer loop
    vertex 0.3733899268765503 59.99302656668675 -237.8262738772569
    vertex -0.5204332765148626 59.98644827777603 -221.6544057940034
    vertex 10 50 -229.6040668867723
  endloop
endfacet
facet normal 0.70334 0.709774 0.0391625
  outer loop
    vertex 0.3733899268764949 59.99302656668675 -206.027629506181
    vertex -0.5204332765148648 59.98644827777603 -189.8557614229275
    vertex 10 50 -197.8054225156964
  endloop
endfacet
facet normal 0.70334 0.709774 0.0391625
  outer loop
    vertex 0.3733899268765193 59.99302656668675 -174.2289851351051
    vertex -0.5204332765148648 59.98644827777603 -158.0571170518517
    vertex 10 50 -166.0067781446205
  endloop
endfacet
facet normal 0.70334 0.709774 0.0391625
  outer loop
    vertex 0.3733899268764727 59.99302656668675 -142.4303407640292
    vertex -0.520433276514867 59.98644827777603 -126.2584726807758
    vertex 10 50 -134.2081337735446
  endloop
endfacet
facet normal 0.70334 0.709774 0.0391625
  outer loop
    vertex 0.3733899268764838 59.99302656668675 -110.6316963929533
    vertex -0.5204332765148693 59.98644827777603 -94.45982830969993
    vertex 10 50 -102.4094894024687
  endloop
endfacet
facet normal 0.70334 0.709774 0.0391625
  outer loop
    vertex 0.373389926876435 59.99302656668675 -78.83305202187742
    vertex -0.5204332765148448 59.98644827777604 -62.66118393862405
    vertex 10 50 -70.6108450313928
  endloop
endfacet
facet normal -0.706892 0.707213 -0.0123823
  outer loop
    vertex -10 50 -277.3020334433862
    vertex -0.1316328508632364 59.99913360209641 -269.5777909279269
    vertex 0.1448232994760245 59.9989512556032 -285.3707290832389
  endloop
endfacet
facet normal 0.707145 0.70696 0.0123705
  outer loop
    vertex 0.1448232994760245 59.9989512556032 -285.3707290832389
    vertex -0.1316328508632364 59.99913360209641 -269.5777909279269
    vertex 10 50 -277.3020334433861
  endloop
endfacet
facet normal -0.708501 0.704563 0.0402283
  outer loop
    vertex -10 50 -245.5033890723103
    vertex 0.3733899268765503 59.99302656668675 -237.8262738772569
    vertex -0.5204332765148648 59.98644827777603 -253.4530501650793
  endloop
endfacet
facet normal -0.708501 0.704563 0.0402283
  outer loop
    vertex -10 50 -213.7047447012344
    vertex 0.3733899268764949 59.99302656668675 -206.027629506181
    vertex -0.5204332765148626 59.98644827777603 -221.6544057940034
  endloop
endfacet
facet normal -0.708501 0.704563 0.0402283
  outer loop
    vertex -10 50 -181.9061003301586
    vertex 0.3733899268765193 59.99302656668675 -174.2289851351051
    vertex -0.5204332765148648 59.98644827777603 -189.8557614229275
  endloop
endfacet
facet normal -0.708501 0.704563 0.0402283
  outer loop
    vertex -10 50 -150.1074559590827
    vertex 0.3733899268764727 59.99302656668675 -142.4303407640292
    vertex -0.5204332765148648 59.98644827777603 -158.0571170518517
  endloop
endfacet
facet normal -0.708501 0.704563 0.0402283
  outer loop
    vertex -10 50 -118.3088115880068
    vertex 0.3733899268764838 59.99302656668675 -110.6316963929533
    vertex -0.520433276514867 59.98644827777603 -126.2584726807758
  endloop
endfacet
facet normal -0.708501 0.704563 0.0402283
  outer loop
    vertex -10 50 -86.51016721693097
    vertex 0.373389926876435 59.99302656668675 -78.83305202187742
    vertex -0.5204332765148693 59.98644827777603 -94.45982830969993
  endloop
endfacet
facet normal -0.723159 0.690661 0.00528496
  outer loop
    vertex -10 50 -54.71152284585509
    vertex -0.3905676639185911 59.99236993409978 -45.66509244891625
    vertex -0.5204332765148448 59.98644827777604 -62.66118393862405
  endloop
endfacet
facet normal -0.701968 0.712209 0
  outer loop
    vertex -10 50 -277.3020334433862
    vertex 0.1448232994760245 59.9989512556032 -285.3707290832389
    vertex -10 50 -293.2013556289241
  endloop
endfacet
facet normal 0.703845 0.709195 -0.0405572
  outer loop
    vertex -0.5204332765148648 59.98644827777603 -253.4530501650793
    vertex 0.3733899268765503 59.99302656668675 -237.8262738772569
    vertex 10 50 -245.5033890723103
  endloop
endfacet
facet normal 0.703845 0.709195 -0.0405572
  outer loop
    vertex -0.5204332765148626 59.98644827777603 -221.6544057940034
    vertex 0.3733899268764949 59.99302656668675 -206.027629506181
    vertex 10 50 -213.7047447012343
  endloop
endfacet
facet normal 0.703845 0.709195 -0.0405572
  outer loop
    vertex -0.5204332765148648 59.98644827777603 -189.8557614229275
    vertex 0.3733899268765193 59.99302656668675 -174.2289851351051
    vertex 10 50 -181.9061003301584
  endloop
endfacet
facet normal 0.703845 0.709195 -0.0405572
  outer loop
    vertex -0.5204332765148648 59.98644827777603 -158.0571170518517
    vertex 0.3733899268764727 59.99302656668675 -142.4303407640292
    vertex 10 50 -150.1074559590825
  endloop
endfacet
facet normal 0.703845 0.709195 -0.0405572
  outer loop
    vertex -0.520433276514867 59.98644827777603 -126.2584726807758
    vertex 0.3733899268764838 59.99302656668675 -110.6316963929533
    vertex 10 50 -118.3088115880067
  endloop
endfacet
facet normal 0.703845 0.709195 -0.0405572
  outer loop
    vertex -0.5204332765148693 59.98644827777603 -94.45982830969993
    vertex 0.373389926876435 59.99302656668675 -78.83305202187742
    vertex 10 50 -86.51016721693074
  endloop
endfacet
facet normal 0.690645 0.723173 -0.00552912
  outer loop
    vertex -0.5204332765148448 59.98644827777604 -62.66118393862405
    vertex -0.3905676639185911 59.99236993409978 -45.66509244891625
    vertex 10 50 -54.71152284585487
  endloop
endfacet
facet normal 0.716697 0.697384 -0
  outer loop
    vertex 10 50 -309.1006778144621
    vertex 0.2730989230426975 59.99627015332383 -302.6589821736046
    vertex 10 50 -293.2013556289241
  endloop
endfacet
facet normal -0.725274 0.688461 0
  outer loop
    vertex -10 50 -245.5033890723103
    vertex -0.5204332765148648 59.98644827777603 -253.4530501650793
    vertex -10 50 -261.4027112578482
  endloop
endfacet
facet normal -0.725274 0.688461 0
  outer loop
    vertex -10 50 -213.7047447012344
    vertex -0.5204332765148626 59.98644827777603 -221.6544057940034
    vertex -10 50 -229.6040668867724
  endloop
endfacet
facet normal -0.725274 0.688461 0
  outer loop
    vertex -10 50 -181.9061003301586
    vertex -0.5204332765148648 59.98644827777603 -189.8557614229275
    vertex -10 50 -197.8054225156965
  endloop
endfacet
facet normal -0.725274 0.688461 0
  outer loop
    vertex -10 50 -150.1074559590827
    vertex -0.5204332765148648 59.98644827777603 -158.0571170518517
    vertex -10 50 -166.0067781446206
  endloop
endfacet
facet normal -0.725274 0.688461 0
  outer loop
    vertex -10 50 -118.3088115880068
    vertex -0.520433276514867 59.98644827777603 -126.2584726807758
    vertex -10 50 -134.2081337735447
  endloop
endfacet
facet normal -0.725274 0.688461 0
  outer loop
    vertex -10 50 -86.51016721693097
    vertex -0.5204332765148693 59.98644827777603 -94.45982830969993
    vertex -10 50 -102.4094894024689
  endloop
endfacet
facet normal -0.725274 0.688461 0
  outer loop
    vertex -10 50 -54.71152284585509
    vertex -0.5204332765148448 59.98644827777604 -62.66118393862405
    vertex -10 50 -70.61084503139303
  endloop
endfacet
facet normal 0.702437 0.711745 -0
  outer loop
    vertex 10 50 -277.3020334433861
    vertex -0.1316328508632364 59.99913360209641 -269.5777909279269
    vertex 10 50 -261.4027112578482
  endloop
endfacet
facet normal 0.720187 0.69378 -0
  outer loop
    vertex 10 50 -245.5033890723103
    vertex 0.3733899268765503 59.99302656668675 -237.8262738772569
    vertex 10 50 -229.6040668867723
  endloop
endfacet
facet normal 0.720187 0.69378 -0
  outer loop
    vertex 10 50 -213.7047447012343
    vertex 0.3733899268764949 59.99302656668675 -206.027629506181
    vertex 10 50 -197.8054225156964
  endloop
endfacet
facet normal 0.720187 0.69378 -0
  outer loop
    vertex 10 50 -181.9061003301584
    vertex 0.3733899268765193 59.99302656668675 -174.2289851351051
    vertex 10 50 -166.0067781446205
  endloop
endfacet
facet normal 0.720187 0.69378 -0
  outer loop
    vertex 10 50 -150.1074559590825
    vertex 0.3733899268764727 59.99302656668675 -142.4303407640292
    vertex 10 50 -134.2081337735446
  endloop
endfacet
facet normal 0.720187 0.69378 -0
  outer loop
    vertex 10 50 -118.3088115880067
    vertex 0.3733899268764838 59.99302656668675 -110.6316963929533
    vertex 10 50 -102.4094894024687
  endloop
endfacet
facet normal 0.720187 0.69378 -0
  outer loop
    vertex 10 50 -86.51016721693074
    vertex 0.373389926876435 59.99302656668675 -78.83305202187742
    vertex 10 50 -70.6108450313928
  endloop
endfacet
facet normal 0.693161 0.720783 -0
  outer loop
    vertex 10 50 -54.71152284585487
    vertex -0.3905676639185911 59.99236993409978 -45.66509244891625
    vertex 10 50 -38.81220066031713
  endloop
endfacet
facet normal -0.370262 0.924625 0.0892984
  outer loop
    vertex 7.13915417668159e-14 60 -25
    vertex -4.130219002779176 59.10721093359992 -32.88106910628636
    vertex -7.073226914887603 57.06890803926849 -23.97852082320507
  endloop
endfacet
facet normal -7.02208e-16 0.98827 -0.152718
  outer loop
    vertex -5.000000000000012 58.66025403784438 -325
    vertex -0.5764753906416351 59.98336997831817 -316.4378421505332
    vertex 4.999999999999992 58.66025403784439 -325
  endloop
endfacet
facet normal 0.367377 0.923881 0.107138
  outer loop
    vertex 7.073226914887639 57.0689080392684 -23.97852082320511
    vertex 4.625861197684698 58.86574352097753 -31.08112894123565
    vertex 7.13915417668159e-14 60 -25
  endloop
endfacet
facet normal -0.853638 0.492848 -0.168529
  outer loop
    vertex -10 50 -325
    vertex -8.660254037844389 54.99999999999999 -317.1640449052605
    vertex -5.000000000000012 58.66025403784438 -325
  endloop
endfacet
facet normal 0.853638 0.492848 -0.168529
  outer loop
    vertex 4.999999999999992 58.66025403784439 -325
    vertex 8.660254037844384 55.00000000000001 -317.1640449052606
    vertex 10 50 -325
  endloop
endfacet
facet normal 0.0563403 0.988336 -0.141487
  outer loop
    vertex 4.625861197684698 58.86574352097753 -31.08112894123565
    vertex -4.130219002779176 59.10721093359992 -32.88106910628636
    vertex 7.13915417668159e-14 60 -25
  endloop
endfacet
facet normal -0.528639 0.836571 0.143838
  outer loop
    vertex -5.000000000000012 58.66025403784438 -325
    vertex -8.660254037844389 54.99999999999999 -317.1640449052605
    vertex -0.5764753906416351 59.98336997831817 -316.4378421505332
  endloop
endfacet
facet normal 0.478029 0.860029 0.178436
  outer loop
    vertex -0.5764753906416351 59.98336997831817 -316.4378421505332
    vertex 8.660254037844384 55.00000000000001 -317.1640449052606
    vertex 4.999999999999992 58.66025403784439 -325
  endloop
endfacet
facet normal 0.911398 0.343093 -0.227247
  outer loop
    vertex 10 50 -22.9128784747792
    vertex 4.625861197684698 58.86574352097753 -31.08112894123565
    vertex 7.073226914887639 57.0689080392684 -23.97852082320511
  endloop
endfacet
facet normal 0.855157 0.51837 -0
  outer loop
    vertex 10 50 -38.81220066031713
    vertex 4.625861197684698 58.86574352097753 -31.08112894123565
    vertex 10 50 -22.9128784747792
  endloop
endfacet
facet normal -0.923938 0.382542 0
  outer loop
    vertex -7.073226914887603 57.06890803926849 -23.97852082320507
    vertex -10 50 -38.81220066031715
    vertex -10 50 -22.9128784747792
  endloop
endfacet
endsolid Created by Gmsh
